pencere,donem,coin,dilim,n,f1,f4,f8,f24,f72,isabet24
1 gün,22-06→23,BTC,≤−2,503,-0.003951447232265769,-0.06101357633000912,0.06902210854213703,0.06972282868454568,-0.22132522066999788,53.677932405566594
1 gün,22-06→23,BTC,−2…−1,2082,-0.017255513198021297,-0.032278249725790104,-0.05086549665773286,-0.08168132158295344,-0.28753042788719313,49.66378482228626
1 gün,22-06→23,BTC,−1…0,4383,-0.01240292160191881,-0.023257120307790518,-0.026164961093982062,0.00860233032762438,-0.13669969457654316,48.893451973534106
1 gün,22-06→23,BTC,0…1,4464,0.007584718315950631,0.018156283734538498,0.004931085114765209,-0.024368436418007747,0.08904112156360228,50.873655913978496
1 gün,22-06→23,BTC,1…2,2001,0.023548529598373256,0.04325694257701862,0.0621691117689796,0.06722667707187868,0.29333068807653173,51.424287856071956
1 gün,22-06→23,BTC,2…3,345,0.01523107654850267,0.0931088058453254,0.08328382968689867,0.15790331185873868,0.5323941267517867,48.98550724637681
1 gün,22-06→23,BTC,≥3,91,0.06639615515756299,0.0010964003066381675,0.11779329753415471,0.18757573229997684,1.549554406117669,46.15384615384615
1 gün,2024+,BTC,≤−2,1035,0.0034266392994327538,0.005923822995765085,-0.08518518855574711,-0.14395139053513284,-0.1673748819782429,48.740310077519375
1 gün,2024+,BTC,−2…−1,4050,0.0011654376650674396,-0.0007537503647373975,-0.02028694434414329,-0.04533812367171083,-0.07371166006961138,52.241763685905376
1 gün,2024+,BTC,−1…0,7486,-0.00614013078426257,-0.0232528198242466,-0.029372182210843697,-0.024933957349591147,-0.10557083461669138,51.89890345012035
1 gün,2024+,BTC,0…1,7148,-0.0019582958844577424,0.003974134426007199,0.010061478812364301,0.043167533698269304,0.05987962367211123,51.90989226248776
1 gün,2024+,BTC,1…2,3564,0.006367603821853672,0.007926107988930176,0.05142987151905843,0.044524286058574856,0.2111544832676086,52.749719416386085
1 gün,2024+,BTC,2…3,816,0.03450392847118734,0.133066741313067,0.1568706304803893,0.12230386853358416,0.057444198067440604,52.69607843137255
1 gün,2024+,BTC,≥3,121,0.0069587063468013,0.047205201672629295,0.055548367302563205,-0.40461902663222976,0.2657096692637161,50.413223140495866
1 gün,22-06→23,ETH,≤−2,468,-0.037871656644968055,0.016751979462425275,-0.060348959625295115,-0.14202115185772266,-0.5268557832486407,50.21367521367522
1 gün,22-06→23,ETH,−2…−1,2176,-0.011638143257448625,-0.04353560436662631,-0.09766981506629914,-0.26222421314792416,-0.3813032301970285,46.875
1 gün,22-06→23,ETH,−1…0,4335,-0.020200221921697088,-0.04766292992395219,-0.026581945894796056,-0.032904905213448216,-0.18546421076456585,47.86620530565167
1 gün,22-06→23,ETH,0…1,4354,0.007117937064678093,0.011458306854238574,0.009264894776755522,0.08417776400173689,0.25045107686298984,50.11483693155719
1 gün,22-06→23,ETH,1…2,2118,0.03233817957804078,0.08548776762443318,0.09835256621367068,0.1401369596883216,0.25727437857997865,52.8328611898017
1 gün,22-06→23,ETH,2…3,372,0.08892887112637107,0.16229557204194464,0.2657643062881681,0.27723243211923776,0.3449547693365955,52.956989247311824
1 gün,22-06→23,ETH,≥3,46,-0.04236533296301502,0.04751820135193487,0.1845903718499863,0.2882178510393643,2.5342911401396573,58.69565217391305
1 gün,2024+,ETH,≤−2,998,-0.0006106001357919675,0.030287975149894456,-0.019192623142585,-0.0742868893976129,-0.44960629875427893,50.401606425702816
1 gün,2024+,ETH,−2…−1,3984,-0.02501447605892939,-0.03391652268253443,-0.031551892840590116,0.01210169120020861,0.04025681940142871,51.27107978857287
1 gün,2024+,ETH,−1…0,7356,-0.003946805148706998,-0.02549767485064222,-0.04807566323695323,-0.020113725908264792,-0.19897412005693,51.4433551198257
1 gün,2024+,ETH,0…1,7392,0.012727292614704396,0.032642443644847606,0.04100100189530594,0.029022427502471932,0.10264966173041487,51.636904761904766
1 gün,2024+,ETH,1…2,3615,-0.005920229840849556,-0.020355825489281935,0.01415984235057771,-0.04054646194456009,0.1470807127612046,52.00553250345782
1 gün,2024+,ETH,2…3,771,0.085997961912343,0.14307078234092874,0.14168616746232632,0.13754200234097563,0.5772427306480434,50.583657587548636
1 gün,2024+,ETH,≥3,104,-0.09338611366023154,0.1374845176462921,0.3329586599595984,-0.0036373288623972404,0.13098758289733387,50.0
1 gün,22-06→23,ADA,≤−2,364,0.006026816825847128,0.02017904937712498,-0.019371473620137657,-0.20314257973768163,-0.6166242449989303,45.32967032967033
1 gün,22-06→23,ADA,−2…−1,1873,-0.006962127380702161,-0.07028070849509116,-0.09994323636108118,-0.16813212150275464,-0.2124583502909452,45.48852108916177
1 gün,22-06→23,ADA,−1…0,4758,-0.009615059412287116,-0.017185585214407096,-0.0010446898327813696,0.025530763570539433,0.06259785628174173,49.32744850777638
1 gün,22-06→23,ADA,0…1,4631,-0.0001799439077149182,0.02685974899185902,0.0025573989861473177,-0.0007749334977070641,0.05847351766646715,49.23342690563593
1 gün,22-06→23,ADA,1…2,1889,0.019797747116827025,0.035866263908902234,0.09486048967052502,0.0626363930846116,-0.07836962280524465,47.856008470089996
1 gün,22-06→23,ADA,2…3,310,0.03348825545574724,-0.049504234642209176,-0.050961526491183004,0.43735600786553896,0.5176565108091433,52.58064516129032
1 gün,22-06→23,ADA,≥3,42,0.22973268297068528,0.6968345267154916,0.5709244249096513,0.4063856567447973,0.9838322357353586,57.14285714285714
1 gün,2024+,ADA,≤−2,695,0.028905656135526495,-0.02948522742804437,-0.0618012375432925,0.20090778528681713,-0.017390630771610655,48.05194805194805
1 gün,2024+,ADA,−2…−1,3221,-0.0003908319279045757,-0.03772427893049696,-0.04166284070331936,0.008908858783799139,-0.27624914861139976,45.39227895392279
1 gün,2024+,ADA,−1…0,8261,-0.0034670138174515293,-0.014348570286106291,-0.03571594510122028,-0.026379412410198172,-0.01708351356637923,46.61982069299733
1 gün,2024+,ADA,0…1,8280,-0.005107875598611976,0.007397648709324508,0.023547450611345756,0.014151415621837601,-0.003973471704972801,47.311178247734134
1 gün,2024+,ADA,1…2,3127,0.016559162405298426,0.05512859858730927,0.09530465227061401,-0.00561286552137391,0.27695928427648536,47.18490083173384
1 gün,2024+,ADA,2…3,549,0.005740786494387105,0.0092511670680796,-0.13166650308631772,-0.16716424787291168,0.14984500176636176,44.70802919708029
1 gün,2024+,ADA,≥3,87,-0.032629409769194546,0.2501781458961245,0.5904734125379937,0.4820710528725739,1.455758556404328,52.87356321839081
1 gün,22-06→23,APT,≤−2,259,-0.12972212137317646,-0.013803405649812564,-0.0003234706773659634,-0.3872046977351759,0.13574632216198593,44.78764478764479
1 gün,22-06→23,APT,−2…−1,1301,0.0020961327019635686,-0.000959566872902538,-0.07042459390892428,-0.2514780507063424,-0.4053154538400527,46.272098385857035
1 gün,22-06→23,APT,−1…0,3616,-0.0013502706422324697,-0.032888699698730775,0.013191691679192584,0.01643665354488133,0.09022740609910732,47.95353982300885
1 gün,22-06→23,APT,0…1,3715,0.005177442939403565,-0.005028941999015194,0.010212165271930541,0.1473671605508483,0.08122643983311702,48.77523553162853
1 gün,22-06→23,APT,1…2,1256,0.02929262728293087,0.08973897829931297,0.0011851722946734167,-0.16263400209724208,-0.1873392828876398,46.57643312101911
1 gün,22-06→23,APT,2…3,211,-0.09140530118853062,0.13951207353964837,0.08837664450779528,0.22183839028005262,0.6736783632468197,47.39336492890995
1 gün,22-06→23,APT,≥3,26,-0.03791086168287445,0.010858920811413306,-0.5411239965187845,-0.8455605268186724,-1.6426696833327648,46.15384615384615
1 gün,2024+,APT,≤−2,548,0.008372189283779884,0.03427283331858359,0.13079442845132105,0.2941270131922056,0.07682954823758802,47.714808043875685
1 gün,2024+,APT,−2…−1,3309,0.04313710694935167,0.039515108850464595,0.0449948034588368,-0.06165554131630415,-0.0591179013848836,47.021469609918356
1 gün,2024+,APT,−1…0,8295,-0.02718134374622681,-0.03940974016888873,-0.06804097517867104,-0.037467308264850445,0.12835749770588478,47.51841565028378
1 gün,2024+,APT,0…1,8286,-0.00531933135023896,-0.012489762140750595,0.007315652860258716,-0.015704634430553165,-0.14780690716660075,47.78932109205122
1 gün,2024+,APT,1…2,3253,0.04705598123813247,0.08416741121007645,0.08720271891857476,0.15562709116458698,0.07324879673656741,48.847217952659086
1 gün,2024+,APT,2…3,471,-0.04976625162472749,0.017435798426521973,-0.00999669298786637,0.012345372361930958,0.1975529037095362,49.89384288747346
1 gün,2024+,APT,≥3,58,-0.12759771325999544,-0.020626466365307447,0.0682196246754958,-0.4964216459765923,-0.33728845680540714,37.93103448275862
1 gün,22-06→23,ARB,≤−2,197,0.0405406315841802,0.15545112764604896,-0.13508058018589122,-0.09155340642136224,-0.04355800180799148,48.73096446700508
1 gün,22-06→23,ARB,−2…−1,819,-0.047402003902456226,-0.10473457666849625,-0.11010131079563015,-0.02899582199504243,0.5170545499122285,46.52014652014652
1 gün,22-06→23,ARB,−1…0,2418,0.008378140107004713,-0.0008182897303800893,0.039794300615708274,0.09507723372618344,0.027417876683204397,49.669148056244836
1 gün,22-06→23,ARB,0…1,2336,-0.006432904878924665,-0.012960451641040956,-0.04799625884231834,-0.08515211035912176,-0.1189383932899711,48.45890410958904
1 gün,22-06→23,ARB,1…2,807,0.013759147934785254,0.06973500784351161,0.09428967215280872,-0.05097648880044482,-0.18742509744750102,51.6728624535316
1 gün,22-06→23,ARB,2…3,164,0.11281573138734839,0.15612578951867292,0.22237015937531865,0.2084996682568425,-0.074123678308779,50.0
1 gün,22-06→23,ARB,≥3,34,-0.11766919230700196,0.16256485105827148,0.5917652364778195,0.5219487881112285,-1.1745515362877692,55.88235294117647
1 gün,2024+,ARB,≤−2,657,-0.031145760526750995,0.04148866980621871,0.1282455180313758,-0.03963701795141736,-0.0848224828666859,45.88414634146341
1 gün,2024+,ARB,−2…−1,3025,-0.0032294613811813117,-0.027613894083463056,-0.06489852542607931,-0.08819682578728083,-0.35799359674769543,47.499171911228885
1 gün,2024+,ARB,−1…0,8484,0.002985765163300211,-0.00379097310852292,-0.0027616857566499153,0.055283916630994946,-0.003380578475575,47.65219443133554
1 gün,2024+,ARB,0…1,8442,0.0035269473880356855,0.013283559516084984,0.01131527819409292,-0.01671248557020739,0.06245707155755672,47.59928867812685
1 gün,2024+,ARB,1…2,2934,-0.019224864117659123,-0.03624266314851541,-0.04303517023506561,-0.07647224017766058,0.04747032477366918,47.32173319686114
1 gün,2024+,ARB,2…3,586,0.06143079608689306,0.1078925883416493,0.17688460521795543,0.1533338961227025,0.6260031439740166,48.634812286689424
1 gün,2024+,ARB,≥3,92,-0.04854602011726051,0.21006216306890096,0.6767402080849964,1.0754120878384323,1.4367605369985021,48.91304347826087
1 gün,2024+,BNB,≤−2,229,-0.03067902353117655,0.06946413835936299,0.08556385539737935,0.14090870422797455,0.03562579617248842,52.863436123348016
1 gün,2024+,BNB,−2…−1,1042,0.01382871086709497,0.04161882352273473,0.006061398511575936,-0.15116272610467482,-0.21373091178365036,48.792270531400966
1 gün,2024+,BNB,−1…0,2943,0.0047106039206743725,-0.001619390528829253,0.003921812714000777,-0.0005115487327435548,0.018467138093570916,50.85324232081911
1 gün,2024+,BNB,0…1,2939,-0.009818884113624178,-0.01614794057976468,-0.019559177220634275,0.012748853686891524,-0.0247587788893445,50.32345931222336
1 gün,2024+,BNB,1…2,971,0.005945607456140609,-0.008059304960749929,0.02085558842971495,0.054234314507059164,0.21633192060194598,49.58762886597938
1 gün,2024+,BNB,2…3,167,0.004964317489028635,0.061943683900181214,0.04289304533873471,0.28617631255289705,0.3411364775819876,52.09580838323353
1 gün,2024+,BNB,≥3,46,0.021035847136916013,-0.2044710528265234,-0.1565210841411588,-0.25817671958814786,-0.7657682521124307,45.65217391304348
1 gün,22-06→23,DOGE,≤−2,391,0.03957847204958841,0.11981530960310442,0.18732039602987463,-0.05710214037610199,-0.13286945236868844,49.87212276214834
1 gün,22-06→23,DOGE,−2…−1,1877,-0.01542795013908118,-0.03552160215870905,-0.04202777688239029,-0.15555842592230018,-0.3932602896097984,48.16196057538625
1 gün,22-06→23,DOGE,−1…0,4713,-0.01272789430149082,-0.030516599758178355,-0.01777926711540373,-0.008185995201247742,0.003120856142528909,49.62868661150011
1 gün,22-06→23,DOGE,0…1,4674,0.0033726437487135875,0.00524087569293049,-0.01964882990790866,0.032707860500108,0.018371993317177916,50.38510911424904
1 gün,22-06→23,DOGE,1…2,1836,0.029669080806565735,0.060128850687709755,0.06281030970416611,0.08444168744032422,0.22020030044385785,52.450980392156865
1 gün,22-06→23,DOGE,2…3,326,0.00246712930352355,0.081436521477054,0.15464683167374563,0.16614542565685494,0.9855932869901716,53.987730061349694
1 gün,22-06→23,DOGE,≥3,50,0.04858384574603717,0.044205340089317126,0.31083167045076615,-0.1836837831076256,-0.7213787092839898,44.0
1 gün,2024+,DOGE,≤−2,792,-0.025339562284243493,-0.1101326516501406,-0.047754735873389874,-0.13992163771892388,-0.0583686303207715,47.02907711757269
1 gün,2024+,DOGE,−2…−1,3156,-0.016387453618651612,-0.02863040876125283,-0.08252657040187375,-0.21645879122776301,-0.248199244421881,47.214262973575295
1 gün,2024+,DOGE,−1…0,8380,-0.01588358649908063,-0.008870434958018814,-0.009887147727813666,-0.016030034917904553,-0.17043179942531642,48.43526039178213
1 gün,2024+,DOGE,0…1,8191,0.007272222674652225,0.0035723319686214684,-0.019006237019829533,0.028422346475309203,0.1250801921433533,48.22954822954823
1 gün,2024+,DOGE,1…2,2983,0.030200051716105094,0.06565652170535097,0.12155905642996954,0.17964941538548446,0.33148570112899084,51.391216895742545
1 gün,2024+,DOGE,2…3,566,0.047443293547436836,-0.0701380678122623,0.11426455639139953,-0.059617309762859796,0.1609974708978815,50.17667844522968
1 gün,2024+,DOGE,≥3,152,0.1865360949124746,0.4369524602824114,0.71781696402643,1.2490046356109543,0.9986240287751222,57.89473684210527
1 gün,22-06→23,DOT,≤−2,342,-0.04758752676697232,-0.15978326294408265,-0.20235114926110592,-0.2582862811713615,-0.06650377059020297,44.44444444444444
1 gün,22-06→23,DOT,−2…−1,2026,-0.005169434407712008,-0.022907353478972402,-0.05164483191478262,-0.007593781493754294,-0.10398256430938574,48.07502467917078
1 gün,22-06→23,DOT,−1…0,4530,0.0013903333252042608,0.01509312146830723,0.021543950989581017,0.03592739052424216,-0.026009527027796516,48.87417218543047
1 gün,22-06→23,DOT,0…1,4705,-0.005250998918134953,0.01790543130524898,0.015978675714253526,0.018759647025977984,0.07588292744245771,49.60680127523911
1 gün,22-06→23,DOT,1…2,1952,0.012104437873220235,-0.02106158386538231,-0.001659899005702156,-0.10246607503849375,-0.1235232055423117,49.12909836065574
1 gün,22-06→23,DOT,2…3,288,0.07412557312869053,-0.049280343026126085,0.04414252934273591,0.2824285149895483,0.681361066142995,51.388888888888886
1 gün,22-06→23,DOT,≥3,24,0.007496684224580782,0.15600958455819253,-0.35042376263726294,-1.1925809461225674,1.6288441175513184,33.33333333333333
1 gün,2024+,DOT,≤−2,596,0.017950695257330167,0.02843999052771164,0.010510996000497095,-0.05949841868715566,0.08940058711387698,47.31543624161073
1 gün,2024+,DOT,−2…−1,3177,-0.022969477036776462,-0.04041768747265972,-0.06087638154485613,-0.10123548660701098,-0.2752152876791103,45.00157678965626
1 gün,2024+,DOT,−1…0,8575,-0.005292348531147602,-0.023978600858393987,-0.054233355030207896,0.07781397134300928,-0.056341810528095365,47.415100945267824
1 gün,2024+,DOT,0…1,8152,0.004895921575595086,0.023243537093636597,0.034710424645076135,-0.0521240080581829,0.1421658117990664,46.53076261819968
1 gün,2024+,DOT,1…2,3060,0.004965612914917157,-0.008888971794306942,0.06982072289194012,0.009665055510957364,0.012559324079674172,48.15178279358849
1 gün,2024+,DOT,2…3,577,0.05681782698539841,0.1608135391929642,0.1882767960991124,0.058881537878571616,0.001793830775729914,48.26388888888889
1 gün,2024+,DOT,≥3,83,0.23793993851960277,0.7463188119776993,0.5626070345572795,0.6105400269019167,1.2666324884591749,51.80722891566265
1 gün,2024+,FLOKI,≤−2,365,-0.03301228682993977,-0.14333176894464314,-0.018628563279612737,-0.18638000471353186,0.2413725671786009,47.790055248618785
1 gün,2024+,FLOKI,−2…−1,1652,0.02432209619279898,0.034347520286433945,-0.042999306016344906,-0.030477349742947624,-0.19040880285646436,47.84978800726832
1 gün,2024+,FLOKI,−1…0,5125,-0.010349300785837356,-0.0057441694923286,0.022478940389616654,0.061734298523865444,0.09635045320277366,47.79972618814786
1 gün,2024+,FLOKI,0…1,5082,0.017133378702077425,0.011282039332628202,-0.004048576577919606,-0.01660647382014796,-0.02191642314411154,46.523537522158755
1 gün,2024+,FLOKI,1…2,1568,-0.03945537265902166,-0.030876722961706515,-0.024761765273091305,-0.03700943453990417,0.005186903366148805,47.254150702426564
1 gün,2024+,FLOKI,2…3,337,0.019626603231428282,0.09893187138978951,0.136163561468997,-0.1900585597764331,-0.6790061349447313,45.07462686567164
1 gün,2024+,FLOKI,≥3,47,-0.14843505930685433,-0.371213237202426,-0.5041720128503162,0.17186505061420307,1.3864739027559119,55.319148936170215
1 gün,22-06→23,LINK,≤−2,333,-0.061594533195880624,-0.25557092030057577,-0.2361284792927583,-0.05972817915147234,0.0848281267752592,53.453453453453456
1 gün,22-06→23,LINK,−2…−1,1892,0.009154783131723567,-0.02432354050672652,-0.05361481797353048,-0.10131900715567804,-0.0526822842477675,49.52431289640592
1 gün,22-06→23,LINK,−1…0,4737,-0.013636424240008816,-0.025812593385953923,-0.05569301428072653,-0.03657990219911888,-0.07785666420283399,49.94722398142284
1 gün,22-06→23,LINK,0…1,4836,0.008165969912900138,0.027636398356392672,0.05006081425808397,0.05058686127860242,0.04259926782218763,51.054590570719604
1 gün,22-06→23,LINK,1…2,1718,0.013235827073035177,0.04905508343324072,0.11460336066198323,0.0771445127206334,0.12077838653991244,54.36554132712457
1 gün,22-06→23,LINK,2…3,295,-0.0016957984992394689,0.09123687345514893,0.07832682642704167,0.0630592563465897,0.09905050735013492,50.16949152542372
1 gün,22-06→23,LINK,≥3,56,0.1081491185883062,0.15282815194626215,-0.32502245191336854,-0.1948352269000792,-0.04451951825924991,51.78571428571429
1 gün,2024+,LINK,≤−2,518,-0.1349195325886072,-0.2968361407385054,-0.2937211928876889,-0.28052513721934724,-0.8503582769671525,47.77562862669246
1 gün,2024+,LINK,−2…−1,3518,0.002722413375211699,-0.012564637624738981,-0.06814205781781246,-0.03604187932407386,-0.24338295097708823,48.71867881548975
1 gün,2024+,LINK,−1…0,8305,-0.0034348209661663807,-0.009888247468221971,-0.016971561038487504,0.02563311277638074,0.06122853007255935,48.980822578699794
1 gün,2024+,LINK,0…1,7877,-0.010139466587869302,0.010669912872563275,0.04298220845918707,-0.01787960270736769,-0.009721074369385295,49.11099822199645
1 gün,2024+,LINK,1…2,3445,0.03665529824400876,0.028781074279229355,0.030132219700622825,0.0030720937967685324,0.07782515730315938,49.041811846689896
1 gün,2024+,LINK,2…3,486,0.042732952006774835,0.1264952229583597,0.02781381441145946,0.19174664892147866,0.7910936248798125,50.0
1 gün,2024+,LINK,≥3,71,0.30553714668925525,0.49888471250449684,1.083793458887334,1.35353897754199,2.9717096162133445,56.33802816901409
1 gün,22-06→23,NEAR,≤−2,214,-0.07176799991628487,-0.05704498542330239,0.015613427059824936,-0.4179485018163378,-0.8085011443880679,45.794392523364486
1 gün,22-06→23,NEAR,−2…−1,1419,-0.026336542863533242,-0.0718421533413318,-0.0023970854254539505,-0.08246794681207355,-0.06848800697629014,46.441155743481325
1 gün,22-06→23,NEAR,−1…0,4522,0.007345891805565663,0.008281010105934598,-0.018084108487162808,0.06342942890997566,-0.17282754430075797,47.744360902255636
1 gün,22-06→23,NEAR,0…1,3649,-0.010580501843358516,-0.015963746621094357,0.004338751273855667,-0.0110464958655381,0.205907614749405,47.437654151822414
1 gün,22-06→23,NEAR,1…2,1469,0.025819650970865058,0.055968465130101286,0.03416127625981683,-0.041838520770340254,0.20064227863754136,48.46834581347856
1 gün,22-06→23,NEAR,2…3,316,0.03673026108064702,0.160128145603478,0.04429717142469261,0.0410636590901662,-0.14684220117214067,48.734177215189874
1 gün,22-06→23,NEAR,≥3,30,0.2861401669800231,0.07128189688186173,0.06078683375646651,0.28094841788682745,1.7343874719233119,50.0
1 gün,2024+,NEAR,≤−2,608,0.05354151348423411,0.08116842635584846,0.10150794117155496,-0.0002706381302736453,-0.15718051089663262,47.02970297029702
1 gün,2024+,NEAR,−2…−1,3173,0.006026058435824488,0.020289531419521674,0.006701644703144738,0.051760132215861655,-0.0633064833559402,48.67172675521822
1 gün,2024+,NEAR,−1…0,8561,-0.011669959186724367,-0.022733123174222748,-0.024832740012243507,-0.04658546728892204,-0.1061507164688111,48.35768556399766
1 gün,2024+,NEAR,0…1,8219,-0.010190520520455791,-0.03213089983616964,-0.034623532919109544,-0.018461718165449437,0.029486097034574915,48.2288496652465
1 gün,2024+,NEAR,1…2,2939,0.03595289003162409,0.08831899914085047,0.09396628645626473,0.07182396215973091,0.28202730338110094,49.659632402995236
1 gün,2024+,NEAR,2…3,604,0.023536785704593055,0.07119839843150928,0.07111270417936397,0.07689257093174426,-0.012318660642397089,49.585406301824214
1 gün,2024+,NEAR,≥3,92,0.13172581400263383,0.4608291575706105,1.0329672190925958,1.4055992927082168,1.5097203547168287,57.608695652173914
1 gün,22-06→23,OP,≤−2,332,-0.04697891195477184,0.05616996900193399,-0.01535912412791488,-0.5105955727477008,-1.2747257676091355,45.18072289156627
1 gün,22-06→23,OP,−2…−1,1715,-0.04663322285958022,-0.09901350699709119,-0.08675913218681841,-0.1331849995189826,-0.05869683156825116,45.42274052478134
1 gün,22-06→23,OP,−1…0,4998,-0.00863339230998114,0.03232868726820551,0.057693781257778874,0.10200277025600082,0.1810789427476511,49.43977591036415
1 gün,22-06→23,OP,0…1,4757,0.0070613396760341295,-0.009679937573272245,-0.03628070173752402,-0.04442833749087158,-0.13098699719563608,48.24469203279378
1 gün,22-06→23,OP,1…2,1676,0.04305289218936174,0.0328262812892926,0.0583401613926082,0.016148297768524972,-0.1341352557085654,46.957040572792366
1 gün,22-06→23,OP,2…3,314,0.11200580207205138,0.01560029445972248,0.020630326781426483,0.14496011976776346,0.7755001542643164,49.36305732484077
1 gün,22-06→23,OP,≥3,42,-0.05225217286758682,-0.5782600247684035,-1.5745503036546475,0.6400889372559719,5.3154821647911445,47.61904761904761
1 gün,2024+,OP,≤−2,526,-0.11607495015845154,-0.10241084538181293,-0.09329700346084739,-0.223126014100208,-0.1737882403664688,44.952380952380956
1 gün,2024+,OP,−2…−1,3096,-0.006441363636948517,-0.0453669617182844,-0.05691852940749625,-0.022775288911981502,-0.1778823878698375,46.00711283543485
1 gün,2024+,OP,−1…0,7844,-0.010914652448556935,-0.014091783744217963,-0.03619596561931723,-0.03577861222084895,-0.12101077718392368,47.13993871297242
1 gün,2024+,OP,0…1,7555,0.009888559770148903,0.01688696589945567,0.02485796420524688,0.04689594515590873,0.06249013572793838,48.05934560868989
1 gün,2024+,OP,1…2,3248,0.008264211304441382,0.018431732144073266,0.05209302808677815,-0.012762721177511822,0.19339086893523788,47.64252696456086
1 gün,2024+,OP,2…3,433,0.1070607958838613,0.22583624836154972,0.28279256755945575,0.18904243479664226,0.9316255967465011,47.80600461893764
1 gün,2024+,OP,≥3,55,0.33812830314458536,0.3556914313901961,0.5396674500517145,1.3335524162396817,1.5701089233042123,60.0
1 gün,2024+,PEPE,≤−2,279,0.018398301430242625,-0.015546538268155677,0.1103346213666265,-0.22031964485838612,-0.05925960721193356,45.16129032258064
1 gün,2024+,PEPE,−2…−1,2655,0.02739910398865119,0.03145787985051923,0.032019992298149294,-0.08200878447024158,-0.34885058266437435,45.70888468809074
1 gün,2024+,PEPE,−1…0,5111,-0.026548942479276822,-0.045295009640543706,-0.07835462866990625,-0.11965223029949616,0.18611416279907742,45.13793778125611
1 gün,2024+,PEPE,0…1,5852,0.013789789130020776,0.0290742663973259,0.0387083586032511,0.16128452472747146,-0.06255575215727877,47.045727008049326
1 gün,2024+,PEPE,1…2,2381,-0.016602576503117934,-0.02512879007750135,-0.01798741313209038,-0.07612500009588691,-0.031028968440344584,45.3551912568306
1 gün,2024+,PEPE,2…3,273,0.08578301810410868,0.12368885648661393,0.32319360588549717,0.5090666762021957,1.5805554573610041,50.91575091575091
1 gün,2024+,PEPE,≥3,20,-0.33653942807917675,0.4169955479455534,0.6503583778862411,-0.4844601179393412,-0.47626090864751247,45.0
1 gün,22-06→23,SHIB,≤−2,277,0.06880857346916884,0.02294570591083828,-0.0871207715410538,0.31145648590358405,0.4598078879722851,51.26353790613718
1 gün,22-06→23,SHIB,−2…−1,2057,-0.022240614309295498,-0.0030964390670714134,4.177313863557822e-05,0.07356375726445422,-0.021100589807512816,49.63539134662129
1 gün,22-06→23,SHIB,−1…0,4961,-0.00018238375586730984,-0.020812140804370275,-0.034593719450476575,-0.12437399124746251,-0.04416545382588473,47.73231203386414
1 gün,22-06→23,SHIB,0…1,4156,-0.020221607090866633,-0.013224955053335043,-0.027829300687329035,-0.005042726108989159,-0.20290892046577091,48.33974975938402
1 gün,22-06→23,SHIB,1…2,2178,0.03730769988816562,0.063555569807059,0.15051377401781785,0.18227127364074375,0.3838807818209136,48.760330578512395
1 gün,22-06→23,SHIB,2…3,224,0.13954345237879048,0.04648455627079166,-0.08926572048234303,0.029856141190756885,0.4707952249243758,52.23214285714286
1 gün,2024+,SHIB,≤−2,490,-0.037363368690564204,0.0018535227747550486,0.0783117098348434,0.19023882542453818,-0.3548412308176625,48.057259713701434
1 gün,2024+,SHIB,−2…−1,3546,0.01691548507361647,-0.020108631355753973,-0.06567461004221793,-0.24036971831739876,-0.21571802414011615,45.2058657642414
1 gün,2024+,SHIB,−1…0,8079,-0.010253747033781097,-0.041575858323778685,-0.039533649538244564,0.008758636475815007,-0.05623312138097775,46.666666666666664
1 gün,2024+,SHIB,0…1,7996,-0.010036788865623947,0.003212577269549073,0.006174018500365933,0.03567541943440563,0.19603061435043986,47.301865531488666
1 gün,2024+,SHIB,1…2,3611,0.04110102904098429,0.10881493359305149,0.12349197096063892,0.11134068752679176,-0.09529942714374279,47.96229553645689
1 gün,2024+,SHIB,2…3,476,-0.03468391320023142,-0.022346276693147586,-0.04211963077966624,-0.04000600239386877,0.0131848158403375,48.31223628691983
1 gün,2024+,SHIB,≥3,22,-0.47757441258202554,-0.0835084815726482,1.7543422268620985,0.9572476983648828,7.50578137369929,50.0
1 gün,22-06→23,SUI,≤−2,154,0.044047469597618474,-0.10650123020265867,-0.12447662114462871,-0.049517180149633286,-0.3104214210877071,46.103896103896105
1 gün,22-06→23,SUI,−2…−1,553,-0.014614843767546697,-0.06183001067671344,-0.027276386877951385,0.15668001918693097,0.08714911080113068,50.09041591320072
1 gün,22-06→23,SUI,−1…0,1797,-0.02439893926707486,-0.014627483936050449,-0.00451197418483502,0.032363195355539,0.2083207527622013,47.13411240957151
1 gün,22-06→23,SUI,0…1,2024,0.012922569979305574,0.043109829562616435,0.09577638198533876,0.03907469957183698,-0.08328262845805343,47.5296442687747
1 gün,22-06→23,SUI,1…2,563,0.052016201386580606,0.002842750480554839,-0.24412852800106866,-0.3521402368127787,-0.5438768466399333,45.293072824156305
1 gün,22-06→23,SUI,2…3,104,-0.07974210781762757,-0.1014264592199374,-0.16465064643914396,-0.2712966001469283,0.912846492378998,46.15384615384615
1 gün,2024+,SUI,≤−2,723,-0.03290431684507125,-0.030272249026807474,-0.04971740911668104,-0.15258642358719096,-0.6022955432762777,46.334716459197786
1 gün,2024+,SUI,−2…−1,2973,-0.022339163936069384,-0.02349620860775838,-0.06956136917382866,0.05172544314902862,0.001162872139661656,47.80553679945982
1 gün,2024+,SUI,−1…0,8442,-0.005827684906991666,-0.04119442445572735,-0.06204714641478204,-0.0993819343352446,-0.27339829027369433,46.73229747360929
1 gün,2024+,SUI,0…1,8506,0.010444669748675348,0.022994570103376376,0.03954364452228643,0.01955001598414334,0.16178763018874498,46.86030103480715
1 gün,2024+,SUI,1…2,2889,0.006459722885018997,0.05644220569545991,0.11943992841075564,0.16022668797809114,0.33100998069289544,48.199445983379505
1 gün,2024+,SUI,2…3,573,0.016095293486189932,0.1474140063992947,0.13179855716168423,0.1829541162385009,0.5452166863470047,46.94589877835951
1 gün,2024+,SUI,≥3,114,0.1987957246604496,-0.03266282827916472,0.08005254580723538,0.536645531684392,0.8035635684032529,53.50877192982456
1 gün,22-06→23,SOL,≤−2,343,-0.09369251744234755,-0.18817504988639333,-0.1775381150496606,-0.23416258735297454,-0.5106311364072963,50.14577259475219
1 gün,22-06→23,SOL,−2…−1,1853,0.011059975710897079,-0.07693661498679898,-0.08642448360849977,-0.34636853243203936,-0.40565386904472706,46.41122504047491
1 gün,22-06→23,SOL,−1…0,4789,-0.010461351878387043,-0.017284703179548975,-0.054003782614169535,0.07447276021629941,-0.0422353768518232,48.29818333681353
1 gün,22-06→23,SOL,0…1,4763,0.0049109905250810095,0.014984649309540753,0.028481064294966305,-0.047684842512095385,0.11593957234819763,48.33088389670376
1 gün,22-06→23,SOL,1…2,1791,0.02661771663980767,0.11104078363709381,0.156380819102814,0.27554118488134094,0.14012610127141778,50.02791736460078
1 gün,22-06→23,SOL,2…3,288,0.002132785757928117,-0.09274210355386055,0.1159346767070542,0.23056794471289316,0.948839663133361,50.69444444444444
1 gün,22-06→23,SOL,≥3,40,-0.2483952008777802,1.158695771914144,0.763542834653653,0.8178421017024203,1.3159116354245302,57.49999999999999
1 gün,2024+,SOL,≤−2,848,-0.0652826774592858,0.01939414797942593,-0.0022812088849122054,-0.04458504571189005,-0.20145261778038728,50.0
1 gün,2024+,SOL,−2…−1,3739,-0.0070674516405185685,-0.016895791855916862,-0.0507304597909338,0.027560954780563182,-0.08802096452299202,48.363733905579394
1 gün,2024+,SOL,−1…0,7847,-0.0009302441029808905,-0.008060187446708047,-0.026476977127368222,-0.008472131844599945,-0.0911514617022945,49.75111678366305
1 gün,2024+,SOL,0…1,7536,-0.006936864638776855,-0.016086860887135804,-0.010150354963433172,-0.06244587470219128,-0.09082347781827466,49.90711252653928
1 gün,2024+,SOL,1…2,3454,0.008654226918418254,0.018256829797944147,0.05904484056823137,0.027597600322161617,0.33550490408244704,51.79502026635785
1 gün,2024+,SOL,2…3,707,0.14011998888349356,0.20910018368078356,0.323194768711767,0.5229759616844315,1.0288135050541365,53.88967468175389
1 gün,2024+,SOL,≥3,89,0.1392833702325464,0.2274862367148238,0.4842541974661311,0.07726806275094897,0.1264241881846094,53.93258426966292
1 gün,22-06→23,ZEC,≤−2,329,-0.029817326827007384,-0.20634510330255115,-0.29028918417179755,-0.12997835101574207,-0.038397050273073635,47.72036474164133
1 gün,22-06→23,ZEC,−2…−1,1874,-0.03630769246330859,-0.04809082812051296,-0.09750784422636394,-0.18894644238525993,-0.06803834470804392,46.95837780149413
1 gün,22-06→23,ZEC,−1…0,4736,-0.0039569726732523345,-0.006462024407993591,-0.014578293067618804,-0.0726693166388508,-0.2774435832854114,48.838682432432435
1 gün,22-06→23,ZEC,0…1,4732,0.011611638053399998,0.00504622051939484,0.032056127314019474,0.08227789353179227,0.2426159559562689,51.05663567202029
1 gün,22-06→23,ZEC,1…2,1853,-0.0036838469302263753,0.025735716114863402,0.0573673847577459,0.13791145073447245,0.09241256082607031,51.59201295196978
1 gün,22-06→23,ZEC,2…3,302,0.14344854703773646,0.3536924847492853,0.254892184021722,0.3858138542573448,0.5095341307167083,55.29801324503312
1 gün,22-06→23,ZEC,≥3,42,0.12259939691602471,0.24361358637466224,0.2930676109611106,-0.4855785779376816,-0.4540282930903683,57.14285714285714
1 gün,2024+,ZEC,≤−2,561,-0.0532229995941245,-0.14098245131864967,-0.2076604686407911,-0.0626400418009202,-0.4681666872540286,49.01960784313725
1 gün,2024+,ZEC,−2…−1,2711,0.010784952019450903,-0.07841179609496775,-0.18011897501861465,-0.3173554139034744,-0.4924491130560012,47.13493530499076
1 gün,2024+,ZEC,−1…0,9453,-0.007431749890619721,-0.020351119741787348,0.0016396851024900409,0.03304227774791491,0.2898224021979576,50.28075007945757
1 gün,2024+,ZEC,0…1,7915,0.0028799315795537267,0.03982546375920229,0.04668738417178391,0.07364886484981861,-0.15002391361096934,50.41082037669068
1 gün,2024+,ZEC,1…2,2700,0.0193338008776698,0.0846409555443684,0.08781804465252935,-0.047955685337828374,-0.40918356977349674,50.20377917747314
1 gün,2024+,ZEC,2…3,654,-0.0002740287331813769,-0.031481062662540533,-0.0434291747041004,0.0058988408130929496,1.0419050943624326,51.681957186544345
1 gün,2024+,ZEC,≥3,202,-0.019509521112109105,-0.19443394849161397,0.05326595261803367,0.6170286208156691,2.335147729817355,50.495049504950494
1 gün,22-06→23,XRP,≤−2,130,0.03133964092848116,-0.12440530813116499,-0.1645414031415054,-0.23950135235943473,-0.16252355857040854,35.38461538461539
1 gün,22-06→23,XRP,−2…−1,635,-0.02576754202906289,-0.049794589918998336,-0.14430595604505272,-0.24412668732260076,-0.3973943834659317,43.77952755905512
1 gün,22-06→23,XRP,−1…0,1356,-0.01568664135479079,-0.030126702213361188,-0.08767096749720413,-0.13735853644793952,-0.06358688514120123,46.82890855457227
1 gün,22-06→23,XRP,0…1,1240,-0.001092927667785296,0.023670911132967685,0.09239099768601233,0.15576625472123093,0.19444728782840667,50.88709677419355
1 gün,22-06→23,XRP,1…2,595,0.04555124813481729,0.08704493876982775,0.14266617845133436,0.14648321650995358,0.10447691496283923,49.747899159663866
1 gün,22-06→23,XRP,2…3,114,0.06270089889272018,0.18052837946340466,0.29337427119458137,0.8681371963644083,0.4984839834833361,57.89473684210527
1 gün,2024+,XRP,≤−2,867,-0.028929697379592615,-0.04595498716522741,-0.03816012709540859,-0.02522494400157959,-0.5661242084265707,46.69756662804171
1 gün,2024+,XRP,−2…−1,3770,-0.006938871607113729,0.01236689995312933,0.0012509813194571968,0.1432948444456261,-0.013614668309974189,49.22872340425532
1 gün,2024+,XRP,−1…0,7629,-0.0015048761466053679,-0.05047073889026578,-0.08229286281845863,-0.10338904973737698,-0.15831260860320112,47.76276079254691
1 gün,2024+,XRP,0…1,7645,0.003334099372545216,0.023289608153516567,0.04668550936591073,-0.08572821665533795,-0.03721772957453063,46.898717613190264
1 gün,2024+,XRP,1…2,3538,0.003954921497919781,0.01954182554433357,0.047192406328088174,0.21839700244414953,0.33972024129189277,51.44149236856982
1 gün,2024+,XRP,2…3,699,0.0024167923606116027,0.12846002641861823,0.10914330776006567,0.21759254115888016,1.0954386919068557,49.92846924177397
1 gün,2024+,XRP,≥3,72,0.2993483765248327,0.5717177883073311,0.7758854527707191,0.017468199569345595,0.8664549817204613,48.61111111111111
1 gün,22-06→23,UNI,≤−2,320,-0.06143621345980137,-0.16586811583216274,-0.3709501008297796,0.2951533801275876,0.06876119041110025,54.37499999999999
1 gün,22-06→23,UNI,−2…−1,1850,-0.033099612163477836,-0.012498101437245166,0.048730501950693374,-0.03572881008946799,-0.20249908642965778,50.37837837837837
1 gün,22-06→23,UNI,−1…0,4825,-0.0035470506001795414,-0.015996979322881882,-0.0407098426710533,-0.11802406988520495,-0.02005566888416228,48.49740932642487
1 gün,22-06→23,UNI,0…1,4687,0.013402784157893862,0.01561116169510581,0.027549632353599227,0.02882170903538994,0.04931793943631843,50.48005120546192
1 gün,22-06→23,UNI,1…2,1838,0.017152809353145792,0.042199217610094944,0.04830440382094391,0.17391793949304812,0.07034885169904465,52.82916213275299
1 gün,22-06→23,UNI,2…3,306,0.01629994878912805,-0.011429031918628397,0.036808501071908396,0.24260529618679877,0.2181730821887085,50.0
1 gün,22-06→23,UNI,≥3,41,-0.032319690565047424,0.15000772909476992,-0.10230311823511318,0.29584415976942224,0.5408047955801543,51.21951219512195
1 gün,2024+,UNI,≤−2,678,0.059160842507533916,-0.008588168974254747,0.007826783013635184,0.05479533448923357,0.24448208356023168,48.07692307692308
1 gün,2024+,UNI,−2…−1,2786,-0.02202922197582558,-0.06525211708698786,-0.0758803472296782,-0.08882789411163804,-0.23467079784678258,49.226896799712335
1 gün,2024+,UNI,−1…0,8827,-0.018898231566079268,-0.022690038870108096,-0.0145958575922517,-0.013966754311544975,0.08024020192151562,48.0721251984577
1 gün,2024+,UNI,0…1,8405,0.012405638894625513,0.014235085468856726,0.013969808612055334,-0.0343471704857853,-0.0476545582693967,47.79709454632055
1 gün,2024+,UNI,1…2,2825,0.018433071140455823,0.04934492017503152,0.054969840418947404,0.18030072426653926,0.03288500217051597,49.45093871767623
1 gün,2024+,UNI,2…3,582,0.012574250281644547,0.10226195978227379,0.035292739635110204,0.1275305379704939,0.03831636136589203,48.797250859106526
1 gün,2024+,UNI,≥3,117,0.20862841111641056,0.5919336273329863,0.3535721289357931,0.32806313645559126,0.5570945680764635,46.15384615384615
1 gün,2024+,PUMP,≤−2,262,-0.03981911541737201,-0.13694861980652648,-0.1342425583606366,-0.8167397367318585,-0.8406621241725389,45.76923076923077
1 gün,2024+,PUMP,−2…−1,1018,0.04084804390499666,0.0601724297290555,0.12716005779095818,0.01844364176975355,-0.07483877874270486,49.95073891625616
1 gün,2024+,PUMP,−1…0,3437,0.002162746530913477,-0.017488808757195332,-0.06172807693718657,-0.06350231940679227,0.10160934457057631,48.80326911850554
1 gün,2024+,PUMP,0…1,3306,-0.008559798130004072,-0.013407677894985997,-0.008108032873908,0.043844216044569215,0.005733226184511005,48.99939357186173
1 gün,2024+,PUMP,1…2,1075,0.020282247583560634,0.08149806186597568,0.16595711806048113,0.22267100572312837,-0.07312088064084388,48.18604651162791
1 gün,2024+,PUMP,2…3,184,-0.1807178609562723,0.036289233399952145,0.013334782189814678,0.6223772631933944,0.5869650980348347,49.72677595628415
1 gün,2024+,PUMP,≥3,46,0.025383219386889443,-0.3310746141446708,-0.788255739926386,-1.8842089867410816,-2.18587408298008,41.30434782608695
1 gün,22-06→23,AVAX,≤−2,327,0.012001864542120466,0.05195775672481624,0.05407641963763487,-0.05837056248148551,-0.39320801683897005,47.40061162079511
1 gün,22-06→23,AVAX,−2…−1,1906,-0.004406654749805985,-0.03869932484537655,-0.03154805457833452,-0.05485524652587251,-0.32898208014484354,47.114375655823714
1 gün,22-06→23,AVAX,−1…0,4782,-0.007741037468352996,-0.0206279907592354,-0.0016260673282412715,0.07461206404862505,0.16374014967183853,50.16729401923882
1 gün,22-06→23,AVAX,0…1,4671,-0.013263540970938334,-0.0009548676389551963,-0.0008232152125081031,-0.017849524758740184,-0.07485717974488482,48.12673945621923
1 gün,22-06→23,AVAX,1…2,1867,0.05671923627298994,0.10032123816116603,0.06460311756048498,0.000593183089623423,0.1924560770797938,48.95554365291912
1 gün,22-06→23,AVAX,2…3,282,0.021077878455691756,-0.049834496404455225,-0.16191653555174945,-0.2136368167316759,-0.0782513853285924,46.808510638297875
1 gün,22-06→23,AVAX,≥3,33,-0.25432304695162117,-0.40522601219225285,-0.6328746192047905,-2.746678085838916,-0.45385600379609553,33.33333333333333
1 gün,2024+,AVAX,≤−2,597,-0.017436434068435147,-0.07622753441195888,-0.09569424678054958,0.07373523640924393,0.3951598395658137,47.73109243697479
1 gün,2024+,AVAX,−2…−1,3281,0.02097739814653751,-0.03908234253059939,-0.13444853004532958,-0.12692899653796968,-0.22846174012725054,47.342700061087356
1 gün,2024+,AVAX,−1…0,8379,-0.00413362694188656,-0.02499877035581208,-0.04387200077912083,-0.025340178621938065,-0.07325180617635965,47.18537110075296
1 gün,2024+,AVAX,0…1,8085,0.0013713544308040742,0.04594389119519707,0.0836299399218728,0.08621945635876095,0.05593753908921565,48.44697438435837
1 gün,2024+,AVAX,1…2,3259,-0.011084944085186257,-0.0316452818827492,0.0068495804651106315,-0.0546280849967135,0.10918463310460891,47.83675974225223
1 gün,2024+,AVAX,2…3,552,-0.03527327643131913,0.11417425187727508,0.20595463077570847,-0.025912285951761836,0.2252504540595821,48.55072463768116
1 gün,2024+,AVAX,≥3,67,0.3093266639445051,0.7744736175143108,0.7970693135402276,1.1837526499415298,2.940067502907017,53.73134328358209
1 gün,2024+,MET,≤−2,134,-0.06981089660886351,-0.3590822586480902,-0.8429677976859149,-0.9839318769858438,-1.1108422188743026,45.52238805970149
1 gün,2024+,MET,−2…−1,601,0.056788093940019324,-0.02034143375368031,-0.005530497016518885,0.15585058825014975,0.056906497811608184,46.65551839464883
1 gün,2024+,MET,−1…0,2054,-0.035883637401265385,-0.018727750869788996,0.04317943204951868,0.07241705799826482,0.07418402784190757,43.988269794721404
1 gün,2024+,MET,0…1,1887,0.0015180864922736208,0.024180574614147184,0.07962889097267756,0.0379917687691928,0.08318163812703859,45.30416221985058
1 gün,2024+,MET,1…2,579,0.03348490544809044,-0.061840193897426635,-0.25460637519058704,-0.3630263234526908,-0.3207074689866367,41.45077720207254
1 gün,2024+,MET,2…3,143,0.11949302251280146,0.6238588964056535,0.1450113006511009,0.34646801674280076,-0.019451618298029938,43.66197183098591
1 gün,2024+,MET,≥3,21,0.45766760388945915,-0.013334637122595881,0.21010769290533748,-0.9390415568463308,-0.25414435261181045,28.57142857142857
1 gün,22-06→23,SAND,≤−2,361,-0.05682215368959229,0.061791848401101405,0.19199945186056314,0.054464914535556616,-0.06995750087770922,48.75346260387812
1 gün,22-06→23,SAND,−2…−1,1680,-0.015685357297725643,-0.02100726229821327,-0.047516397576780646,-0.012313742499759467,-0.08989948794178887,48.333333333333336
1 gün,22-06→23,SAND,−1…0,4867,-0.010995672416011858,-0.0381282667775228,-0.052298422305731285,-0.09929555634697607,-0.21612106747208368,47.40086295459215
1 gün,22-06→23,SAND,0…1,4941,0.00360561694584754,0.0036287453485628262,0.0024090917005349212,0.05137102223243008,0.1280102335731081,48.613640963367736
1 gün,22-06→23,SAND,1…2,1668,0.05962635508157438,0.10934769727461596,0.17852401607664073,0.17800447831533378,0.38890512951019224,50.47961630695443
1 gün,22-06→23,SAND,2…3,305,-0.0663443923492721,0.030273138884495964,-0.0871247909567567,0.013071562559991475,-0.06641531210570914,53.442622950819676
1 gün,22-06→23,SAND,≥3,45,0.07429025448624106,-0.24442843081501023,-0.40124783326769864,-1.5650175837381846,-0.7286359326621435,31.11111111111111
1 gün,2024+,SAND,≤−2,601,-0.020587220560873597,-0.13502927937913808,-0.12158001823421903,0.14562594514216626,0.477569219844783,44.666666666666664
1 gün,2024+,SAND,−2…−1,3072,0.009283339105864296,0.011385585419555368,-0.05537162906781466,-0.2052356547292936,-0.576142155665866,47.2792440534376
1 gün,2024+,SAND,−1…0,8246,0.008532695584184112,-0.01615806153416444,-0.017760911861520713,-0.022014223974954117,-0.16632765635152708,47.08525625455429
1 gün,2024+,SAND,0…1,8123,-0.003997666185759803,0.02830806128721416,0.033737254557131294,0.06563973133028757,0.38695737709851374,47.94284306479428
1 gün,2024+,SAND,1…2,2983,-0.014304795248609547,-0.0202201786958649,0.03344827695788439,-0.0016800406368668833,-0.14017336952681433,48.42281879194631
1 gün,2024+,SAND,2…3,548,-0.026328585261347362,-0.014899808056441895,0.00961404243628745,0.3486455808017098,0.19368718845847813,49.81751824817518
1 gün,2024+,SAND,≥3,62,0.049528071658607675,0.28966293347313543,0.16733257253017636,0.07939641586763982,0.4015467284915424,47.540983606557376
1 gün,2024+,ENA,≤−2,300,0.026366683339369673,0.014779158039892425,-0.41472476013959164,-0.43154587160567115,-0.6813591094303768,45.1505016722408
1 gün,2024+,ENA,−2…−1,1300,-0.02954911499932587,-0.09757822044138532,-0.0804713385008199,-0.2647939481288137,-0.2357717291488088,43.20987654320987
1 gün,2024+,ENA,−1…0,4405,0.00119804082649714,-0.046973908578755136,-0.024437405085948428,-0.03139918618621332,-0.06992147625811411,44.67455621301775
1 gün,2024+,ENA,0…1,4019,-0.0009393940885533056,0.05014898947350571,0.05326489506243606,0.12240655757694012,0.15619783397596643,45.0012465719272
1 gün,2024+,ENA,1…2,1322,0.026506533043163923,0.0529995593143273,0.03611405069180381,0.03659805022565401,0.012835336181616936,46.555639666919
1 gün,2024+,ENA,2…3,273,-0.03435593071760333,0.0531027343168683,0.15921810478328943,-0.06654528504602393,-0.015280696809056877,43.58974358974359
1 gün,2024+,ENA,≥3,57,0.0586285611049921,0.7567636108163592,0.5490720878606079,1.5617777634320804,3.102495914298391,54.385964912280706
1 gün,2024+,WLD,≤−2,318,0.10111616473692017,0.12491733774893077,0.11747081263990386,0.0916943045798294,0.03759130466978933,46.22641509433962
1 gün,2024+,WLD,−2…−1,1381,-0.030189838003050598,-0.06099877958569927,-0.08178498920619062,-0.10243894657270787,-0.06078342278374566,42.836363636363636
1 gün,2024+,WLD,−1…0,4709,0.002339075123126812,0.0017894674682276033,-0.0057883209867738315,0.03470329862204019,-0.1732324069019542,45.47583563977007
1 gün,2024+,WLD,0…1,4398,0.003526273552316492,-0.017013353705362243,0.011097742770419854,-0.09998605927154518,0.08249860407249197,45.11723195993626
1 gün,2024+,WLD,1…2,1415,0.008522410024700808,0.05789395224736397,0.004747497767614448,0.10372794015885341,0.09919416666143185,46.25176803394625
1 gün,2024+,WLD,2…3,261,-0.15965259949844693,0.09927288184015809,0.15803135355790526,0.8951456833417624,1.4069450528009662,51.92307692307693
1 gün,2024+,WLD,≥3,53,0.23827861306357392,0.05834926866094335,0.11252046006679692,0.16081023358086297,0.29442524046189683,39.62264150943396
1 gün,22-06→23,QNT,≤−2,318,0.10854544480636838,0.10192064685777195,0.0323209378440127,-0.1523282703588117,-0.7361852887125262,44.0251572327044
1 gün,22-06→23,QNT,−2…−1,1854,-0.028460990500756823,-0.025634895604828473,-0.008469001652869856,-0.06282673243571224,-0.058393462713111736,45.19956850053937
1 gün,22-06→23,QNT,−1…0,4803,0.0016761260132548827,-0.007062953755021523,0.0071197351791850595,-0.015551612697201154,-0.07044484011075282,46.679158859046424
1 gün,22-06→23,QNT,0…1,4664,-0.005605842168670738,-0.014889847959316622,-0.0034761313732133386,0.045989921878883094,-0.016530317662252856,48.02744425385935
1 gün,22-06→23,QNT,1…2,1904,0.00825659482895737,0.04195582848076501,-0.04126188043833068,-0.013646078397321288,0.3089066731489597,47.11134453781513
1 gün,22-06→23,QNT,2…3,300,0.03635687099644939,0.062301372128424994,0.19244857517180577,0.16639096576624227,0.5777546734538809,51.0
1 gün,22-06→23,QNT,≥3,25,0.3886728687890197,0.7964655780919049,0.33072429168421136,0.04733582360346819,-0.14689349609582103,52.0
1 gün,2024+,QNT,≤−2,589,-0.05895346105046792,-0.12357758637489492,-0.14692548938527078,-0.2597048383481736,-0.4822272402122012,44.5578231292517
1 gün,2024+,QNT,−2…−1,2885,-0.015041719043681548,-0.023154009196757506,-0.0502018644592779,-0.0687438318738566,0.006578239907678411,44.40583738707436
1 gün,2024+,QNT,−1…0,8637,0.0014483729275904845,-0.007227589396448711,-0.0390214224785283,0.008275057409160447,-0.018962850581310392,45.39870190078813
1 gün,2024+,QNT,0…1,8603,0.002952161588325633,0.011331930754978996,0.05787822438602895,0.04089640918692665,0.03265862742473742,46.21379551006165
1 gün,2024+,QNT,1…2,2855,0.0034073019785003495,0.0381906514436658,0.016484126287335026,-0.03266837753995346,-0.059955426010243215,45.986680686996145
1 gün,2024+,QNT,2…3,522,0.05159889611772567,-0.05820114273719867,-0.04023050696071443,-0.11292807666771054,0.5282935933280493,46.36015325670498
1 gün,2024+,QNT,≥3,105,0.0338317209863461,0.24648765972250086,0.4218878995080209,0.7592276677854639,0.4135830487576303,56.19047619047619
1 gün,2024+,TAO,≤−2,334,-0.03864826608839526,-0.1207116263581594,-0.23342678292778918,-0.6466010969698679,-0.7988060598026268,40.36144578313253
1 gün,2024+,TAO,−2…−1,1656,0.022289701457319948,-0.002974031576937914,0.015371311127352098,0.01360120343940097,-0.09844965937240868,46.3680387409201
1 gün,2024+,TAO,−1…0,5321,-0.01083862830766463,-0.036840770310395204,-0.03771081979296126,0.0969347853349477,0.14077184071836274,45.92201921265775
1 gün,2024+,TAO,0…1,4806,-0.0030871122005195813,0.018255275132198174,0.02073990218869927,-0.12684780006024998,-0.19396104341630466,46.09293602833924
1 gün,2024+,TAO,1…2,1641,0.006067263398938697,0.0406651681562703,0.047365339470553665,0.17052603848317774,0.03764953304354905,48.14137720901889
1 gün,2024+,TAO,2…3,364,0.09814206683851688,0.11678827034578552,0.04077538401908829,-0.055578748134823296,1.4207012786642688,47.25274725274725
1 gün,2024+,TAO,≥3,73,0.03848393958182414,0.6047924588535227,0.8303033832993226,0.3659675127149143,0.3758786286535134,54.794520547945204
1 gün,22-06→23,LTC,≤−2,380,-0.022928444859865196,-0.0641410720009452,0.0028957897564148576,0.23622938320983122,0.29990183586119884,49.473684210526315
1 gün,22-06→23,LTC,−2…−1,1943,-0.006460346047969513,-0.047019075705633274,-0.03448255461210693,-0.03503002455865248,-0.3128435467556977,50.28306742151313
1 gün,22-06→23,LTC,−1…0,4517,-0.020083917332792106,-0.024727321377435104,-0.020808799862564,-0.01346947413734304,-0.007839996677029993,50.785919858313044
1 gün,22-06→23,LTC,0…1,4745,0.00643501765621774,0.026796656783678922,0.01611644171990922,0.04528947468715657,0.04568132371705839,52.202318229715495
1 gün,22-06→23,LTC,1…2,1923,0.03521010985032731,0.05820981031417544,0.06850975035098598,-0.012059356890790353,0.1697419004903428,48.465938637545506
1 gün,22-06→23,LTC,2…3,302,0.008725903549161815,0.03173350206975729,-0.010644208868847958,-0.3427000936695296,-0.0011993265805691766,49.00662251655629
1 gün,22-06→23,LTC,≥3,57,0.19484023012975457,-0.37273924876322045,-0.7913975846392193,-0.8609684039520263,-0.23690842708472457,40.35087719298245
1 gün,2024+,LTC,≤−2,764,0.06137776793330088,0.04482628755811421,0.12029551676992334,0.13759533234900506,0.1416528959751527,50.78534031413613
1 gün,2024+,LTC,−2…−1,3392,0.008361439153437289,0.018742963788331856,0.009881404832081261,0.03708851830091426,0.00946696921513819,51.5661938534279
1 gün,2024+,LTC,−1…0,8031,-0.02657720675194178,-0.053504259465318865,-0.08439254637977166,-0.14581364181192424,-0.1862885643817634,49.469876512411126
1 gün,2024+,LTC,0…1,8122,0.017817089837721903,0.027022137623522565,0.03881086437366565,0.07423513672587215,0.07163922379215931,51.89062692449809
1 gün,2024+,LTC,1…2,3295,-0.00933725183506872,0.015792280961913714,0.052618123974504015,0.10654445882758119,0.13779382343366547,52.68588770864947
1 gün,2024+,LTC,2…3,524,0.009255481848957026,0.09871930833462443,0.018402749092195168,0.09544310558423873,0.6589274040346232,51.526717557251914
1 gün,2024+,LTC,≥3,92,0.21069717004510552,0.09353330087386595,0.5857615839930183,-0.7112355182512408,-0.32201013910848686,57.608695652173914
1 gün,2024+,RAY,≤−2,45,-0.19015889476691394,-0.18875781178958598,-0.7630124019599381,-0.4187765355549572,-0.4951342180811523,62.22222222222222
1 gün,2024+,RAY,−2…−1,169,0.08177899877067192,0.2289979598693781,0.28247803745925704,0.9706159442891413,1.1739181168876094,61.111111111111114
1 gün,2024+,RAY,−1…0,514,0.006727895576084529,-0.061190246394040464,-0.24163783349745696,-0.646258861301447,-0.18706671341707226,53.17460317460318
1 gün,2024+,RAY,0…1,547,0.05927502519736718,-0.026636620589836832,0.07872116590867828,0.2794191600508339,-0.36642605030728426,59.25925925925925
1 gün,2024+,RAY,1…2,151,-0.1295576465631136,0.2557829043835462,0.4253910945681328,0.5687316113305217,1.3857387122727869,59.333333333333336
1 gün,2024+,RAY,2…3,40,-0.4011625644299318,-0.4094059650360081,0.03195430871851725,-0.7149677995044148,-0.8316296691837712,52.5
1 gün,22-06→23,AAVE,≤−2,294,0.06792597552154696,0.00766432649454174,0.07770594890323823,-0.09721076157896577,-0.12472976464996738,51.36054421768708
1 gün,22-06→23,AAVE,−2…−1,1900,-0.04965640942799877,-0.07483845331807984,-0.1846921261585495,-0.17174600212463073,-0.37244828734916324,48.10526315789473
1 gün,22-06→23,AAVE,−1…0,4845,-0.004522486296804298,-0.010380546986394725,0.02125703371999279,0.03519377701262638,0.010448477429981801,49.86584107327142
1 gün,22-06→23,AAVE,0…1,4627,0.017754069707702325,0.03505404195550256,0.036857147831022063,0.020504941977755115,0.17485940954071916,50.22692889561271
1 gün,22-06→23,AAVE,1…2,1855,0.007753763919165446,0.03186261079595364,0.04825718369983871,0.06501376557854041,-0.06376081847594087,50.45822102425876
1 gün,22-06→23,AAVE,2…3,310,0.006529823805672994,0.008185115526860933,-0.005050494469280081,0.04548608047057348,0.23095825997162472,45.16129032258064
1 gün,22-06→23,AAVE,≥3,36,-0.06297696581859713,-0.9334467084414566,-0.9280634205982223,-1.2553907863973262,-1.908216851138985,36.11111111111111
1 gün,2024+,AAVE,≤−2,675,0.03264192667812489,0.0843415757542178,0.07329715829810585,0.26998723825079957,0.680337657375687,51.48367952522255
1 gün,2024+,AAVE,−2…−1,2814,0.02744365965409117,0.027335869031335634,0.06260356338915062,0.015038912124913283,-0.05445533209677911,48.914204343182625
1 gün,2024+,AAVE,−1…0,8727,-0.01536544510232565,-0.012301337865690124,-0.03658647570785543,0.048729057948800815,-0.02666973342148474,48.99036255162918
1 gün,2024+,AAVE,0…1,8553,0.005700142404045799,-0.017303610608029703,-0.009738025322185559,-0.0769693227048142,0.01683450936506301,48.88836882752165
1 gün,2024+,AAVE,1…2,2748,0.009427153320636341,0.00462197535090573,0.025062210563902416,0.01661084600830115,-0.11729182567536828,50.29112081513828
1 gün,2024+,AAVE,2…3,586,-0.03374677577201496,0.20280907078895324,0.2034524427046801,0.08335636482790502,0.3333377597097683,48.888888888888886
1 gün,2024+,AAVE,≥3,117,-0.17121168879732201,-0.08491483002093754,-0.09445783999502742,-0.7313540020637656,-0.7572161499791746,47.863247863247864
1 gün,2024+,ONDO,≤−2,311,0.011430007755142628,0.01009485391975745,0.01873343760184648,0.38034843815531794,0.000721668178347586,49.19093851132686
1 gün,2024+,ONDO,−2…−1,1595,0.006524938611846659,-0.018504559298785223,0.02976015148486175,-0.12288321114119886,0.15597806627334052,47.580138277812694
1 gün,2024+,ONDO,−1…0,4752,-0.008160609737680432,-0.03561116086328965,-0.050379693834154575,-0.03274909155751174,-0.2587965383118086,47.11842938568714
1 gün,2024+,ONDO,0…1,4426,0.0009048494281949194,0.02362626732541828,0.021412111680968092,0.0051364135735336445,0.11350464844938801,47.90865928103097
1 gün,2024+,ONDO,1…2,1528,-0.007965531898052007,0.011100492689588175,0.017177550107554514,0.0244242854661808,0.37426364078265484,46.138743455497384
1 gün,2024+,ONDO,2…3,321,0.059593782070469455,0.1415530188602441,0.0327348467124504,0.27508647065871983,-0.32373936692641997,51.24999999999999
1 gün,2024+,ONDO,≥3,65,0.2130279591048492,0.43933023857531134,0.8373121706583923,1.3083943416112789,0.07964159780582132,53.84615384615385
1 gün,2024+,ORCA,≤−2,419,-0.16971721947094393,-0.10668949750610446,-0.15440212215109533,-0.15026659371672324,-0.3694770107238605,48.201438848920866
1 gün,2024+,ORCA,−2…−1,1649,0.012515200490774099,0.015438503658930645,0.17504279904520548,0.17683090676281374,0.8655053078776556,46.13981762917933
1 gün,2024+,ORCA,−1…0,5627,-0.0014012416459263845,0.016746023131699376,-0.01228568890298973,-0.0631122970937619,-0.2764378937615717,45.59530165509877
1 gün,2024+,ORCA,0…1,5650,0.004268969157117473,-0.015871571975513553,-0.008558825307372175,-0.029220450185001218,-0.054477485099591265,45.76391350584899
1 gün,2024+,ORCA,1…2,1680,0.01987235627964577,0.02252958896700844,-0.044553544706141215,0.14993714221779325,0.5375916941042773,47.02026221692491
1 gün,2024+,ORCA,2…3,347,0.03126147378776087,0.03063611652832641,0.058164568638778474,0.43399807724936906,-0.7152703434133659,50.28901734104046
1 gün,2024+,ORCA,≥3,82,-0.1216761637994754,-0.4130007746082323,-0.6304652072913188,-1.3474848061105906,-0.7669963644702575,45.1219512195122
1 gün,2024+,PAXG,≤−2,360,-0.004284672360403128,-0.006951601825042081,-0.01845450223099221,-0.063849363275552,-0.04441225080693151,52.94117647058824
1 gün,2024+,PAXG,−2…−1,1448,-0.005529843547831964,0.009965452191806395,-0.006921574455225789,0.0025499679704674605,0.02855342068165366,53.68055555555556
1 gün,2024+,PAXG,−1…0,4171,0.0026688825073279175,0.0017205231141254487,0.0050269661968816385,0.003808285035925311,-0.009770091109070705,53.84061449831973
1 gün,2024+,PAXG,0…1,4532,0.0002780340253269987,0.005678973319300585,0.007073856481562243,0.0035603749415058375,-0.02260466745643145,52.3756906077348
1 gün,2024+,PAXG,1…2,1316,-0.000311739738218398,-0.0335768912841465,-0.02407533886202411,-0.025950050255431182,0.044077968708925296,50.79847908745248
1 gün,2024+,PAXG,2…3,253,-0.00705004010112264,-0.014686391829877679,-0.021924532391121448,0.03841132635294727,0.16484624886180962,58.10276679841897
1 gün,2024+,PAXG,≥3,71,-0.009172041602844468,0.04359222997498879,0.012331771329160583,0.1650358180073772,0.2581628204905578,57.14285714285714
1 gün,22-06→23,HBAR,≤−2,280,-0.07207494185618198,-0.14872674866497335,-0.03658144619590125,0.3337744245319907,0.4737725651987235,54.285714285714285
1 gün,22-06→23,HBAR,−2…−1,1565,-0.050592582763900294,-0.0550923055852073,-0.045357823194185534,-0.06898672231893788,-0.4944097375733485,47.02875399361022
1 gün,22-06→23,HBAR,−1…0,3240,-0.004130894939511689,-0.011699163859514437,-0.03527388898062716,-0.054507725398378254,-0.06161595468808338,46.358024691358025
1 gün,22-06→23,HBAR,0…1,3798,0.01081543544561742,0.006100866946294031,0.0176179611205853,0.016042067424671975,0.07606077253253735,48.23591363875724
1 gün,22-06→23,HBAR,1…2,1595,0.030453573020955263,0.059292305605519714,0.06791150230581997,0.08956926684947905,0.3295573870195131,48.338557993730404
1 gün,22-06→23,HBAR,2…3,119,0.06783701787690029,0.2908313251246028,0.06010759485789657,-0.4075356754270261,-0.5193767971270813,52.10084033613446
1 gün,2024+,HBAR,≤−2,644,-0.03871566890931,-0.08807852261817084,-0.21770010265242645,-0.23623672041810775,-0.37137713056246163,44.63452566096423
1 gün,2024+,HBAR,−2…−1,3286,-0.023883710024329537,0.05155907100549148,0.06322613158916957,0.10828396176791896,0.007376040961163018,47.27050930161635
1 gün,2024+,HBAR,−1…0,8171,0.00884788798157503,-0.021392301360554145,-0.04246769711233446,0.06859933674094514,0.006098752453083129,45.03002818972913
1 gün,2024+,HBAR,0…1,8359,0.0002681969511715942,0.008514125098898128,0.04276437380053,-0.051880159812897605,-0.04964051541342198,45.421903052064636
1 gün,2024+,HBAR,1…2,3147,-0.010217099349518909,-0.042783373753167264,-0.05561306751154646,-0.11357741474685308,0.03339568846865704,44.53273998728544
1 gün,2024+,HBAR,2…3,503,0.1169525406208101,0.14182285046540663,0.022341549421494244,-0.06578769403336145,0.6276319549555913,45.32803180914513
1 gün,2024+,HBAR,≥3,86,0.02521853275051522,0.6291474412382115,0.9951418699918468,0.7092977238558835,1.8503919141703926,51.162790697674424
1 gün,2024+,STRK,≤−2,392,0.0070666933207689025,-0.041105610731674354,-0.12581689114603278,-0.28340208577474524,-0.1781911793759602,45.12820512820513
1 gün,2024+,STRK,−2…−1,2660,-0.011280358548288894,-0.049338461881215,-0.1299678149316462,-0.14455031652340658,-0.17497409181049026,45.76271186440678
1 gün,2024+,STRK,−1…0,6972,0.009008171175026133,0.01154240166653388,0.04816924847863098,0.1046756891248145,0.15740378701047664,45.96612115991961
1 gün,2024+,STRK,0…1,6596,-0.021689261339718557,-0.026599844925387167,-0.03676888222117727,-0.036538392786245544,-0.09960802670327734,46.31850614847427
1 gün,2024+,STRK,1…2,2658,0.01735718955407367,0.06561529949078007,0.10627909366824986,-0.001276984016851954,-0.06001245333554028,45.6120527306968
1 gün,2024+,STRK,2…3,414,0.1004763999391051,0.0895604473415353,-0.04058511548132088,-0.09835689348970288,0.0908073960447263,47.34299516908212
1 gün,2024+,STRK,≥3,62,0.3186457554823465,0.49607476201547396,0.5766011608240463,0.8052515021099228,3.464189983783348,41.935483870967744
1 gün,22-06→23,XLM,≤−2,198,-0.035791883445724273,-0.18926195544459518,-0.3520140414467121,-0.39676858702264084,-0.06524891767583953,44.44444444444444
1 gün,22-06→23,XLM,−2…−1,2085,0.01763685712356117,0.03603254331416549,0.08338265864373637,0.10005581305512312,0.0009411503232500994,47.961630695443645
1 gün,22-06→23,XLM,−1…0,4783,-0.014166843644288123,-0.02257627352388384,-0.04015950617260062,-0.08498858446237495,0.0036278214187323308,48.48421492786954
1 gün,22-06→23,XLM,0…1,4459,-0.008642366989702104,-0.0016521827696839154,-0.009257055224226415,-0.009664917900535067,-0.060697846910360925,49.0020183897735
1 gün,22-06→23,XLM,1…2,2055,0.029837361392960015,0.021407773376465527,0.04403151158555471,0.11771153352263453,0.10363715475535897,49.537712895377126
1 gün,22-06→23,XLM,2…3,254,0.04131272845160594,0.09545773154061553,0.08322187464368605,0.19065098187995194,0.011923434150238775,53.14960629921261
1 gün,22-06→23,XLM,≥3,33,0.1454867481242242,0.28655077281208463,0.5328167192370246,0.8853796250319605,1.4622397426338969,54.54545454545454
1 gün,2024+,XLM,≤−2,502,0.05122317762381141,0.0840664134688219,0.06604613473187831,0.1146948742030718,0.1415701568425504,44.6215139442231
1 gün,2024+,XLM,−2…−1,3460,-0.031047796792803218,-0.04201550715235687,-0.06457223723751844,0.05247778800527893,0.0660512156587567,47.060527077903274
1 gün,2024+,XLM,−1…0,8330,0.007361390385497214,-0.023700070542573195,-0.03611073969128719,-0.09904072723786465,-0.2016402115212168,44.98257420983055
1 gün,2024+,XLM,0…1,8007,0.004600012393086734,0.03760300304313735,0.0418631316302229,0.001249342263723893,0.1433387396677116,46.1557694711839
1 gün,2024+,XLM,1…2,3374,-0.004558925490818568,0.006016640898879135,0.05731501475285361,0.11667057061901413,0.06491566243166268,48.68069967388082
1 gün,2024+,XLM,2…3,476,-0.008139774871829002,-0.06789014449996292,-0.10280665520839764,0.3222818489881314,0.08559334935162535,48.319327731092436
1 gün,2024+,XLM,≥3,71,0.039816471001402426,0.162084650507791,0.15922140047752628,0.40008139338435283,-0.38899606802194187,53.52112676056338
1 gün,22-06→23,FET,≤−2,294,0.045684885841372466,-0.20155766378690604,-0.26043834177164116,-0.22701315708598727,-0.42866620062809757,45.23809523809524
1 gün,22-06→23,FET,−2…−1,1834,-0.0008837923719805653,-0.04909708570258692,-0.001638692011547531,-0.0783795002593206,0.35231551000757255,47.70992366412214
1 gün,22-06→23,FET,−1…0,4940,-0.01159648822391651,-0.019931355577185846,-0.05826705591818128,0.016807394124836346,-0.2464999075194452,48.70445344129555
1 gün,22-06→23,FET,0…1,4623,0.01386539568066358,0.006986168786006377,0.045586042586720846,0.06914532589591768,0.13266793618046702,49.14557646549859
1 gün,22-06→23,FET,1…2,1800,-0.030525719654329507,0.07328976170008522,0.03913400882922308,-0.17110585735893613,-0.1141018470827454,47.11111111111111
1 gün,22-06→23,FET,2…3,339,0.09324563324221641,0.1765517306202275,0.32732492152430154,0.34398126511547605,0.6957552247209099,48.96755162241888
1 gün,22-06→23,FET,≥3,37,0.12736411016136323,0.6403578066236505,-0.6685175486998288,-0.022070339532598293,1.453762037380721,45.94594594594595
1 gün,2024+,FET,≤−2,497,-0.09413831379567122,-0.2086446919333998,-0.28691617542997255,0.09849727599355067,0.168848626539201,47.08249496981891
1 gün,2024+,FET,−2…−1,3205,-0.005662568073388688,0.02526125533650049,0.05050011335390416,-0.08768246551964494,-0.3080688014629527,45.783885071830106
1 gün,2024+,FET,−1…0,8731,0.005748839706702391,-0.01019373854707393,0.00018477146388240267,-0.07044956238927805,-0.0369056916207559,45.59211280522756
1 gün,2024+,FET,0…1,7939,0.001389221418289942,0.01565897765341341,0.0025689174746916822,0.12144579918193185,0.09305529668069751,46.55063690250977
1 gün,2024+,FET,1…2,3202,-0.0026208505226591795,-0.008360838635563986,-0.05510178174863729,-0.08044146677878723,0.0627542333950955,46.139418568302595
1 gün,2024+,FET,2…3,545,-0.0033814673343424066,-0.13417954568564777,0.03061664444647922,-0.16568657050147792,-0.06156279998033479,45.220588235294116
1 gün,2024+,FET,≥3,77,0.18114381370183782,1.1349337745279953,1.539488231873757,2.998177220927111,4.134590405982171,54.54545454545454
1 gün,2024+,ZRO,≤−2,558,-0.17863957933557756,-0.08314529231699234,-0.03685816430751858,-0.03876211053039176,-0.3789467450008541,46.58273381294964
1 gün,2024+,ZRO,−2…−1,2120,-0.023359452019059545,-0.0482159295022498,0.059168671869588525,0.0015329069388371908,-0.20419260198791053,48.25471698113207
1 gün,2024+,ZRO,−1…0,7529,0.025470769501511014,0.007129348771901475,0.015449365315071267,0.07843626422414524,0.1436152141393872,48.45662586482171
1 gün,2024+,ZRO,0…1,7087,-0.007492893310547139,0.033660633472589706,0.008462808194370107,-0.047433586670873155,0.032725164303874704,48.61581920903954
1 gün,2024+,ZRO,1…2,2144,0.016526924871539044,-0.027059239767786784,-0.06892927118256312,-0.007810041137110233,-0.09704383490416642,47.85247432306256
1 gün,2024+,ZRO,2…3,483,-0.061729930484894904,-0.16374105808476172,-0.33311056214904017,-0.5769778587372288,-1.0527118297226528,43.983402489626556
1 gün,2024+,ZRO,≥3,106,0.04656077585325619,-0.0608755992509731,0.26072554996595204,0.5607286650255029,0.4325767782468737,42.45283018867924
1 gün,22-06→23,OGN,≤−2,313,-0.028487928450503457,-0.15054837274006078,-0.30977992884628675,0.2868427301249972,0.5155616105375176,55.27156549520767
1 gün,22-06→23,OGN,−2…−1,1492,-0.011803191668083473,-0.0025647924680042246,0.1506451259732377,0.12800225143718674,0.07597408151250082,48.86058981233244
1 gün,22-06→23,OGN,−1…0,4668,0.006370371771658699,0.009830585973270025,-0.003883674828522303,-0.10780291082495529,-0.1505854739725903,48.15766923736076
1 gün,22-06→23,OGN,0…1,4487,-0.010386908220405592,-0.039553345891014904,-0.07212271681573512,0.07007444731275851,0.07098350157415417,49.63227100512592
1 gün,22-06→23,OGN,1…2,1518,0.01160139407566444,0.0963215212534735,0.11442715664179196,-0.023279289828108955,0.10985325285024644,49.93412384716733
1 gün,22-06→23,OGN,2…3,295,0.02239221839863299,0.11380413011585,0.21993410913830844,0.07166893068061714,0.1819951797844286,49.83050847457628
1 gün,22-06→23,OGN,≥3,47,0.4080771211529757,0.05844066112153769,-0.5242291861591132,-1.6545864601399063,-2.3561682688756003,38.297872340425535
1 gün,2024+,OGN,≤−2,506,-0.0550541791451054,-0.1067320605769493,-0.22352527698547153,-0.06510129770926391,0.03757820339072141,49.01185770750988
1 gün,2024+,OGN,−2…−1,2148,-0.048741169596817964,-0.12717834045380907,-0.02971371760568348,-0.06925956159371031,0.0654825723257829,48.11364694923149
1 gün,2024+,OGN,−1…0,6946,0.008035867435400074,0.0031376396275997528,-0.038816405193850136,-0.08230633844320108,-0.05521789901977007,46.61578341013825
1 gün,2024+,OGN,0…1,6824,0.006891973093046765,0.04029516716510977,0.029907484258199342,0.08629002276654953,0.08109958621739073,48.45330596686703
1 gün,2024+,OGN,1…2,2157,0.029099955827281605,0.007693465057433746,0.09022208869421006,0.05021477070801222,-0.1388004077427326,48.79406307977737
1 gün,2024+,OGN,2…3,438,-0.060712469845289344,0.026699813221398912,0.18325078309525827,0.48117391502007745,0.19993766684464953,50.68493150684932
1 gün,2024+,OGN,≥3,68,-0.0946332889726634,0.031313392131515363,-0.475608188609874,-2.270951708584267,-1.721020659107907,32.35294117647059
1 gün,2024+,W,≤−2,218,-0.00026755813376558405,0.028297064356599823,0.11246565211554614,-0.13102546592738917,-0.2518163130253238,47.706422018348626
1 gün,2024+,W,−2…−1,1370,-0.006265322196991955,-0.028276520913859158,-0.013377996059162175,0.10032026257547455,0.10895611231367787,45.866861741038775
1 gün,2024+,W,−1…0,3918,-0.0027802521105583585,-0.006616982675625659,-0.03559691486073203,-0.045457063789069996,-0.11511032214205197,45.72233606557377
1 gün,2024+,W,0…1,3757,0.013772458098904006,0.021238758435789994,0.02467991752409404,0.06318269615682459,0.08522525591486037,46.45522388059701
1 gün,2024+,W,1…2,1356,-0.01726292745288961,-0.02755837868974203,-0.028467654314413705,-0.1645504047748746,-0.03522388371109729,43.76383763837639
1 gün,2024+,W,2…3,222,-0.0666545271626025,-0.004190617083670668,0.16576732534453464,0.08661580881001521,0.16462116304995691,45.909090909090914
1 gün,2024+,W,≥3,43,0.13965264108705028,0.3942401523071734,0.9852633336115416,0.8311389352412216,1.1007159487464304,46.51162790697674
1 gün,22-06→23,ALGO,≤−2,307,0.06633956811534561,-0.04897038544101267,0.12264904776688156,0.005308081910104055,-0.14925835109600186,48.85993485342019
1 gün,22-06→23,ALGO,−2…−1,1974,0.007317208604224842,0.030731194797402817,0.03671200755583728,0.051035656375348674,0.03594154870808642,49.848024316109424
1 gün,22-06→23,ALGO,−1…0,4567,-0.004945573758593665,-0.036364872502217684,-0.03783728234090671,-0.03767377413804609,-0.18711040647242114,48.784760236479094
1 gün,22-06→23,ALGO,0…1,4758,-0.005656334253248301,-0.0029676215724523734,-0.017140492338986908,-0.007739262500201022,0.08645886267813123,50.21017234131988
1 gün,22-06→23,ALGO,1…2,1969,-0.00596641906064581,0.043971514346322696,0.05879824785197453,0.05691404409159814,0.19981217546018643,49.314372778059926
1 gün,22-06→23,ALGO,2…3,271,0.055230169716870954,0.16327243089781876,0.08857809750736614,-0.0734012863856071,0.07299634418132174,45.018450184501845
1 gün,22-06→23,ALGO,≥3,21,0.5461599844495867,0.17819549706933827,0.21219790357767998,0.6825507822483565,0.22968912473637948,57.14285714285714
1 gün,2024+,ALGO,≤−2,564,0.06445474383509166,-0.038746574608803395,0.09292492057571407,0.3129277343047311,0.3025946648977901,49.46808510638298
1 gün,2024+,ALGO,−2…−1,3139,-0.027311723308836997,-0.0317830402053794,-0.03990846925471784,-0.006609091753768319,0.11134414062213996,46.634768740031895
1 gün,2024+,ALGO,−1…0,8531,-0.003213110852071463,-0.006334721608778102,-0.0038562784838704622,0.015708510940189505,-0.06544695286448587,47.88170402534914
1 gün,2024+,ALGO,0…1,8322,0.008941115256757955,0.018027889387646535,-0.01102331243641114,-0.04850502706652216,0.034674309573729876,47.60014435221942
1 gün,2024+,ALGO,1…2,3073,0.004049026284918559,0.012596837470553996,0.04781526387328947,-0.035060876515641305,-0.13324324155554293,47.88411458333333
1 gün,2024+,ALGO,2…3,503,-0.022893137494163402,-0.0886600579490918,0.031347685698476804,0.32088467413326066,0.21101273007966376,50.695825049701796
1 gün,2024+,ALGO,≥3,64,0.022252765743408294,0.4919783457856154,0.5419712808082521,0.9507992119025295,0.8348840589298943,46.03174603174603
1 gün,2024+,PENGU,≤−2,367,0.003964766579500216,-0.18030009424682372,-0.16429875439309796,-0.1516415991124922,-0.6970387005116516,44.53551912568306
1 gün,2024+,PENGU,−2…−1,1677,0.010730599432973475,0.11085996457887398,-0.02126537249336262,0.04627442610459804,-0.19374396911852765,46.40718562874252
1 gün,2024+,PENGU,−1…0,5307,-0.02301070326043922,-0.040659154266156815,-0.03323439242269822,0.111804597690832,0.05627340966032866,44.95568546105978
1 gün,2024+,PENGU,0…1,4954,-0.008562723121953482,-0.014215230212702802,-0.015878750624206548,-0.1822224391527551,-0.19276292314746651,45.64382454012533
1 gün,2024+,PENGU,1…2,1628,0.10187152871968276,0.05685863090708476,0.16699298176650412,0.06163631436805772,0.6621837216238109,46.58040665434381
1 gün,2024+,PENGU,2…3,355,-0.0310994213160322,0.2403623464783111,0.33740995660830736,0.9558681753875303,0.9962799725289974,50.56497175141242
1 gün,2024+,PENGU,≥3,75,-0.12984469546130192,-0.1526611001608791,-0.5391449203436341,-2.021812182558035,-2.5407290819871275,33.33333333333333
1 gün,22-06→23,FIL,≤−2,367,0.041229390119837415,-0.06462712108431504,0.10201428722925343,0.034217627079499366,0.47123478307155836,53.950953678474114
1 gün,22-06→23,FIL,−2…−1,1766,-0.0013156854675090612,-0.04757812840415224,0.016275930001961175,-0.08672818302235127,-0.4383951381422229,47.56511891279728
1 gün,22-06→23,FIL,−1…0,4702,-0.005654785176507146,0.003667261485202204,-0.0036198731539194328,-0.03242434699877283,-0.010182223251960524,48.80901743938749
1 gün,22-06→23,FIL,0…1,4970,-0.0134910517151003,-0.002888059641849723,-0.046464383367433804,-0.005708680331218113,-0.014654666675133037,49.356136820925556
1 gün,22-06→23,FIL,1…2,1748,0.03316270510678514,0.059084013764477215,0.10991053572476082,0.1706504869210245,0.2876893850392017,51.830663615560645
1 gün,22-06→23,FIL,2…3,257,0.09098772994952968,-0.011854978270012115,-0.1756698714719559,-0.07406004728308288,0.5431240850412282,47.081712062256805
1 gün,22-06→23,FIL,≥3,57,-0.009133576106382118,0.08103849949711918,0.6103444496611625,0.7398579636400215,1.3948986100686698,64.91228070175438
1 gün,2024+,FIL,≤−2,595,0.021683056059558708,0.0936963960047533,0.010587081529371848,0.22759419610091008,0.30700782601845084,49.66329966329967
1 gün,2024+,FIL,−2…−1,2942,0.012317454782780752,-0.09648817125713112,-0.15261299136411882,-0.11820050637448018,-0.30606433376097675,47.46339802519578
1 gün,2024+,FIL,−1…0,8963,-0.009269790945203304,-0.004243695297834105,0.03128834694528687,0.08556664838278859,0.03594694647819521,48.02278820375335
1 gün,2024+,FIL,0…1,8155,0.004526506596479494,0.030556505135612373,0.021470011473051526,-0.01584944566863988,0.11191415036875736,48.11633329242852
1 gün,2024+,FIL,1…2,2839,-0.006507573906496564,0.0010721375793502851,-0.023772224934462575,-0.11896259600076087,-0.2412313258138633,47.86746563271061
1 gün,2024+,FIL,2…3,579,0.011918427316943035,-0.12749593083505203,-0.12932564444325734,-0.4116469923134087,-0.2446670566506593,44.73229706390328
1 gün,2024+,FIL,≥3,123,0.06981949547424275,0.7139825428435193,1.0532009608368713,1.2273896306711665,2.5341615922972958,49.59349593495935
1 gün,2024+,TRUMP,≤−2,280,0.019309276844904893,-0.13628334957808955,-0.4569270668318029,-0.5559259723444979,-0.7193798905503883,45.878136200716845
1 gün,2024+,TRUMP,−2…−1,2041,-0.025163057136825824,0.024553225840618236,0.1151249731052273,0.059743739343262124,0.5736722741718905,43.053510063819346
1 gün,2024+,TRUMP,−1…0,5066,0.007634980305345158,0.0012261946357818455,0.0035693376715267757,-0.05448942888452101,-0.29612920913298857,43.07479224376731
1 gün,2024+,TRUMP,0…1,4730,-0.0008407561048921612,0.017666541221898768,0.0011319766473905264,-0.01531596435589309,-0.14340404697018497,42.72708024560661
1 gün,2024+,TRUMP,1…2,2158,0.029156962230008937,0.002394515756347479,-0.03351705204872838,0.1337960346395245,0.5822682013871755,43.90356977283264
1 gün,2024+,TRUMP,2…3,227,-0.21647833937449265,-0.5128617785690857,-0.31796193476453427,0.33017615633689446,-0.22696097693451125,41.409691629955944
1 gün,22-06→23,CRV,≤−2,356,0.10881102499260129,0.034972693508342936,0.009784906920761673,0.07620477086222625,0.4374992598969391,47.19101123595505
1 gün,22-06→23,CRV,−2…−1,1707,-0.0074450727524268765,0.04687223728826518,0.09013283697953878,0.0717402247093887,0.05725753260382224,47.158758055067366
1 gün,22-06→23,CRV,−1…0,4929,-0.03293204653982539,-0.05574050758136815,-0.07130419096473545,-0.14793558514205418,-0.2770158233663336,46.2162710488943
1 gün,22-06→23,CRV,0…1,4818,0.009793603319564179,-0.0075345065856207835,0.02578469833649102,0.14328063363652682,0.22848171668753214,49.149024491490245
1 gün,22-06→23,CRV,1…2,1708,0.0486909366500045,0.1207673362179532,0.035831693012860065,-0.13583916570611945,-0.08258090240312863,45.140515222482435
1 gün,22-06→23,CRV,2…3,312,0.031782926075568735,0.1207313232866413,0.20319787180515003,0.6304641700174519,0.9740636631523614,54.48717948717948
1 gün,22-06→23,CRV,≥3,37,-0.10734869842214537,-0.685236661287848,-1.478669366947793,-2.0387184248884607,-4.101674159591833,27.027027027027028
1 gün,2024+,CRV,≤−2,646,-0.04315223788119827,-0.029505605839441472,0.06444300735824188,0.2258531011621496,0.1088637545127085,49.690402476780186
1 gün,2024+,CRV,−2…−1,2590,-0.024182122514637933,-0.0682814423490069,-0.021672105141026656,-0.07845248376295098,-0.06865151957171838,46.249033255993815
1 gün,2024+,CRV,−1…0,9094,-0.005297768069891819,-0.0023522031653911177,-0.03485093233612193,-0.00988309120290346,-0.016334255057361177,47.7327756988774
1 gün,2024+,CRV,0…1,8625,0.0007079890378842566,0.014127441415249829,0.014148874360004303,0.04613576979361015,0.039660742407856414,48.42716192687174
1 gün,2024+,CRV,1…2,2500,0.027948836702807227,0.014110636524927063,0.007533249403379001,-0.17711936705291206,-0.11990280096384384,46.69603524229075
1 gün,2024+,CRV,2…3,570,0.07190212674652972,-0.00628149598002316,0.11168877273597103,0.11356641077858004,0.07225509113533281,48.771929824561404
1 gün,2024+,CRV,≥3,147,0.14761743009519768,0.4329558614082095,0.8623907808791272,0.8629206458857347,1.169476657395041,50.34013605442177
1 gün,22-06→23,MINA,≤−2,263,0.11339954173757807,0.2421542942786778,0.21140920620819373,-0.1920185330977663,-0.6646498567144852,47.14828897338403
1 gün,22-06→23,MINA,−2…−1,1946,0.015343456754334045,0.034977078526337926,0.02604888990750192,0.03884692274686648,-0.4812077508251477,46.76258992805755
1 gün,22-06→23,MINA,−1…0,4824,-0.010222951061193971,-0.015885368003102533,-0.02907804160401604,-0.02920235684054171,0.04499926676310413,47.36733001658375
1 gün,22-06→23,MINA,0…1,4646,-0.0306626946828235,-0.04021868034372422,-0.047614827660427024,-0.061876612181687864,0.05090673358454402,46.79294016358158
1 gün,22-06→23,MINA,1…2,1866,0.07582595955398069,0.0625872062676867,0.14793218602769312,0.16731249611922752,0.19401396405052698,47.42765273311897
1 gün,22-06→23,MINA,2…3,270,0.030175926415108096,0.14947348516152037,0.06330420930413187,0.4678127137151107,0.9608621354868729,53.333333333333336
1 gün,22-06→23,MINA,≥3,28,-0.6266711273259497,-0.9075192133125135,-1.3547998080152661,-1.259245654548296,1.2921862436750469,35.714285714285715
1 gün,2024+,MINA,≤−2,389,-0.025407149857196398,0.05168766804785322,-0.05158116611646416,0.22573081911335707,-0.26094532121304487,47.81491002570694
1 gün,2024+,MINA,−2…−1,2474,-0.03855722216488191,-0.03262002721248924,-0.05327924095613649,0.0648377363762757,-0.05590572111475855,48.82780921584479
1 gün,2024+,MINA,−1…0,6779,-0.0201164002521146,-0.08907095291999774,-0.12120506924714824,-0.12670628531865455,-0.12211391335552793,47.90711433219938
1 gün,2024+,MINA,0…1,6221,0.018715012163151645,0.06157023547001066,0.09515954011616447,0.08745773755077381,0.13240833047928272,48.59211584875302
1 gün,2024+,MINA,1…2,2420,0.05098097679201878,0.08847899833258846,0.1298101990663064,0.022683455048389888,-0.044411531496110594,48.98718478710211
1 gün,2024+,MINA,2…3,429,-0.023371301033045803,0.05745102119838021,0.0580161877999276,0.1776501007342836,0.6860179832172519,50.349650349650354
1 gün,2024+,MINA,≥3,64,0.1848285481011355,0.6616489151014886,0.6544763915057288,-1.0342134882140683,0.8460547880611886,40.625
1 gün,22-06→23,INJ,≤−2,204,-0.07351681622108172,-0.09643756685760872,-0.11874904035791949,-0.10125251252163359,-0.41289672755380585,58.333333333333336
1 gün,22-06→23,INJ,−2…−1,1294,0.015638652176494062,-0.03862741876817326,-0.06446053768831765,-0.02864028255116658,-0.13839154384708632,51.08191653786708
1 gün,22-06→23,INJ,−1…0,4028,-0.0033343342113467296,-0.0220484695199416,0.030219988513182847,-0.05395963176835182,-0.16937362923466412,51.56405163853029
1 gün,22-06→23,INJ,0…1,3277,-0.015062909110884372,0.020775913842064134,0.013469674775070956,0.026207127189240356,-0.07553404668425474,52.12084223375039
1 gün,22-06→23,INJ,1…2,1174,0.03373132803483134,0.02864796591228423,-0.006387578936180435,0.12175743658822871,0.6876686514221794,53.32197614991482
1 gün,22-06→23,INJ,2…3,336,0.10851088865910005,0.10405809431395735,-0.1608735652791263,-0.17150736760436153,0.9303705485730032,47.91666666666667
1 gün,22-06→23,INJ,≥3,102,-0.18144482107803425,0.21362232765036762,0.03257880036817039,1.0183129813714469,0.7170993981418304,54.90196078431373
1 gün,2024+,INJ,≤−2,511,0.02081973711697484,0.11076908430685704,0.2483526248449181,0.39044834011174656,0.4155335740541558,49.01960784313725
1 gün,2024+,INJ,−2…−1,3318,-0.017182745610537006,-0.0778458674021951,-0.03801817327772154,-0.07373115854123244,-0.1926435844473997,45.320048309178745
1 gün,2024+,INJ,−1…0,8835,-0.004330260004352023,0.028862311669917394,0.008235705060852467,0.016475057681073393,-0.05120740441832757,46.865434757963946
1 gün,2024+,INJ,0…1,7635,0.015119801481306282,-0.009747869110532577,0.008596312383332616,0.0020972239848325164,0.08326795329251227,48.30974842767296
1 gün,2024+,INJ,1…2,3029,-0.0003699340218466766,0.030162219164557205,-0.04804007932387574,-0.04346081562730487,0.010188714990516472,48.8110964332893
1 gün,2024+,INJ,2…3,755,-0.04337281184337282,-0.09998791470996345,-0.029162818148218587,-0.0064520999596883195,0.2409022572549504,48.47682119205298
1 gün,2024+,INJ,≥3,137,0.022262552347267647,0.038563212779063584,0.20696167841712543,0.14749731068339098,0.22220164377436685,46.715328467153284
1 gün,22-06→23,RLC,≤−2,320,-0.09012676733433952,0.054757161494448287,0.11233542885259756,-0.05160262564900598,-0.5690233829650743,47.5
1 gün,22-06→23,RLC,−2…−1,1498,0.019225644534627932,-0.0026260376709842637,0.002396336511821138,-0.07245771084438697,-0.07826035103859849,49.73297730307076
1 gün,22-06→23,RLC,−1…0,4833,0.00577882120138495,0.02049349306420175,0.03832254354364629,0.05463193405528004,0.005685476040569529,51.127663976825986
1 gün,22-06→23,RLC,0…1,4576,-0.015609973595877768,-0.027847736908789573,-0.053088448809535824,-0.10063705711548421,-0.002538458364356906,51.09265734265735
1 gün,22-06→23,RLC,1…2,1533,0.02865511529788476,0.020115257004999346,0.008674255863732022,0.1914707459918682,0.05341514986149376,50.94585779517287
1 gün,22-06→23,RLC,2…3,304,0.01700747083894363,-0.11402369839836612,-0.004761444078659545,0.19469909091809962,0.3869401912858566,51.64473684210527
1 gün,22-06→23,RLC,≥3,42,-0.13228134628897614,0.4434338141115328,0.15077819617298976,-0.7423726219231956,1.9986744116024018,50.0
1 gün,2024+,RLC,≤−2,391,0.021763587095671878,-0.029288219046057325,-0.23163149101561148,-0.3059072103515356,0.0373609705639297,44.50127877237852
1 gün,2024+,RLC,−2…−1,1681,0.020376336055151347,-0.0027221195903659365,-0.055196203311986484,-0.03226194685585082,0.07822561181558073,48.333333333333336
1 gün,2024+,RLC,−1…0,5534,0.003225944149881475,0.02794862867063479,0.05766016290684083,0.03020851486508591,0.07696824322939062,47.28457639391745
1 gün,2024+,RLC,0…1,5365,-0.007609225160092258,-0.022706897981361624,-0.020259838154239686,-0.010078244060821896,-0.15894770627310262,47.77736271946208
1 gün,2024+,RLC,1…2,1685,0.0005914685964825839,0.09183576882650576,0.09401567164336569,0.13226658563433094,0.12139916573511993,48.03804994054697
1 gün,2024+,RLC,2…3,350,-0.03694368994952688,-0.4002861675693154,-0.49294767873500256,-0.546312383064608,-0.167662466592319,47.14285714285714
1 gün,2024+,RLC,≥3,67,-0.11717830774783947,-0.4680361090756885,-0.18825328728509458,0.4422956654903604,2.0352336583147372,55.223880597014926
1 gün,2024+,POL,≤−2,437,-0.0031648171234939693,-0.07360848857777003,0.04337405723942322,0.09921985079409817,-0.33112424570712334,48.50574712643678
1 gün,2024+,POL,−2…−1,2300,0.03850374756063241,-0.018522278646996404,-0.05834416854343075,0.02067901027286728,-0.030120000581547325,48.03664921465969
1 gün,2024+,POL,−1…0,6302,-0.008166817362824904,0.019698723269336717,-0.04951817991306068,0.021917251267939288,-0.05933727264494691,47.64855417858278
1 gün,2024+,POL,0…1,6388,-0.011266702939783695,-0.011496839889103761,0.03853794334905938,-0.034634453448281644,0.031735753952879,46.84317718940937
1 gün,2024+,POL,1…2,2151,0.018591496436114203,0.025326197302509828,0.08892257721050136,0.06986918616485477,0.24340874474300936,49.418874941887495
1 gün,2024+,POL,2…3,394,-0.04152560563211109,-0.18940054620343916,-0.1573581467188809,-0.4711119666320932,-0.5636249004248741,42.60204081632653
1 gün,2024+,POL,≥3,69,0.1827772967023715,0.6377471969552057,0.7453932087206788,0.390650459685594,1.1803381287689323,46.3768115942029
1 hafta,22-06→23,BTC,≤−2,601,-0.003836243786726653,-0.04380537034965983,-0.048689054319083894,-0.411726568893802,-1.3157188176425565,51.9134775374376
1 hafta,22-06→23,BTC,−2…−1,1849,-0.04226288345234925,-0.06238636685633402,-0.11835138509500533,-0.18679017349300403,-0.49386863735239267,51.27095727420227
1 hafta,22-06→23,BTC,−1…0,4400,-0.00011132406935132917,-0.02238229687890673,-0.021041145389339162,-0.016453142185278477,-0.01682836455577574,50.20454545454546
1 hafta,22-06→23,BTC,0…1,4279,0.0072252943908879255,0.0212891481596527,0.028934984115120865,0.04021694055849388,0.2056682614977711,49.3573264781491
1 hafta,22-06→23,BTC,1…2,2113,0.025555828799081345,0.05847342879805958,0.06879226061888634,0.12871366323805297,0.17253243555942974,51.34879318504496
1 hafta,22-06→23,BTC,2…3,402,-0.023135452701558177,0.060443138772609394,0.13142796568166343,0.5421260438324563,1.2543235366051866,51.741293532338304
1 hafta,22-06→23,BTC,≥3,81,0.06572136986815302,0.014972399415481001,0.2304936602368986,0.039772785389088926,0.3592757396523461,41.9753086419753
1 hafta,2024+,BTC,≤−2,1258,-0.0053197723052048704,-0.014857349602538449,-0.10325951895390705,-0.24256683347879393,0.09410477686439606,52.12510024057738
1 hafta,2024+,BTC,−2…−1,4131,-0.004456248769245325,-0.02146855126136333,-0.03792371891965048,0.0009166362780292474,-0.14549500437932683,54.016015530211114
1 hafta,2024+,BTC,−1…0,6553,-0.004919171352807684,-0.02775965173973471,-0.046573067627270565,-0.12882418114053443,-0.2812173249670844,49.8244006718583
1 hafta,2024+,BTC,0…1,7246,0.0025073345036642713,0.01590762658411126,0.03624621180473356,0.04940505172905858,0.09734264266202151,51.849296163400496
1 hafta,2024+,BTC,1…2,3740,0.00316736675588064,0.035097873232099924,0.057160113277524634,0.11153407027334483,0.14932040891456774,52.64705882352941
1 hafta,2024+,BTC,2…3,796,0.01604740730532023,0.010536175359904075,0.057386676622004584,0.29354811252792384,0.9174309979482487,58.66834170854271
1 hafta,2024+,BTC,≥3,208,0.06989372048297456,0.16486701182762734,0.33042627502813837,0.6422222130402008,1.6000491455131893,57.21153846153846
1 hafta,22-06→23,ETH,≤−2,564,-0.01873672689187506,-0.021702570679310244,-0.12711590086804656,-0.5342066335762797,-0.7438808390558537,51.59574468085106
1 hafta,22-06→23,ETH,−2…−1,2066,-0.036133013593271174,-0.09787283127610556,-0.1405043933778175,-0.24463082136729838,-0.6643991979648709,48.451113262342695
1 hafta,22-06→23,ETH,−1…0,4150,-0.003548246275046511,-0.021605859641683458,-0.011621921414682077,-0.026038164636428607,0.12783363687637242,49.54216867469879
1 hafta,22-06→23,ETH,0…1,4207,0.002539030387963173,-0.00022213090080970012,-0.013523732363060351,0.020011719535780837,0.07172714073797044,48.062752555265035
1 hafta,22-06→23,ETH,1…2,2204,0.03829885717479198,0.11324315502204002,0.1568823252617605,0.25570028204492123,0.3436200141482406,51.08892921960072
1 hafta,22-06→23,ETH,2…3,464,0.0023545264088566504,0.0805125972593399,0.21528861874688224,0.572225240669628,0.4334412121544909,55.38793103448276
1 hafta,22-06→23,ETH,≥3,70,0.053695139757810546,0.2585511813621146,0.3062599536428751,0.021328059118506743,0.02109469255615532,55.714285714285715
1 hafta,2024+,ETH,≤−2,1302,-0.01305077939059482,-0.0073179511683721015,-0.07652486604331918,-0.17677819048136606,-0.1332336997134797,51.04732350659425
1 hafta,2024+,ETH,−2…−1,4116,-0.002682997121256424,-0.03154430378450476,-0.04865768644188831,-0.026184043077175825,-0.21796342846153555,53.23916220165611
1 hafta,2024+,ETH,−1…0,6507,-0.010968360760850135,-0.02980304611591181,-0.0700117447186037,-0.21093101322824004,-0.34413787621452535,49.03920061491161
1 hafta,2024+,ETH,0…1,7275,-0.005990774230180426,0.0033338383971441093,0.03751727527556661,0.05935326042779723,0.07972767277843822,51.024054982817866
1 hafta,2024+,ETH,1…2,3776,0.023450689341527595,0.04850262806697847,0.08268936707756935,0.1954237564523529,0.39887206327464936,54.793432203389834
1 hafta,2024+,ETH,2…3,777,0.05042731360274269,0.04747428468428948,0.05587752241781246,0.3937581247695747,1.029523870924062,56.24195624195624
1 hafta,2024+,ETH,≥3,179,0.085091674476759,0.4970337485967111,0.7050170359747994,1.2950830867754024,2.3546690847105185,59.217877094972074
1 hafta,22-06→23,ADA,≤−2,382,-0.03980785110193845,-0.14804094174582064,-0.1899661192602395,0.17007404169577167,-0.38559817594355617,49.73821989528796
1 hafta,22-06→23,ADA,−2…−1,1806,-0.020825635694032996,-0.01892766242133645,-0.0461280794602473,-0.1382051305092339,0.0034976746703932124,47.45293466223699
1 hafta,22-06→23,ADA,−1…0,4758,-0.011144642537792543,-0.04466446142083495,-0.0751420795728084,-0.12329740838703174,-0.028070325814638947,47.877259352669185
1 hafta,22-06→23,ADA,0…1,4694,0.01033333957191862,0.029516150846332124,0.03704430584913458,0.013587997020161176,-0.020957859124490566,49.48870899020025
1 hafta,22-06→23,ADA,1…2,1684,0.02140113978259503,0.05382623282964608,0.11748319785893882,0.18155897012208708,0.1376825132794637,48.99049881235155
1 hafta,22-06→23,ADA,2…3,330,0.05095476436517215,0.14536418965242942,0.33111445871806877,1.0751066048119406,0.30507100750443866,59.3939393939394
1 hafta,22-06→23,ADA,≥3,69,0.06499447527823429,0.37805992430523216,0.46963674554763873,0.6806769216118401,0.585300273522302,56.52173913043478
1 hafta,2024+,ADA,≤−2,801,0.03420067533842914,0.048267865074241016,-0.07951023594041723,-0.01870422689575987,-0.3493896531127725,44.19475655430712
1 hafta,2024+,ADA,−2…−1,3278,-0.017309885012542464,-0.03305529147324916,-0.034429893071544454,-0.04379751774709151,0.018730747457378138,46.54011022657685
1 hafta,2024+,ADA,−1…0,8092,-0.00025051309511382985,-0.04761204889726885,-0.09426875794978072,-0.18513855479693614,-0.34053509106458446,46.140524492825335
1 hafta,2024+,ADA,0…1,8036,-0.00835967790658948,0.008440109717367913,0.05551092302476188,0.12631232599445832,0.1728588800138215,47.846115537848604
1 hafta,2024+,ADA,1…2,3034,0.008169333574349113,0.06273748275824874,0.06231776751990123,0.0740152149224214,0.20939643304150654,46.80290046143705
1 hafta,2024+,ADA,2…3,555,0.10778101409803427,0.2514218446238513,0.34286354327666946,0.5101477749095256,1.3513206170331875,51.44404332129964
1 hafta,2024+,ADA,≥3,136,0.10255782230053057,0.4194931641792066,0.8381787988365175,0.9776487053084034,1.4813126611957195,53.67647058823529
1 hafta,22-06→23,APT,≤−2,257,-0.1755679674046268,-0.008407280479611465,-0.1110263615641556,-0.24733979765713576,-0.20486770297112175,45.525291828793776
1 hafta,22-06→23,APT,−2…−1,1050,-0.008167381162084273,0.004200846980652062,-0.02218171539208699,-0.142792012017391,-0.5455234637170114,48.38095238095238
1 hafta,22-06→23,APT,−1…0,3507,-0.0022562716128995694,-0.08270596083112187,-0.08406979065805123,-0.1323647474551796,-0.3121935898966484,46.39292842885657
1 hafta,22-06→23,APT,0…1,3509,0.005295708278016685,0.052637523966899094,0.046258519752448685,0.04284682947812476,0.32634130856099414,47.96238244514107
1 hafta,22-06→23,APT,1…2,1043,0.03171431510894747,0.044240346948552334,0.09309293890338537,0.22567252522751657,0.15922447009534693,50.23969319271333
1 hafta,22-06→23,APT,2…3,196,0.04938758082527829,0.19825343503952333,0.3925589997375742,1.5090135098113622,2.0569548613008015,57.6530612244898
1 hafta,22-06→23,APT,≥3,45,0.005973900925979587,0.40209243674187356,0.2288597085628223,-0.08425569850237545,0.13216954375676768,53.333333333333336
1 hafta,2024+,APT,≤−2,590,0.017431186297849954,-0.01150477606683585,0.027367299260316863,0.04671058665165706,0.6000168063067852,46.6893039049236
1 hafta,2024+,APT,−2…−1,3251,0.02317992747232553,0.027402172817146464,0.023765212383337238,0.07959839880922019,0.21540810429994348,47.79932286857495
1 hafta,2024+,APT,−1…0,8255,-0.0180491697198493,-0.02676697230142848,-0.02392607603469542,-0.10759148828529465,-0.0362548982630093,47.80393108468818
1 hafta,2024+,APT,0…1,8001,0.0035648346011857607,-0.02168757049007876,-0.04261037004381501,-0.029713879651920926,-0.2511811318332675,47.4415113224071
1 hafta,2024+,APT,1…2,3251,0.0077743941892239295,0.07689895581481326,0.109333007480579,0.22789093200344737,0.30489187792967337,48.61538461538461
1 hafta,2024+,APT,2…3,480,0.044595405480369325,0.07590736985597217,0.03557439676991968,0.1845942035993108,0.3522902192193348,52.916666666666664
1 hafta,2024+,APT,≥3,104,-0.11388374150946992,0.24700495658965044,0.6960985439964921,0.08551544708986789,0.8632379920034372,44.230769230769226
1 hafta,22-06→23,ARB,≤−2,157,-0.12979384810788788,0.19348326568912153,-0.14933986934176685,-0.2516146055779142,-0.8981795167068799,47.77070063694268
1 hafta,22-06→23,ARB,−2…−1,704,-0.004674054189437303,-0.017501338805165835,0.037786757904562894,0.1145270375174177,0.19211449827699015,50.85227272727273
1 hafta,22-06→23,ARB,−1…0,2626,-0.009635406417080565,-0.03052188659595069,0.005551691265715089,0.058207551998182394,-0.046726737536949454,50.11424219345011
1 hafta,22-06→23,ARB,0…1,2224,0.01831732261442278,-0.015542951027103413,-0.06470730127038557,-0.05474263548534695,0.15555953078406087,47.257194244604314
1 hafta,22-06→23,ARB,1…2,729,-0.009339742336584845,0.07930514355561796,0.12474089055228893,-0.11875195249662568,0.03477770781849278,47.46227709190672
1 hafta,22-06→23,ARB,2…3,134,0.10124789593691352,0.19693180841866698,0.18528339432293017,0.07902699421597628,-1.3146170582507035,45.52238805970149
1 hafta,22-06→23,ARB,≥3,57,0.025867967840412308,0.2185921949253043,0.18264376546532818,0.06581762422376454,-1.1699766587689533,54.385964912280706
1 hafta,2024+,ARB,≤−2,658,-0.017245057863120857,-0.024174646164178908,0.03635640915477324,-0.07367315953816493,-0.4641444537330692,45.35768645357686
1 hafta,2024+,ARB,−2…−1,2956,-0.003157882419215535,-0.0230265723134061,-0.11306550295535137,-0.18920522492011918,-0.5169646660853089,45.220338983050844
1 hafta,2024+,ARB,−1…0,8903,0.005359895768566489,-0.0014400846012510898,0.012209065921071929,-0.029254954117490104,-0.017692271111325417,47.302158273381295
1 hafta,2024+,ARB,0…1,7982,-0.01742920026253215,-0.0271442050325433,-0.04994439377150315,-0.038590650951874535,-0.06365561818992263,47.623824451410655
1 hafta,2024+,ARB,1…2,2714,0.04060534482360669,0.07941072991600537,0.12049407694254737,0.25720146089678686,0.5500487810892606,51.43911439114392
1 hafta,2024+,ARB,2…3,558,-0.014532363450640596,0.07524053300627917,0.267999884973843,0.4413483879114441,1.1964339008621898,51.61290322580645
1 hafta,2024+,ARB,≥3,161,0.06191452698525448,0.3475740223308718,0.7682599100842666,1.4365393355058325,2.089349403252101,52.79503105590062
1 hafta,2024+,BNB,≤−2,211,-0.0458169575382366,-0.008106315015677705,-0.07482376494700364,0.051269218315730024,0.6028901456659334,53.84615384615385
1 hafta,2024+,BNB,−2…−1,1149,0.010118457770674721,0.04207086489050408,0.0018615201209493495,-0.03743379907392496,0.2309592031806481,53.61552028218695
1 hafta,2024+,BNB,−1…0,2664,-0.0016771904852393568,-0.003897049729965297,-0.019188700468636567,-0.05877485698768371,-0.11337486582564771,49.41707408800301
1 hafta,2024+,BNB,0…1,2712,0.008265124816860385,-0.02146840290802587,0.016187279087454223,-0.02633032708624709,-0.20098423897121417,48.50608631501291
1 hafta,2024+,BNB,1…2,1019,-0.02039081092836884,0.021577254074477827,0.02769339440960717,0.19667224541609624,0.2974697040252414,51.76817288801572
1 hafta,2024+,BNB,2…3,191,0.0006582942450967004,0.02244805950745403,-0.005783406346951977,0.2688971890259617,0.6907215363114373,52.879581151832454
1 hafta,2024+,BNB,≥3,57,0.012268333308523668,-0.07519102669106267,-0.11371167960890936,0.13821198708213206,0.3800542673730953,52.63157894736842
1 hafta,22-06→23,DOGE,≤−2,428,0.05112207429672203,0.05859713113446452,0.06736489403841031,0.2428673182559231,-0.06931908809736675,54.90654205607477
1 hafta,22-06→23,DOGE,−2…−1,1748,-0.05494752429746169,-0.07663395832868024,-0.12049152756273716,-0.35424546355911835,-0.5725062697521877,49.14187643020595
1 hafta,22-06→23,DOGE,−1…0,4800,-0.014501703045082494,-0.05467263979233788,-0.06233590709993012,-0.14297728644882426,-0.23109225184714202,49.8125
1 hafta,22-06→23,DOGE,0…1,4567,0.014092716574646448,0.034562105749253204,0.03805279580968004,0.061524476714599194,0.03678930380384311,50.448872345084304
1 hafta,22-06→23,DOGE,1…2,1742,0.013098039513139387,0.07654280159448187,0.12903912815939556,0.33516260449815893,0.882585244555597,50.5166475315729
1 hafta,22-06→23,DOGE,2…3,347,0.16612078056975735,0.2018077897464362,0.1163878259838978,0.6825466238723069,1.1464998043688661,52.73775216138329
1 hafta,22-06→23,DOGE,≥3,91,-0.011493769193879086,0.11093689736004331,0.46197268437363864,1.0976440919461838,0.3993039504920991,60.43956043956044
1 hafta,2024+,DOGE,≤−2,917,0.024139513736895473,0.08058448023713206,0.028869752634243642,-0.006891629565481164,0.44298918978712765,48.68421052631579
1 hafta,2024+,DOGE,−2…−1,3460,-0.029297142627123993,-0.09783887293888532,-0.1366574540142392,-0.21321017585280527,-0.2021408031377465,47.81476121562952
1 hafta,2024+,DOGE,−1…0,7820,-0.01446839434092446,-0.05012508986273262,-0.09201275866402472,-0.22981677688086333,-0.3432914972238114,47.69467213114754
1 hafta,2024+,DOGE,0…1,7945,-0.0004154391092663403,0.028239126763799246,0.042331747063049645,0.07388005250615706,-0.012907926882675756,48.43868043314027
1 hafta,2024+,DOGE,1…2,3036,0.04624421785856383,0.10065352805310211,0.16905650965096872,0.4024362700229085,0.5080976541942428,50.5270092226614
1 hafta,2024+,DOGE,2…3,582,0.04519885065498123,0.0044672990831735315,0.19926782206852223,0.9233277365405783,2.0306458453547425,56.529209621993125
1 hafta,2024+,DOGE,≥3,172,0.168414841474286,0.7205142191006381,1.162722081154962,1.1128318730283526,2.079880670359477,55.81395348837209
1 hafta,22-06→23,DOT,≤−2,385,-0.01553329331015727,-0.08720666859243233,-0.11645397754306398,-0.2906795275233533,-0.03740578003116029,43.896103896103895
1 hafta,22-06→23,DOT,−2…−1,1953,-0.012095267777327596,-0.017610158719933697,-0.01134983519173045,-0.043794874814818356,-0.06046929034628298,49.513568868407575
1 hafta,22-06→23,DOT,−1…0,4613,-0.002576993143737905,0.0014101321904978889,-0.01941553172266094,0.07171151780059885,0.07856403140381729,50.96466507695643
1 hafta,22-06→23,DOT,0…1,4476,3.024814956205706e-05,-0.000502668804127928,-0.00019042801117858722,-0.05589949742518295,-0.020723858501541438,48.056300268096514
1 hafta,22-06→23,DOT,1…2,1960,0.0076930883169065,0.040113034076642816,0.08389437485053382,0.0605311812969486,-0.1509169357559741,48.673469387755105
1 hafta,22-06→23,DOT,2…3,287,0.07642508174357583,-0.042201190033121415,-0.020493847471625512,0.1137518905415923,0.517973008834428,46.34146341463415
1 hafta,22-06→23,DOT,≥3,49,0.08861638748186793,-0.05709371612423003,-0.023143416010007613,-0.7029383766667079,0.2036898712572656,42.857142857142854
1 hafta,2024+,DOT,≤−2,702,0.023117033089144316,0.09877759975700068,0.07578806221004737,0.2868381572868705,0.274876146238611,48.29059829059829
1 hafta,2024+,DOT,−2…−1,3287,-0.007197496396946956,-0.013021041748162838,-0.01986328563358461,0.08980617624316542,-0.18382029574681388,46.09756097560976
1 hafta,2024+,DOT,−1…0,8269,-0.0153576515759059,-0.05692147297183872,-0.0878315585761057,-0.20665916806104462,-0.25984291360863,44.99455271758867
1 hafta,2024+,DOT,0…1,7966,0.0042093307588227675,0.014283202946839994,0.012410529062840934,0.041209337898925044,0.0777772609879087,47.8637848705705
1 hafta,2024+,DOT,1…2,3030,0.009337231757872103,0.03382167228202329,0.12131945653259323,0.2005430112039794,0.3457484720467752,49.63672391017173
1 hafta,2024+,DOT,2…3,548,0.11341043267729055,0.2797882480177866,0.3787412692663309,0.39978115703559175,1.3867599577308618,51.64233576642335
1 hafta,2024+,DOT,≥3,130,0.08036298450325566,0.5731071572888581,0.4933710002550896,0.4386039990655717,0.9825130656649734,50.0
1 hafta,2024+,FLOKI,≤−2,322,0.06946587409105126,-0.13282300174337341,0.08647915860861063,0.06761521820262853,0.9350237765070398,50.15673981191222
1 hafta,2024+,FLOKI,−2…−1,1207,-0.016498179667141327,-0.0312032574923665,-0.053861803854099055,0.023433261430207998,0.45062335379027374,48.05302402651201
1 hafta,2024+,FLOKI,−1…0,4290,0.013901565525234982,0.014933210986769021,0.02608456528950025,-0.016167886789250498,0.01873699312793086,47.25274725274725
1 hafta,2024+,FLOKI,0…1,4186,-0.016986995162548167,-0.006620315679499526,-0.042601037140612495,-0.004524968950443296,-0.17894670291945142,46.304711791437455
1 hafta,2024+,FLOKI,1…2,1158,0.009764106403131748,0.01270849113875536,0.14237110769757982,0.05698949180730638,-0.35245385872372736,47.83737024221453
1 hafta,2024+,FLOKI,2…3,232,-0.048426285427748315,0.06965614170630122,-0.4439051186598107,-0.514917872937067,0.42573156569255577,44.396551724137936
1 hafta,2024+,FLOKI,≥3,70,0.129744740009754,0.1879430066629678,0.6099619713446921,1.3499535267453104,1.9661612865067044,55.88235294117647
1 hafta,22-06→23,LINK,≤−2,342,-0.007648065064034545,-0.16037251340709893,0.056650137873120475,0.17140813536673036,-1.0457097360105259,56.14035087719298
1 hafta,22-06→23,LINK,−2…−1,1712,-0.01245908610707646,-0.024006412552478252,-0.043527517075185165,-0.06721586318657628,-0.5225949673194635,50.350467289719624
1 hafta,22-06→23,LINK,−1…0,4907,-0.0022657433024950422,-0.019349479694716377,-0.04659101531767892,-0.04466286909853344,-0.1436549500068292,50.397391481556966
1 hafta,22-06→23,LINK,0…1,4660,0.0018793006148707853,0.02094662334508727,0.024112940668179456,0.010100381536572731,0.1795307834423383,50.60085836909871
1 hafta,22-06→23,LINK,1…2,1729,0.011779997654754792,0.03844256485933301,0.08483142832508304,0.09714810108692354,0.4849392900198825,54.59803354540197
1 hafta,22-06→23,LINK,2…3,302,0.010586740001580573,0.13203435314265496,0.17346705643782973,0.3014832617017013,0.9795691619129548,51.98675496688742
1 hafta,22-06→23,LINK,≥3,71,0.03860906706636147,-0.18392337101311795,-0.3895777449020984,-0.42918472714272754,-0.19258051737120005,50.70422535211267
1 hafta,2024+,LINK,≤−2,675,-0.09629397614740175,-0.05986321548575423,-0.23537462568608844,-0.13560487843528427,0.12694726617248525,46.65676077265973
1 hafta,2024+,LINK,−2…−1,3686,0.003078234399246009,-0.032799527352701426,-0.018872094255404124,0.045522005930294755,-0.12343733004098752,50.0
1 hafta,2024+,LINK,−1…0,7826,-0.009437945001478846,-0.03850636766430284,-0.07679201574813763,-0.10848130761617175,-0.18129737647624303,48.58569051580699
1 hafta,2024+,LINK,0…1,7708,-0.0005005099546170525,0.010203373806379885,0.033715430019203296,-0.05735517403066492,-0.07968863708886931,48.40425531914894
1 hafta,2024+,LINK,1…2,3445,0.019621394100521536,0.06894642448744645,0.10540289194712593,0.19905943292530898,0.3953876798527284,50.44992743105951
1 hafta,2024+,LINK,2…3,485,0.0693245342454196,0.18697837581494275,0.23127343095762296,0.5693134680944258,1.362321544335507,52.37113402061856
1 hafta,2024+,LINK,≥3,107,0.2817466235486883,0.5199028071898362,0.8751176129199922,2.352378960441233,3.527482346205975,65.42056074766354
1 hafta,22-06→23,NEAR,≤−2,249,-0.019241451187552973,-0.20361550503918205,-0.17449068137478693,-0.6871978480841658,-1.2175602677427788,40.963855421686745
1 hafta,22-06→23,NEAR,−2…−1,1477,-0.048550151614292616,-0.07538434559391227,-0.09374951907364922,-0.22272293036732127,-0.5362484573250905,46.784021665538255
1 hafta,22-06→23,NEAR,−1…0,4260,0.005475101247930582,0.0004886062345778937,-0.03424780409645667,-0.03629400467525781,-0.1881235710093168,46.54929577464789
1 hafta,22-06→23,NEAR,0…1,3581,0.013535343245918489,0.022387413930110917,0.06977922202982845,0.19435061524826247,0.3730675590716933,49.28790840547333
1 hafta,22-06→23,NEAR,1…2,1380,-0.004408401471038853,0.0029548876475227175,0.0013000078040259955,-0.0906701667643683,0.3511916524159019,47.89855072463768
1 hafta,22-06→23,NEAR,2…3,325,-0.0015469694878980274,0.1918693649330297,0.22837455804588705,0.41330297374956043,0.47026170573330717,50.46153846153846
1 hafta,22-06→23,NEAR,≥3,59,0.19139082904733848,0.2263874372393188,0.03248692477495974,-0.8556219880630043,-1.3019758151899066,45.76271186440678
1 hafta,2024+,NEAR,≤−2,633,0.01632063646677475,0.05033516958578666,-0.0027467592482507052,0.05761702388989956,0.12781846931629004,48.657187993680886
1 hafta,2024+,NEAR,−2…−1,2994,0.0017412973778264053,-0.012966886716544954,-0.09255383215286743,-0.27928812526512664,-0.20816426639393087,45.85987261146497
1 hafta,2024+,NEAR,−1…0,8487,-0.019500099352283678,-0.04522935157959816,-0.052364510397107274,-0.1009516335326313,-0.28743006090903267,47.805568664464374
1 hafta,2024+,NEAR,0…1,8162,0.001883530888789083,0.0024299072852992172,0.05235552356382243,0.19688891692106986,0.2968392338158429,50.78431372549019
1 hafta,2024+,NEAR,1…2,2778,0.03319832239120713,0.05419358514745079,-0.010383379232477567,-0.13436239590641982,0.01540370099870677,47.92942023766655
1 hafta,2024+,NEAR,2…3,551,0.05490488322840287,0.22475718618708415,0.29776958947028553,0.3730364639217791,0.4148538748455777,53.72050816696915
1 hafta,2024+,NEAR,≥3,159,0.07613527791815487,0.6067229659305641,1.0067951328343787,1.3413752647889758,1.8005287144600333,59.11949685534591
1 hafta,22-06→23,OP,≤−2,330,-0.061040784434751735,-0.0011731389729216306,-0.010751202260535784,-0.6798891136652647,-1.8099226336274814,44.24242424242424
1 hafta,22-06→23,OP,−2…−1,1576,-0.02840191751164309,-0.05185056334964214,-0.07002310063452964,-0.09547818901864576,-0.1911365061879701,48.921319796954315
1 hafta,22-06→23,OP,−1…0,5250,-0.0220230900856618,-0.02298023520181683,-0.03801263775818145,-0.09338077699504818,0.06309604785878775,48.838095238095235
1 hafta,22-06→23,OP,0…1,4620,0.01294975896346368,0.019738487678930283,0.0062087019424844495,-0.02613777376043753,-0.20404459138445644,48.506493506493506
1 hafta,22-06→23,OP,1…2,1433,0.028799335000171105,-0.020194710024949377,0.05392823241157751,0.2366447737379645,0.47480374254767543,48.499651081646896
1 hafta,22-06→23,OP,2…3,274,0.273945766810092,0.5197576953087137,0.874343929986051,2.3683905315412526,3.0161903731282824,52.18978102189781
1 hafta,22-06→23,OP,≥3,63,0.06932746411316654,-0.030421327235792908,-0.5089356390444167,-0.035053000137446125,0.04932442029993919,46.03174603174603
1 hafta,2024+,OP,≤−2,481,-0.05684708978091676,-0.18437287478167033,-0.29388150880456276,-0.34342081830755994,-0.1643834706549518,44.79166666666667
1 hafta,2024+,OP,−2…−1,2732,0.00568506877025862,0.03514442795179271,0.08207561464505785,0.228460354648567,0.21807838446640015,48.99230487358007
1 hafta,2024+,OP,−1…0,7157,-0.013454510100367852,-0.07358909271221452,-0.09731063534482391,-0.21382457402035468,-0.2149653040029214,45.98151778213386
1 hafta,2024+,OP,0…1,6525,-0.010463183984814325,0.0401501187152212,0.01635900262908892,0.021535996144013393,0.011561869704731186,48.381653627857034
1 hafta,2024+,OP,1…2,2808,0.033951011046346125,0.030927027025411027,0.09512999537272407,0.20039061677218448,0.11687550047728476,50.10683760683761
1 hafta,2024+,OP,2…3,377,0.1233218236411461,0.16391633553540474,0.2566179984033204,0.3612840570379729,0.6724060422980157,53.84615384615385
1 hafta,2024+,OP,≥3,107,0.32228009148507336,1.0148535096695022,1.3292970229018115,2.142193386379713,3.3809555771973656,57.943925233644855
1 hafta,2024+,PEPE,≤−2,323,-0.021783519822913426,0.22392425640962452,0.2527216011704775,0.2399335717631367,1.4243686310912027,47.987616099071204
1 hafta,2024+,PEPE,−2…−1,2453,0.014548219861498955,-0.04973761163431074,-0.013152582438783075,0.013562990702416016,0.19326950730106568,48.8334015554646
1 hafta,2024+,PEPE,−1…0,5156,-0.012336685450112987,-0.005363811422742422,-0.03266729430200659,-0.062228192437054464,0.21150117524195555,44.899146625290925
1 hafta,2024+,PEPE,0…1,5886,0.0047258474153053275,0.017583963881542503,0.020658519001072018,0.054872157226760254,-0.24644219435118153,46.89255916907884
1 hafta,2024+,PEPE,1…2,2009,-0.002318809115996925,-0.023097224971858323,-0.04503506152695392,-0.12492945396869173,-0.4709519740963715,44.49427005480817
1 hafta,2024+,PEPE,2…3,281,0.04122357172779491,0.003143386532553259,0.1902163115494233,0.37970637493072124,1.370113559472039,50.88967971530249
1 hafta,2024+,PEPE,≥3,31,0.007575606536895362,0.6193462601412575,1.111179573246827,1.0318507615105168,-0.7165729161966525,54.83870967741935
1 hafta,22-06→23,SHIB,≤−2,265,0.06953903417329553,-0.0891561200197989,-0.04747915478456817,0.2796267649010994,-0.37660803927105746,49.43396226415094
1 hafta,22-06→23,SHIB,−2…−1,2130,-0.018609494973129886,-0.0116210371752315,-0.03080851335517015,-0.0054920158023194655,-0.03186829124962689,49.34272300469484
1 hafta,22-06→23,SHIB,−1…0,5322,-0.005350313095877577,-0.01809749354942017,-0.04947825889857741,-0.09945148338530406,0.009912080513786118,48.47801578354002
1 hafta,22-06→23,SHIB,0…1,3908,-0.007074151580580731,-0.001833061276356879,0.004197211020294799,0.009347367608064216,-0.21110243410748644,47.901740020470825
1 hafta,22-06→23,SHIB,1…2,1753,0.03487963535834555,0.08135326386807858,0.19350920380108375,0.27066401804965057,0.6059709244395451,49.11580148317171
1 hafta,22-06→23,SHIB,2…3,314,0.05059410371437681,0.00705097545744908,-0.0628459961860909,-0.10542137652334554,-0.46796840302003856,49.044585987261144
1 hafta,22-06→23,SHIB,≥3,31,0.009676824532878898,0.2268182991008329,0.18182939337009368,-0.3555976931704776,0.7932857668385033,45.16129032258064
1 hafta,2024+,SHIB,≤−2,605,0.034118491183092334,0.018274250908120383,-0.02893141394051859,0.28597876271304074,0.16483725529803667,53.31125827814569
1 hafta,2024+,SHIB,−2…−1,3363,0.009141115285889364,-0.022963492265669776,-0.01715299065648969,-0.10022993985703686,-0.16215702326974488,47.928464977645305
1 hafta,2024+,SHIB,−1…0,8388,-0.02066807786149543,-0.04070400355230571,-0.08994187360052433,-0.17019513549372825,-0.3095281522149187,45.08167401931561
1 hafta,2024+,SHIB,0…1,7884,0.004647061236094105,0.0031517153203016735,0.049481604869570615,0.07055619528537284,-0.04433459087973242,47.16190476190476
1 hafta,2024+,SHIB,1…2,3072,0.01730330874536415,0.08940623301397625,0.09856524559378127,0.2652293126299948,0.788694540965922,48.94033257254647
1 hafta,2024+,SHIB,2…3,560,0.051238935306464665,0.1508147092367811,0.11911820362719162,0.31295324943786224,1.505858947574401,48.658318425760285
1 hafta,2024+,SHIB,≥3,60,0.05845613972973411,0.39533753096240065,1.1717893964528703,0.7822945130551879,2.125805588088457,55.00000000000001
1 hafta,22-06→23,SUI,≤−2,131,0.023496079203240785,-0.14658385553640124,-0.22899998206203934,0.07295990101870863,-0.07103879833934805,48.091603053435115
1 hafta,22-06→23,SUI,−2…−1,430,0.001091493045923059,0.053918660652201425,0.1514734186434198,0.19839596749716787,0.7231745772078167,48.372093023255815
1 hafta,22-06→23,SUI,−1…0,1500,-0.006505737484083111,-0.014296453988997317,-0.058743379491013145,-0.0009284505507010303,0.06537187427486947,46.800000000000004
1 hafta,22-06→23,SUI,0…1,1636,0.011237523257289259,-0.003866943614696279,0.061574696539235654,-0.061560618439811914,-0.30557969227961884,47.18826405867971
1 hafta,22-06→23,SUI,1…2,394,0.000786161821179891,0.10204189825198373,-0.05250017990953411,-0.04248708266635234,-0.10930490024463246,48.47715736040609
1 hafta,22-06→23,SUI,2…3,75,-0.08656297771103467,-0.03257421611554638,-0.2942459598585741,0.48803306531759927,1.231006661543229,49.333333333333336
1 hafta,22-06→23,SUI,≥3,27,-0.22188276434775162,-0.5175177766909103,-0.18526625164680094,-0.46758277007134186,1.887118911884823,44.44444444444444
1 hafta,2024+,SUI,≤−2,771,-0.023888220489398086,-0.043746702794810556,-0.11821371192324119,-0.356826293157484,-0.4944853530882863,43.96887159533074
1 hafta,2024+,SUI,−2…−1,3113,-0.08008816377833047,-0.17809142733848699,-0.26543645175756087,-0.2470181708851012,-0.4681035846825827,46.03737113402062
1 hafta,2024+,SUI,−1…0,8465,0.013496572808708432,-0.021672475510575346,-0.048057966578957965,-0.17696001522295665,-0.47298971155102343,46.62250088725896
1 hafta,2024+,SUI,0…1,8002,0.01027825487438377,0.04857505523929971,0.0606591749647162,0.01061822336997577,0.21441927802341954,47.1058882360295
1 hafta,2024+,SUI,1…2,2865,-0.007220615569606946,0.047102575945457664,0.16025981334120165,0.5426334795182816,0.9502195441420163,50.174581005586596
1 hafta,2024+,SUI,2…3,542,0.08212800292674617,0.250138796549094,0.35344614983053735,1.1039478838517975,1.7166994469453953,52.767527675276746
1 hafta,2024+,SUI,≥3,174,0.2720935743585678,0.6424454441682254,1.0725909349513134,1.7259958391204477,2.729118768131761,58.620689655172406
1 hafta,22-06→23,SOL,≤−2,351,-0.04954496364305916,-0.34247622988333726,-0.48853493294885586,-0.8410052281222127,-1.0814848071730085,44.44444444444444
1 hafta,22-06→23,SOL,−2…−1,1723,-0.002935262888494736,-0.014177279461986766,-0.021536273524254402,-0.085772872522765,-0.021648909567275124,48.34590829947766
1 hafta,22-06→23,SOL,−1…0,4894,-0.01403052226609603,-0.04225962094222735,-0.07468451064974316,-0.07951814930210523,0.02013492618647382,48.36534532080098
1 hafta,22-06→23,SOL,0…1,4800,0.024293732051639188,0.032339928816425695,0.03692137485744337,0.06321066756556416,0.07222196194805586,49.104166666666664
1 hafta,22-06→23,SOL,1…2,1570,-0.014769910226650522,0.10470891227411157,0.22791418171708078,0.23811873853591398,-0.03660254116633569,48.47133757961784
1 hafta,22-06→23,SOL,2…3,313,0.036226490142568554,0.06426068379800558,0.17827805755523854,0.3284525628949654,0.2459379511550338,51.75718849840255
1 hafta,22-06→23,SOL,≥3,72,-0.1895406950109243,0.16273540937973777,-0.2327797327660107,0.72330612652647,-0.6641124539654286,51.388888888888886
1 hafta,2024+,SOL,≤−2,1151,-0.009067375246354429,0.0018425958967174605,-0.06810072703770155,-0.0032151990592237155,0.46753242194143135,52.62697022767075
1 hafta,2024+,SOL,−2…−1,3873,-0.007305799751429787,0.02440412726841203,0.019350863156936727,0.19183328420407833,0.3412102126274858,52.0951888256596
1 hafta,2024+,SOL,−1…0,6909,-0.006917740818817737,-0.04547136999601095,-0.05220242346557481,-0.21826943291650983,-0.26469584660336204,47.543834226923636
1 hafta,2024+,SOL,0…1,7590,-0.004907032866181129,-0.01842943293253425,-0.043366881981744966,-0.0722495204647592,-0.2875666627235755,49.17643958360786
1 hafta,2024+,SOL,1…2,3532,0.012308783690492953,0.04819257730674985,0.09773443713596686,0.16425505217743175,0.23721197608919542,52.9445073612684
1 hafta,2024+,SOL,2…3,729,0.06466676409758597,0.17256079693182663,0.26487941171711743,0.6660474926589938,1.2895423074327703,54.59533607681756
1 hafta,2024+,SOL,≥3,148,0.223892786114284,0.4148600502799635,1.0440952385791613,1.6954444697125846,2.5309327910976807,65.54054054054053
1 hafta,22-06→23,ZEC,≤−2,305,-0.07078892499755696,-0.20460761153028337,-0.3074456360312655,-0.31394517837688657,0.2253339511675184,47.21311475409836
1 hafta,22-06→23,ZEC,−2…−1,1740,-0.022438344355407733,-0.07145375413551933,-0.10806810080614324,-0.1946871835606421,0.014586737077316829,47.98850574712644
1 hafta,22-06→23,ZEC,−1…0,4851,-0.010322036570961781,-0.02499131265486696,-0.05274209063585966,-0.07073275401375403,-0.19467511945799473,49.494949494949495
1 hafta,22-06→23,ZEC,0…1,4797,0.01283620264326224,0.034650102934307356,0.08225547289704609,0.10258041718081809,0.2215819650691288,51.01104857202419
1 hafta,22-06→23,ZEC,1…2,1671,0.005874352675653734,0.03570785381206166,0.04695876619565141,0.10009929079374007,-0.16641489773112106,51.70556552962297
1 hafta,22-06→23,ZEC,2…3,277,0.10605983658093568,0.25232679705562133,0.24853672776683455,0.45979043058947383,0.021035114198484542,53.79061371841155
1 hafta,22-06→23,ZEC,≥3,83,0.11970672981607706,0.14685326651885822,-0.05097565451441257,-0.10930791427494037,0.7178928663761417,57.831325301204814
1 hafta,2024+,ZEC,≤−2,458,-0.009678372138235145,-0.11864667097693062,-0.2118256029896009,0.03858595892532518,-0.8885045648071558,49.34497816593886
1 hafta,2024+,ZEC,−2…−1,2341,-0.029933757983464114,-0.1670057807496809,-0.2278922866220962,-0.46627135249393203,-0.7295222633072828,47.01844701844702
1 hafta,2024+,ZEC,−1…0,10115,0.010655586641752755,0.04068475329510609,0.0508243921759496,0.24894606387947416,0.5428848935872227,51.88557854102742
1 hafta,2024+,ZEC,0…1,7826,-0.0012342932169654738,0.0017584611050433844,0.0016928505469155069,-0.12001310618235655,-0.5113675265877027,49.079754601226995
1 hafta,2024+,ZEC,1…2,2219,-0.0035232831338194606,-0.011968711676519868,-0.0415615415782775,-0.2886320258731586,-0.30179325987080907,49.50405770964833
1 hafta,2024+,ZEC,2…3,524,-0.039333401515929484,-0.011045016543264372,0.03584130091754233,-0.20560793926188947,0.3660066636523712,48.66412213740458
1 hafta,2024+,ZEC,≥3,281,0.0170659473672406,0.18557620794172305,0.6261984548308557,0.8576904143483296,3.9155989046618087,53.736654804270465
1 hafta,22-06→23,XRP,≤−2,132,-0.025697417009088286,0.01365788533821125,0.1635504741045315,0.3065471446645992,-0.05253584264511162,52.27272727272727
1 hafta,22-06→23,XRP,−2…−1,630,-0.04731961095180257,-0.10338213727138917,-0.18925776024957974,-0.24270684854042213,-0.34763725195051287,45.87301587301587
1 hafta,22-06→23,XRP,−1…0,1262,-0.006596869240863557,-0.003822787236816105,-0.06739670632360664,-0.18774092802390951,-0.4317688870193369,46.98890649762282
1 hafta,22-06→23,XRP,0…1,1259,0.029862064163491634,0.029832445911250415,0.06993249698578508,0.0733910742893285,0.2545933038982311,48.768864177918985
1 hafta,22-06→23,XRP,1…2,554,0.007134479448433502,0.0686759913029799,0.13569374501430906,0.42088091260588867,0.628862421165208,48.194945848375454
1 hafta,22-06→23,XRP,2…3,95,0.02279937281087795,0.059352855899161096,0.23853867724052327,0.2862454514553544,0.9716498930988816,41.05263157894737
1 hafta,2024+,XRP,≤−2,1152,-0.027857400079510358,-0.0352173588824946,-0.07355161133397871,0.05662016081445357,0.0629124363985681,50.96322241681261
1 hafta,2024+,XRP,−2…−1,3883,-0.006733788828848255,-0.045648361810683324,-0.055065168746963024,-0.023495523940105782,-0.043399113312979784,48.19308208569954
1 hafta,2024+,XRP,−1…0,6867,-0.0025353008199222437,-0.017096774269678348,-0.04422845106635666,-0.10507592398404583,-0.15079996724242667,47.55866491765049
1 hafta,2024+,XRP,0…1,7498,0.005538161909121515,0.02081767568338913,0.030565961252344225,-0.028317561053463294,-0.03549186229301121,48.23953054147773
1 hafta,2024+,XRP,1…2,3689,0.004484965431121654,0.02341710729663289,0.060554913273106026,0.12610230607450232,0.15355839860163087,48.60395771211711
1 hafta,2024+,XRP,2…3,705,0.0073698996634759375,0.05428868072736104,0.0780557325417034,0.3858714162099253,0.46883284339711545,50.212765957446805
1 hafta,2024+,XRP,≥3,138,0.0894810994402896,0.39340475689810006,0.6814590172505361,1.6114613608002462,3.6219177355593426,58.69565217391305
1 hafta,22-06→23,UNI,≤−2,332,-0.0411281524643541,-0.19429264918456676,-0.15318011749113056,0.3444693704537118,0.28430533123591906,58.13253012048193
1 hafta,22-06→23,UNI,−2…−1,1850,-0.035422836186932205,0.026044540582139418,0.006175429945509464,-0.07386147178301146,-0.2386421216763337,49.45945945945946
1 hafta,22-06→23,UNI,−1…0,4771,0.0008508470749410191,-0.031447474411859404,-0.03260899933344276,-0.12682946430864175,0.10307275371143022,49.36072102284636
1 hafta,22-06→23,UNI,0…1,4579,0.010227415444385712,0.008660669986392503,0.012873287095809113,0.012185118630379604,-0.0878077149698887,50.0764359030356
1 hafta,22-06→23,UNI,1…2,1775,0.0004307314015713725,0.023881391025982676,0.006893942680279272,0.16310173181045182,0.05060975245192341,52.0
1 hafta,22-06→23,UNI,2…3,352,0.08806033268881822,0.22088101217373418,0.3064583552127678,0.5862194644073779,0.32913773927466916,55.68181818181818
1 hafta,22-06→23,UNI,≥3,64,-0.054151851478888076,0.10252916636460073,0.24924872693153585,1.1833247247033045,0.8081434249051815,57.8125
1 hafta,2024+,UNI,≤−2,693,0.051557316933655936,0.0604071104027038,0.1333429156856767,0.20009946029204262,0.2939962565725691,48.69942196531792
1 hafta,2024+,UNI,−2…−1,2956,-0.015771430799961066,-0.01843680261922184,-0.006466842349958749,0.20529984136652854,-0.050597958650762734,48.43962008141113
1 hafta,2024+,UNI,−1…0,8538,-0.008441023110430391,-0.034581001025218855,-0.017688524753195583,-0.03715481079496863,0.180277527523759,48.46424384525206
1 hafta,2024+,UNI,0…1,8200,0.0012253362425359519,0.013466173388156793,-0.006634060915742206,-0.09571529904380897,-0.1518027885857422,48.14453125
1 hafta,2024+,UNI,1…2,2840,0.01281720851457886,0.03605488196074505,0.011050307464092069,0.03839622814264636,-0.19630344861162,49.29577464788733
1 hafta,2024+,UNI,2…3,540,0.012624610627321722,0.03476186960250958,0.06485932189170675,0.48864367248436774,0.2165649381077564,52.03703703703704
1 hafta,2024+,UNI,≥3,165,0.17982092462820082,0.4615705154035983,0.39778482194103865,-0.09439614599593259,0.5344294462224949,45.45454545454545
1 hafta,2024+,PUMP,≤−2,255,0.0540726497797687,-0.18987482245438383,-0.0675655145442106,-0.3919131249923007,-0.22185278907968292,46.8503937007874
1 hafta,2024+,PUMP,−2…−1,893,0.023784898086229262,-0.10565997703685039,-0.05193181871978405,-0.1698616271006581,-0.033899077269334846,50.22522522522522
1 hafta,2024+,PUMP,−1…0,3378,0.008875918833883632,0.022870066147489248,-0.01266845993028856,0.06681203996704048,0.4376384790374104,50.20771513353116
1 hafta,2024+,PUMP,0…1,3264,-0.015131060622485053,-0.011184905205437965,-0.02235912291571188,-0.11761914924920934,-0.7682479033118527,47.44929317762753
1 hafta,2024+,PUMP,1…2,893,0.005608022523864204,0.08908029821154917,0.1895780979822384,0.5096693813864733,1.2373958656631254,50.336322869955154
1 hafta,2024+,PUMP,2…3,167,-0.1392038487721153,0.2321813646207214,0.28052584489948823,0.16530302645598216,0.42704422543475234,46.10778443113773
1 hafta,2024+,PUMP,≥3,46,0.05757016987263476,-0.3588897288870604,-0.8060495149722917,-1.6145977833359562,-1.6453312567033183,39.130434782608695
1 hafta,22-06→23,AVAX,≤−2,396,-0.008024109260653837,-0.0062378131010687845,-0.0034885174429862497,-0.030118565122857762,-0.8836928518967169,46.717171717171716
1 hafta,22-06→23,AVAX,−2…−1,1850,-0.004947065512660024,-0.06602294866943674,-0.13591093672085225,-0.12360522082083936,-0.13682111593333515,48.16216216216216
1 hafta,22-06→23,AVAX,−1…0,4856,-0.010077130304088636,-0.028081976135066467,0.005954918826146902,-0.009903129564989982,0.18971981260052523,49.443986820428336
1 hafta,22-06→23,AVAX,0…1,4511,0.0025757951562832143,0.037131887288871325,0.05565999036838371,0.0623246946316284,0.09590599833463566,49.23520283750831
1 hafta,22-06→23,AVAX,1…2,1744,0.014087399876493902,0.02677610459015261,-0.051700733646761025,-0.03459209723281924,-0.3799857420776728,47.64908256880734
1 hafta,22-06→23,AVAX,2…3,298,0.06384222986440866,0.08940947079490977,0.16929315321388325,0.35436330318158626,-0.15927049521379358,50.671140939597315
1 hafta,22-06→23,AVAX,≥3,69,0.08770059982756054,0.29181467936458055,0.18165367089369314,-0.5468425620660314,-0.5897419259529011,47.82608695652174
1 hafta,2024+,AVAX,≤−2,766,0.028613602766717497,0.03810396172898143,-0.04922803424886511,-4.288862022483204e-05,0.24795313515711984,47.90575916230366
1 hafta,2024+,AVAX,−2…−1,3378,0.005910925874891311,-0.021217892981879215,-0.025760964906628034,0.11097130456260025,0.13585912786158838,48.72403560830861
1 hafta,2024+,AVAX,−1…0,7894,-0.013508796741917562,-0.05670450666637719,-0.10528567846001562,-0.20717076301739476,-0.2141275152627926,46.08452849346364
1 hafta,2024+,AVAX,0…1,8074,-0.004095555467576718,0.0008941555833701963,0.0067218053679568065,-0.032788287686473905,-0.28399782822848146,46.977953926182806
1 hafta,2024+,AVAX,1…2,3151,0.021432156336806066,0.1119632443695023,0.22532991099164065,0.3690926498918712,0.7296786000096629,52.30085687083466
1 hafta,2024+,AVAX,2…3,554,0.060358970251240054,0.16534804093474528,0.19371295583106718,0.45232860661473695,1.3507056714905223,53.61010830324909
1 hafta,2024+,AVAX,≥3,115,-0.027464026140058585,0.33339257491509755,0.728118425070652,0.9520831239189776,2.5095869315347454,56.52173913043478
1 hafta,2024+,MET,≤−2,71,0.06461507925214859,-0.19353341706334395,-0.455776319696259,-0.7602858486262994,-0.5831945275128866,50.70422535211267
1 hafta,2024+,MET,−2…−1,192,-0.14437619932703807,-0.2322576829446313,-0.3886795276887267,-0.30346404321721804,-0.5110773481051787,45.26315789473684
1 hafta,2024+,MET,−1…0,862,0.02895315918158758,0.06254348219803428,0.16797217482563007,0.4856296215810372,0.250863281405323,49.47245017584994
1 hafta,2024+,MET,0…1,758,-0.057895175201975776,-0.017516079529699226,0.1538461135613896,-0.2703427766308366,-0.2504570607911281,45.50335570469798
1 hafta,2024+,MET,1…2,197,0.17705605286709925,0.20276940985453482,-0.46408229401545203,-0.2140366738325815,0.3037908648467792,50.0
1 hafta,2024+,MET,2…3,67,0.016104821267423602,-0.4161217400834453,-0.8976530111046592,-0.5701713934801814,1.1726565782985803,44.776119402985074
1 hafta,2024+,MET,≥3,22,0.27992364141296117,0.2532497224563853,-0.08823170056258176,-0.9566165327524703,-1.1486311713730213,45.45454545454545
1 hafta,22-06→23,SAND,≤−2,349,-0.004522687054421974,0.15645834463934438,0.2964348821561502,0.3822114008019779,0.5766998377198793,53.86819484240688
1 hafta,22-06→23,SAND,−2…−1,1568,-0.020239114633343495,-0.10880684564613646,-0.1310758325554101,-0.19080573891927194,-0.2657775609711752,47.95918367346938
1 hafta,22-06→23,SAND,−1…0,4982,-0.016884920327681303,-0.040340231875763743,-0.09288273326980537,-0.15073357959528325,-0.1598240612225702,47.65154556403051
1 hafta,22-06→23,SAND,0…1,4872,0.006982383536451689,0.012803466547752143,0.02982646707259559,0.04779943882279,-0.046750711357825256,48.19376026272578
1 hafta,22-06→23,SAND,1…2,1569,0.05218007575931442,0.12681170466951552,0.21323327935610878,0.3603040679709945,0.6001544462722154,52.071383046526456
1 hafta,22-06→23,SAND,2…3,264,-0.009394433036467581,0.07412850711201069,0.20735360475612752,0.5308033269162369,1.0939498020020475,55.68181818181818
1 hafta,22-06→23,SAND,≥3,79,0.05095495525638741,0.45650920727059024,0.3822024579939104,-0.27318624819976534,0.1144156589251539,44.303797468354425
1 hafta,2024+,SAND,≤−2,652,-0.03083847422941117,-0.05135498044715595,-0.12157649217063357,0.17061909830789887,0.01813270596784051,47.31182795698925
1 hafta,2024+,SAND,−2…−1,2549,-0.020335794024543566,-0.07429407233852403,-0.11223099407334289,-0.24333294816218104,-0.3550938648346831,47.90113770105924
1 hafta,2024+,SAND,−1…0,7532,0.006898740059572701,-0.004753127595344582,-0.013913531938015299,-0.09262253369300429,-0.16672674848861982,47.04708699122107
1 hafta,2024+,SAND,0…1,7481,0.00990449543053342,0.021949484554196673,0.03281934395885333,0.06920312704447901,0.2296513363310048,48.642140468227424
1 hafta,2024+,SAND,1…2,2604,-0.01570699117788702,0.008388170835198834,0.03878129627993948,0.1663292000117256,0.16480579708419105,49.32718185313341
1 hafta,2024+,SAND,2…3,485,-0.09958455910502662,0.03961367091210307,0.10168091489387511,0.2473201574049165,-0.288947074790477,49.79338842975206
1 hafta,2024+,SAND,≥3,127,0.27639451299418394,0.4207064022025839,0.5840844799746517,1.070080945661445,1.137813813085118,59.055118110236215
1 hafta,2024+,ENA,≤−2,299,0.011081092891302814,0.12654095453246425,-0.023263339633680467,0.08170572790443285,1.1870460421715423,48.322147651006716
1 hafta,2024+,ENA,−2…−1,1231,-0.0464358727505353,-0.21096174443393456,-0.368629695553108,-0.5914784181376708,-0.4938506123981464,41.70073589533933
1 hafta,2024+,ENA,−1…0,4415,-0.0028700920640131623,-0.05007893513660097,-0.010794797382116927,0.043575059914949664,-0.07429747403387552,45.45867393278837
1 hafta,2024+,ENA,0…1,3905,-0.005438927853249632,0.032183756547344164,0.027519676571439295,-0.03992760179819038,-0.04098447695573739,45.07944643772424
1 hafta,2024+,ENA,1…2,1087,0.058825860249230685,0.16591914104264127,0.19779713027469414,0.4307880349458795,0.4762133602667336,48.47926267281106
1 hafta,2024+,ENA,2…3,221,0.0378494144531436,0.3326609804236627,0.5683033924971423,0.5413762995082447,0.03274693450671558,51.13122171945701
1 hafta,2024+,ENA,≥3,86,0.17858697535357862,0.7287658745712255,0.6754522591976292,0.8822506594226724,2.4763763536389343,47.674418604651166
1 hafta,2024+,WLD,≤−2,291,-0.02810502644017978,-0.11993306748291437,-0.17860143694889993,-0.15110183181925763,0.0780862684480417,43.29896907216495
1 hafta,2024+,WLD,−2…−1,1241,0.0006038832704283794,-0.10544953251195811,-0.22256596665712697,-0.4803461243632419,-0.36591998079687,41.76090468497577
1 hafta,2024+,WLD,−1…0,4598,-0.024034630301702827,-0.016433302564398497,-0.0071542502767114,-0.0012335746836952236,-0.1524044030365083,44.99236308095134
1 hafta,2024+,WLD,0…1,4445,0.03468268774891423,0.026419338579609947,0.04264001293064447,0.014418593414145333,-0.02849735914712626,46.13651723361117
1 hafta,2024+,WLD,1…2,1196,0.002467480751889317,0.05543989927632238,0.09788005927566529,0.2746948164353069,0.7054593825784657,49.03765690376569
1 hafta,2024+,WLD,2…3,256,-0.12827616396242822,0.14697340982223042,-0.09007084200478727,0.6849770134019555,1.601065025318351,53.515625
1 hafta,2024+,WLD,≥3,76,-0.08400857403532719,0.26152998326067933,1.017122987145987,1.0088690863156566,0.03184059079913062,53.94736842105263
1 hafta,22-06→23,QNT,≤−2,334,0.1261776763178656,0.2258589322385925,0.24468230018273676,0.13216600442005727,-0.747937600651662,46.706586826347305
1 hafta,22-06→23,QNT,−2…−1,1747,-0.013127831087002788,-0.04577761954839749,-0.087168120585087,-0.23164071372317102,-0.6144850725436964,43.159702346880366
1 hafta,22-06→23,QNT,−1…0,4866,-0.018938445505492972,-0.03898520097252604,-0.030026898191496915,-0.12176443916505877,-0.0957816152277467,45.848746403616936
1 hafta,22-06→23,QNT,0…1,4689,-0.0002798201313549133,-0.0004550493440499915,0.0009967423207270709,0.05443886783966143,0.09717822363195126,49.0296438473022
1 hafta,22-06→23,QNT,1…2,1747,0.03172874208680389,0.08712550725682525,0.08951905178877807,0.281251356287343,0.6538297252201546,49.11276473955352
1 hafta,22-06→23,QNT,2…3,292,0.03679962604920096,0.13992187957020324,0.18885258592386914,0.6297194515870488,0.5158611251107699,51.02739726027398
1 hafta,22-06→23,QNT,≥3,49,0.16493726964215646,0.06748739342346151,0.009413095801682212,0.46021615872812077,0.833658182602746,53.06122448979592
1 hafta,2024+,QNT,≤−2,620,-0.06131561418818458,-0.07530697306340961,-0.20584437019685492,-0.41579653642336906,-0.8107114668765137,42.58064516129032
1 hafta,2024+,QNT,−2…−1,2634,0.009685230064876413,-0.004667132454715811,0.0012545883715766345,0.03407823421834005,0.009179948892820006,44.44444444444444
1 hafta,2024+,QNT,−1…0,8725,-0.014083491979070583,-0.029936881878225758,-0.05495247586607412,-0.026684353126175932,0.0383149849802332,45.82807299437622
1 hafta,2024+,QNT,0…1,8551,0.008348108660766136,0.026280307919209947,0.04980387758067759,0.01721927480002692,-0.012840924953492431,45.6811797752809
1 hafta,2024+,QNT,1…2,2604,0.03405930888607468,0.05215116220457189,0.06719493120155605,0.0931997786864858,0.1768076397370793,47.77265745007681
1 hafta,2024+,QNT,2…3,477,-0.04868580733978427,-0.17775521086742938,-0.1806181107649473,-0.25807138781099287,-0.48428251747465334,46.12159329140461
1 hafta,2024+,QNT,≥3,153,-0.009628322452326768,0.2902262290045938,0.5804454553960458,0.8759697139860622,0.16307613257557346,56.209150326797385
1 hafta,2024+,TAO,≤−2,289,-0.010751580386875445,-0.15891900966683917,-0.2376242430393923,-0.5135473290845327,0.18980034501795456,42.1602787456446
1 hafta,2024+,TAO,−2…−1,1442,0.004908924983976905,-0.019320871506544896,-0.042950354516223935,0.029368077668030963,0.39249039524741314,46.89895470383275
1 hafta,2024+,TAO,−1…0,5560,0.002390165114936634,-0.005778406489521669,0.01809427456577349,0.08464762379132962,-0.05664107634569364,46.71111912056226
1 hafta,2024+,TAO,0…1,4570,-0.020796786588254235,-0.024253743250918967,-0.04801045582385847,-0.1487532083442866,-0.2751968251177408,44.75355969331873
1 hafta,2024+,TAO,1…2,1460,0.02696985514604285,0.0425729896758847,0.038990797246038315,0.1126311181320156,0.3917809297358916,49.589041095890416
1 hafta,2024+,TAO,2…3,320,0.032082479142523886,0.17992018773812984,0.050747662849987496,-0.15965464827028067,0.05290102458615467,48.4375
1 hafta,2024+,TAO,≥3,122,0.23059269737666707,0.7935712678355917,1.442373884878202,1.6495219560734797,2.9293748302615006,55.73770491803278
1 hafta,22-06→23,LTC,≤−2,381,-0.024209041777846847,-0.03274854416136865,0.00869162088100994,0.6111595585400621,0.49001965550379767,51.70603674540683
1 hafta,22-06→23,LTC,−2…−1,1876,-0.01688077639799286,-0.02601093140651451,-9.601095094143855e-05,0.1890713186861775,0.3914957837800617,54.05117270788913
1 hafta,22-06→23,LTC,−1…0,4547,0.000540792013765205,-0.012597385390806449,0.006537668723979075,-0.0659297170035734,-0.09910738766828468,51.85836815482736
1 hafta,22-06→23,LTC,0…1,4763,-0.008705390203707943,-0.0015053955576905722,-0.03301239129658431,-0.03494438870984917,0.013915716839682166,50.45139617887886
1 hafta,22-06→23,LTC,1…2,1771,0.04372329345365903,0.0799505762174857,0.06469280759223535,-0.18276147768689846,-0.42104061612682486,48.39073969508752
1 hafta,22-06→23,LTC,2…3,306,-0.008754803491971656,-0.0817654497633197,0.0015733806286919155,0.5921602726302537,0.7634794123437271,48.69281045751634
1 hafta,22-06→23,LTC,≥3,79,0.06508596019972142,0.11584772409858858,0.1180687636426734,0.2676265131628743,-0.31322298372953317,53.16455696202531
1 hafta,2024+,LTC,≤−2,978,0.002587660281909442,0.03960305115248428,0.09469395683768156,0.38102832225829186,0.24430522258991347,54.8618219037871
1 hafta,2024+,LTC,−2…−1,3601,0.005823398495619404,-0.01670369318213227,-0.04007505661307005,-0.07802330547196182,-0.18035495331847048,48.82877858337981
1 hafta,2024+,LTC,−1…0,7623,-0.017200501803938492,-0.04685183158869183,-0.08439802228151101,-0.16786809001700267,-0.1762867855765967,49.8555292881534
1 hafta,2024+,LTC,0…1,7547,0.0005147093985776539,0.004486777078412224,0.025528093941112124,0.058442050655307484,0.034863638260644286,51.49065853981715
1 hafta,2024+,LTC,1…2,3448,0.02965852749957004,0.10580322658155937,0.133814663668274,0.21749710734755212,0.27021158768545783,53.596287703016245
1 hafta,2024+,LTC,2…3,595,-0.010552261247628092,-0.08777464330554834,-0.009910744929435404,-0.0170638382211072,0.7424179165031308,56.80672268907563
1 hafta,2024+,LTC,≥3,140,0.055441165019550896,0.22843281058864476,0.3328183459442832,0.034538151979685246,0.8097943963110383,57.14285714285714
1 hafta,2024+,RAY,−2…−1,53,-0.05343258217524952,-0.14898426710632054,-0.8186905448371075,0.1731099882764927,1.396026750515321,63.829787234042556
1 hafta,2024+,RAY,−1…0,250,-0.03620719014653723,0.09825303028807073,0.26467831302148775,0.2826586832825762,0.33982503239463613,61.15702479338842
1 hafta,2024+,RAY,0…1,238,0.09622370270124943,-0.11387843288953198,-0.10948894104272355,-0.13206141268497473,-0.9159444516547495,59.210526315789465
1 hafta,2024+,RAY,1…2,53,-0.25672758805978996,-0.10406097859808074,-0.3212418221018623,-0.7493249342438373,-1.0204034938088296,59.61538461538461
1 hafta,22-06→23,AAVE,≤−2,300,0.07406752461420267,0.07118066657799575,0.17728717752741016,-0.005600877873617057,-0.5681508118365832,52.666666666666664
1 hafta,22-06→23,AAVE,−2…−1,1865,-0.06518673959636023,-0.14540679475587778,-0.2289126022937423,-0.2709577388545376,-0.7276353983826275,48.47184986595175
1 hafta,22-06→23,AAVE,−1…0,4786,0.002259716251556872,-0.01443550262575442,-0.02234528059485083,-0.06911451339540925,-0.105533031097338,49.623903050564145
1 hafta,22-06→23,AAVE,0…1,4664,0.012901574128714843,0.04259652072708718,0.06621870625888343,0.09467149576925568,0.19330976210210388,50.34305317324185
1 hafta,22-06→23,AAVE,1…2,1760,0.02365520191002398,0.06901356898409676,0.07646892698810412,0.18569794555122052,0.5205531620883911,51.42045454545454
1 hafta,22-06→23,AAVE,2…3,285,-0.0023827948412469533,0.15380142209115308,0.24580889194832128,0.37910249910560123,0.8330031135105739,46.666666666666664
1 hafta,22-06→23,AAVE,≥3,63,-0.19982524738433385,-0.7150741518404718,-0.5207068055429304,-0.6130467499496356,-0.3588862651406324,47.61904761904761
1 hafta,2024+,AAVE,≤−2,724,0.07026519601507655,0.16027305498310515,0.2909718368931323,0.48225315314918493,0.7791018127409397,53.18559556786704
1 hafta,2024+,AAVE,−2…−1,3031,0.005905906217135186,0.046721030992351344,0.06261268060907059,0.2575748659306364,0.13480063815325813,51.55526141628061
1 hafta,2024+,AAVE,−1…0,8222,-0.00018040881761211068,0.00591866804477354,-0.003112656126823374,0.008663701380124952,0.16724511898779912,48.87968826108134
1 hafta,2024+,AAVE,0…1,8323,-0.015434983974160115,-0.04896535997394672,-0.060199759566676,-0.14105235395741655,-0.13970826191278177,48.17307692307693
1 hafta,2024+,AAVE,1…2,2919,0.01807291165176726,-0.0355001449389875,-0.04011677990031805,-0.056522597761324636,-0.4820798752850391,49.86291980808773
1 hafta,2024+,AAVE,2…3,541,0.03338359241131199,0.2793907809091242,0.25284333643913276,0.1682030408382903,0.21659453000001158,50.09242144177449
1 hafta,2024+,AAVE,≥3,172,-0.05560053632271487,0.3142321711480603,0.624763693768821,0.28933920319800166,0.6309962414654219,54.65116279069767
1 hafta,2024+,ONDO,≤−2,324,0.020333978073345665,0.014148017699504453,-0.0446454766934137,0.32641409937111115,1.4874026779841054,50.31055900621118
1 hafta,2024+,ONDO,−2…−1,1614,0.00668981023083061,-0.022565735933657165,0.01875305759225101,0.07908882501100638,0.48561450777596227,47.48290863890615
1 hafta,2024+,ONDO,−1…0,4533,-0.005461909690631036,-0.022759619444430758,-0.02822170445425498,-0.11701138491489213,-0.31777199425841035,46.33768532861253
1 hafta,2024+,ONDO,0…1,4219,-0.01743474848052778,-0.006386759213398952,-0.015436602672049658,-0.07125505995286645,-0.23353720417502608,48.62428842504744
1 hafta,2024+,ONDO,1…2,1469,0.03699956170142979,0.06755834095953017,0.043655083332090776,0.29952982293896446,0.715570733666036,49.31880108991826
1 hafta,2024+,ONDO,2…3,314,0.09952839912789639,0.17572856853212418,0.24515241193367707,0.19319154897066193,0.19631377478692935,51.910828025477706
1 hafta,2024+,ONDO,≥3,93,-0.050373327164392426,0.08014374490863409,0.3868660899197697,1.037146186024593,0.4757562316615454,55.91397849462365
1 hafta,2024+,ORCA,≤−2,347,-0.14649496466166048,0.029551678561160297,-0.0339293635606788,-0.4193831188645813,-0.2504684478436465,48.26589595375722
1 hafta,2024+,ORCA,−2…−1,1333,-0.03624080927959538,0.052155722955310194,0.17952746427752755,0.30861018023724585,0.8930553903650998,48.45980465815177
1 hafta,2024+,ORCA,−1…0,5470,-0.0026324985331151957,-0.013370695973811663,-0.016391196808107317,-0.11929473436168908,-0.17535807977210907,45.89893811790553
1 hafta,2024+,ORCA,0…1,5523,-0.004328116688461625,-0.0231156811678967,-0.03508147223423966,0.07215514687002249,-0.08077794162211624,46.099419448476056
1 hafta,2024+,ORCA,1…2,1247,0.09951495790512428,0.0922404450966642,0.046139882768949626,0.02536323282284407,0.433424646716678,47.630522088353416
1 hafta,2024+,ORCA,2…3,237,0.07953479838720982,0.05760415207569174,0.16145108379347614,0.4014671954089835,-0.30233675090501144,51.271186440677965
1 hafta,2024+,ORCA,≥3,130,-0.04260585921243271,-0.05858896801681586,-0.3068063363993184,-1.0623723401046794,-1.2645332069898967,46.92307692307692
1 hafta,2024+,PAXG,≤−2,306,-0.008237867610122955,0.017810400790611587,-0.0318280192090603,0.02482769722649584,0.11072949970618955,56.10561056105611
1 hafta,2024+,PAXG,−2…−1,1340,0.005034589137823577,0.007621111303363446,0.012726028922323355,0.09576636758717905,0.2944881924939134,59.38438438438438
1 hafta,2024+,PAXG,−1…0,3921,-0.0021492776322114696,0.0024113084489345957,-0.00043166673700399856,-0.013742388727174449,-0.02665006142270642,52.311621966794384
1 hafta,2024+,PAXG,0…1,4108,0.0023447424536645156,-0.002708161354784539,0.0035976331638908673,-0.026020497801661772,-0.08651398891510896,52.15801024140454
1 hafta,2024+,PAXG,1…2,1163,-0.0032310531479288755,-0.006941078436229064,0.00137230663276537,0.006090909938810099,0.06733466708509324,53.91229578675838
1 hafta,2024+,PAXG,2…3,211,-0.009580599393148335,-0.03390961167320379,-0.0959836232410743,0.07168271632791742,-0.09617827166905292,51.65876777251185
1 hafta,2024+,PAXG,≥3,70,0.004936737782637944,0.018263742472961555,-0.02575907880684515,0.046654174807616806,-0.3980366147189308,53.62318840579711
1 hafta,22-06→23,HBAR,≤−2,295,-0.08119945379527231,-0.19912189780859715,-0.14118403696835619,-0.151150024001162,-0.5505634954145221,49.49152542372882
1 hafta,22-06→23,HBAR,−2…−1,1504,-0.044447096600399014,-0.078036663307335,-0.12182773290045981,-0.14809772381821484,-0.1933735505507623,46.941489361702125
1 hafta,22-06→23,HBAR,−1…0,3295,0.000525611302264271,-0.01866654886903974,-0.016608486454173746,-0.022471923822515897,0.11420213174057042,48.25493171471928
1 hafta,22-06→23,HBAR,0…1,3625,-0.002355101174113609,0.004620533154954428,0.008088873334383422,-0.03874198122626167,-0.04308403890215416,47.42068965517242
1 hafta,22-06→23,HBAR,1…2,1466,0.0481917839310757,0.10596035163634315,0.12152135328069101,0.20790470018312257,0.03083393534785081,50.20463847203275
1 hafta,22-06→23,HBAR,2…3,111,0.03644727833232921,0.18138730532701958,0.27073612689292154,1.2003532860785104,0.5411214527888653,66.66666666666666
1 hafta,22-06→23,HBAR,≥3,27,0.8486230197763329,1.6812252190505892,1.5584808971374733,1.6216814600057028,4.735801393749954,66.66666666666666
1 hafta,2024+,HBAR,≤−2,721,0.02065114811522654,0.08375702898017438,0.11445909628038864,0.32864500654829754,0.8568756173731432,47.83821478382148
1 hafta,2024+,HBAR,−2…−1,3403,0.01013132058309567,0.033995671526096755,-0.010077592880635637,0.21118504334126462,0.5460538697972084,45.75971731448763
1 hafta,2024+,HBAR,−1…0,7843,-0.009991444940689412,-0.018007628069273016,0.0016492481250995439,0.005183248876625894,0.14492737051108967,45.20495466734772
1 hafta,2024+,HBAR,0…1,7935,-0.0016654437247857455,-0.017629421958422976,0.002237634813332989,-0.07948868905338102,-0.1913263710046494,45.32392235946559
1 hafta,2024+,HBAR,1…2,3238,0.0057743647948385055,0.028976993458936093,-0.02007730561897195,-0.042475982998115065,-0.5836776883999881,46.8952734012975
1 hafta,2024+,HBAR,2…3,500,0.031232682477135475,-0.10919509680684207,-0.2074856838498893,-0.4847565307464884,-0.6727210480332042,39.4
1 hafta,2024+,HBAR,≥3,124,0.06384748508697295,0.5321219221953727,0.727017685694581,0.13809179397376808,1.0806329250290696,50.0
1 hafta,2024+,STRK,≤−2,357,0.014894600627456572,-0.0019395601973599833,0.07940444582254318,0.0867640560891357,1.223564029441813,48.17927170868347
1 hafta,2024+,STRK,−2…−1,1955,0.004492807486163822,-0.003895402541964692,-0.11485131663008727,-0.035150662671327125,-0.18922276110772857,47.13114754098361
1 hafta,2024+,STRK,−1…0,5713,-0.005751806706664117,-0.04819112922659926,-0.05780339762147462,-0.09533302674900285,0.1046037824067046,44.82274482274482
1 hafta,2024+,STRK,0…1,5259,-0.01808262779514204,0.00761918100514874,0.05505431182671538,0.04779481080778253,-0.10321031205957465,45.79207920792079
1 hafta,2024+,STRK,1…2,1812,0.04034729571988898,0.08299889292590654,0.0668933684488822,0.03084387801045945,-0.15677976004921068,44.75717439293598
1 hafta,2024+,STRK,2…3,308,0.05795140324261739,0.0871831261589837,-0.0028790630043552053,0.058845927169827186,-1.0270381288751926,46.75324675324675
1 hafta,2024+,STRK,≥3,107,0.21377227806266338,0.6188003047125363,1.085555872394522,2.3907935798195794,4.472178967365624,55.140186915887845
1 hafta,22-06→23,XLM,≤−2,241,0.052974370792005974,-0.1612898097755827,-0.3478986495146897,-0.3567038067596718,-0.028789014942426274,49.37759336099585
1 hafta,22-06→23,XLM,−2…−1,1892,-0.0018177717503771941,0.01292136657628741,0.11397069344609762,0.1275151765830363,0.434679604765348,48.15010570824524
1 hafta,22-06→23,XLM,−1…0,4907,-0.01848708772015465,-0.02351689205665266,-0.057732401389064096,-0.09874604106331177,0.0618776608512136,48.01304259221521
1 hafta,22-06→23,XLM,0…1,4595,0.01292534779248243,0.02560014798460148,0.019359382373548815,0.050510713891951976,-0.12205994527759025,48.96626768226333
1 hafta,22-06→23,XLM,1…2,1788,0.010462530804148665,-0.014005211646384718,0.014966233315985856,0.012284001853841108,-0.41064735560798454,49.832214765100666
1 hafta,22-06→23,XLM,2…3,242,0.013766005403910271,0.13080770904214892,0.15588530076146648,0.0928210255950413,0.5444899457304029,53.71900826446281
1 hafta,22-06→23,XLM,≥3,58,-0.0007208837652029849,0.09610656485976317,-0.03338472087160754,0.9091467756803523,0.7625346913625239,62.06896551724138
1 hafta,2024+,XLM,≤−2,643,0.045800981293395826,0.08902792025753745,0.0022701210191318965,0.18963379092435675,0.01727439220727241,46.500777604976676
1 hafta,2024+,XLM,−2…−1,3470,-0.030003589368521044,-0.034412379564014356,6.998703830690591e-05,0.051911319342666754,0.28030071369768494,46.22941346431667
1 hafta,2024+,XLM,−1…0,8051,0.00814304203603949,-0.02388919593791603,-0.0398800441546386,-0.06851213780540086,0.004347623119141126,45.86961930828564
1 hafta,2024+,XLM,0…1,7934,-0.004004488124047479,0.010718085532138183,0.007033232053077694,-0.04048877483439728,0.012124582666520577,46.072374227714036
1 hafta,2024+,XLM,1…2,3239,0.0032921207064610975,0.030546892753021585,0.03934902552817949,0.08530101934141451,-0.26926511952453314,47.29854893485644
1 hafta,2024+,XLM,2…3,499,0.02212641005456677,0.06439327131309942,0.18738437703802463,0.5403346231844919,-0.31599398940375567,52.90581162324649
1 hafta,2024+,XLM,≥3,96,0.19946128487879672,0.3984011446509962,0.4409865768635056,0.25312973402274047,-0.867320850803327,48.95833333333333
1 hafta,22-06→23,FET,≤−2,310,0.05584983600099199,-0.24414862611122418,-0.17749139293374516,-0.2437005582214513,-0.032897170798114155,46.774193548387096
1 hafta,22-06→23,FET,−2…−1,1689,-0.015180527610948595,-0.08857159512924205,-0.015996773608789053,-0.022750183059533618,0.29757085104279835,47.42451154529307
1 hafta,22-06→23,FET,−1…0,5033,-0.00902256085202359,0.009878913927811785,-0.03835196705273942,-0.04146656093403289,-0.35163867343166405,50.1092787601828
1 hafta,22-06→23,FET,0…1,4808,0.006145731558690441,-0.027183572373584274,-0.010621413715095562,-0.05456868672510272,-0.007561224724820376,47.85773710482529
1 hafta,22-06→23,FET,1…2,1514,-0.022822328514172503,0.06709313683895515,0.019921198770100294,0.052341133681249596,0.2199493226326293,48.084544253632764
1 hafta,22-06→23,FET,2…3,304,0.10169136642552187,0.5228374779725581,1.0107336835324323,1.438990365479438,2.5774639461294537,50.32894736842105
1 hafta,22-06→23,FET,≥3,65,0.42811020593437343,0.7036913532838456,-0.17368684582259503,1.0514174106510998,3.0338531277764544,55.38461538461539
1 hafta,2024+,FET,≤−2,546,-0.1342779540008186,-0.19947781436851997,-0.2811008491109586,0.1280062052229581,0.3357041155798234,47.985347985347985
1 hafta,2024+,FET,−2…−1,3136,0.024092550468200222,0.03527255005233227,0.054888271283987045,0.033278958563955206,0.11580545524916479,47.09636247606892
1 hafta,2024+,FET,−1…0,8654,-0.012344467414034263,-0.028076683682987286,-0.01709588523065328,-0.08839090766604471,-0.06669892325903234,46.0131929174864
1 hafta,2024+,FET,0…1,7761,-0.0016675693389114651,-0.005490238748509887,-0.05605804068315667,-0.05808640876636291,0.01509903339249421,45.22703818369453
1 hafta,2024+,FET,1…2,3052,0.016975371687548615,0.0581417201192158,0.10676419649440795,0.16912364126273055,-0.2225240597821113,48.11537200917732
1 hafta,2024+,FET,2…3,486,0.032564776947507854,-0.010444594123489144,0.16376279484312967,0.5622592111635392,0.643770743156377,51.85185185185185
1 hafta,2024+,FET,≥3,129,0.3866088863162803,0.8641954639241349,1.2314553349315103,1.9428668495340737,2.145515647805705,51.93798449612403
1 hafta,2024+,ZRO,≤−2,519,-0.18132259236710674,-0.10719308350514932,0.013850865871303547,-0.027059132099581037,-0.8894611510829278,49.22779922779923
1 hafta,2024+,ZRO,−2…−1,1863,-0.05483788397625693,-0.0937909096948665,-0.004992519589182254,-0.07741648499011611,-0.10244198392927781,49.03225806451613
1 hafta,2024+,ZRO,−1…0,7366,0.03503504305761292,0.04635449420667886,0.042132001529500245,0.09067559301992127,0.3260122816738644,48.8036976617727
1 hafta,2024+,ZRO,0…1,7168,-0.011529507696463888,-0.02320822326180343,-0.03913424780975842,-0.02362754723844189,-0.16769446456421272,48.56863566540986
1 hafta,2024+,ZRO,1…2,1841,0.014409282774068314,0.0831752621266579,0.014972663083230142,-0.1624277509236416,-0.03033124369437694,47.93253536452666
1 hafta,2024+,ZRO,2…3,400,0.0014726621313643892,-0.2445951373775585,-0.2799947308858788,-0.29706976774153715,-1.3165332093541786,45.11278195488722
1 hafta,2024+,ZRO,≥3,164,-0.03809915617117681,-0.0007967595333705456,0.34657351056380425,0.4711679241199201,0.2336726187889193,46.34146341463415
1 hafta,22-06→23,OGN,≤−2,244,0.011325207680959777,0.10916174399963939,-0.03948103936033113,0.16052286958645573,1.4451456649643395,51.229508196721305
1 hafta,22-06→23,OGN,−2…−1,1105,-0.02629370128654899,-0.0728384393042519,0.0479413875468688,-0.006793626085956106,0.18665981545337548,47.14932126696832
1 hafta,22-06→23,OGN,−1…0,3797,0.009133731795362525,0.010563385617808072,0.042606158517983786,-0.016444339275478097,-0.05807789179071449,48.77534895970503
1 hafta,22-06→23,OGN,0…1,3514,0.0004189876367360747,0.003910025224728876,-0.05986867070361022,0.0020614653231046474,-0.07533835156058938,49.23164484917473
1 hafta,22-06→23,OGN,1…2,1066,0.0024259476085153166,0.03611750165424325,0.057851737144049724,-0.014157412814313467,-0.15438833630042767,50.750469043151966
1 hafta,22-06→23,OGN,2…3,205,-0.08953433047170117,-0.2512390973583546,-0.22075618970825822,0.18085671665236663,0.8781725871246507,49.26829268292683
1 hafta,22-06→23,OGN,≥3,57,0.1036239414214349,0.22815375894405643,-0.1956818873865173,0.027205594312444285,-1.56247946804074,47.368421052631575
1 hafta,2024+,OGN,≤−2,369,-0.10679159476781831,-0.1237901557741914,-0.17542758115789117,-0.154371737710524,-0.12321725385748789,47.425474254742554
1 hafta,2024+,OGN,−2…−1,1240,-0.01760900728313847,-0.0968777171370543,-0.043649856261857876,-0.12828255248012493,-0.42440081199274704,47.016129032258064
1 hafta,2024+,OGN,−1…0,4508,-0.003746451898741876,-0.014358154053955696,-0.06071084174107133,-0.03206527492552885,-0.19878893147547275,48.203194321206745
1 hafta,2024+,OGN,0…1,4576,0.04016902374310243,0.09281641817519369,0.09028501808545822,0.045621017796847456,0.27512391362642874,49.62849650349651
1 hafta,2024+,OGN,1…2,1195,-0.03908778340029749,-0.05763314438443672,0.03422212835387041,0.12179163761888595,0.16764879630938967,51.04602510460251
1 hafta,2024+,OGN,2…3,249,-0.11107860110092609,-0.24410903840858109,-0.008752149691335536,0.3447868620266001,-0.07411409019556467,48.99598393574297
1 hafta,2024+,OGN,≥3,102,-0.3070069328529963,-0.6327419241244266,-0.5815424224320971,-0.780107033164158,0.26482102696361004,42.15686274509804
1 hafta,2024+,W,≤−2,232,-0.02969729199114622,-0.1037704025520731,-0.0701992553215167,-0.08012583857807212,-0.5615551537718136,46.55172413793103
1 hafta,2024+,W,−2…−1,1128,0.01913115568484163,0.06728360972625955,0.05373904159126999,-0.08609954139383079,-0.2652870011424482,45.301418439716315
1 hafta,2024+,W,−1…0,3633,-0.004190434920963087,-0.050023455011927044,-0.04762851950555534,0.10761471936147392,0.28739094801292264,47.28874208642995
1 hafta,2024+,W,0…1,3426,-0.003390806822852522,0.02088475337990781,-0.00173332910947771,-0.0999078046060507,-0.03515411938551727,45.82603619381202
1 hafta,2024+,W,1…2,1050,0.04218708131846071,0.07547313968762157,0.14532819171722536,0.055441178300374136,-0.24752747130908923,44.19047619047619
1 hafta,2024+,W,2…3,196,-0.18277717611141384,-0.12243463597732508,-0.25223138946667095,0.0628191854953587,-1.1535928943028868,50.0
1 hafta,2024+,W,≥3,54,0.06811987973795496,0.057652973688519814,0.583039560088394,-0.0647492072228657,-0.16597504442894792,40.74074074074074
1 hafta,22-06→23,ALGO,≤−2,362,0.07574263093448054,-0.010517003858835427,0.034389182671444946,-0.18686824837724883,-0.21937843047525268,49.447513812154696
1 hafta,22-06→23,ALGO,−2…−1,1892,-0.00814736230030802,-0.04443171997970487,-0.07885999862879703,-0.057607395984416755,0.05410912443761115,48.04439746300211
1 hafta,22-06→23,ALGO,−1…0,4552,-0.002879002937851761,-0.017452172263299894,-0.034362440697101704,-0.05300377604486905,0.002238855203332669,49.16520210896309
1 hafta,22-06→23,ALGO,0…1,4815,-0.0013297203962300318,-0.003903971761977199,0.004455417158574411,-0.030460390162049145,-0.11064060279693198,50.05192107995846
1 hafta,22-06→23,ALGO,1…2,1770,-0.0020456043196200417,0.07360788233237317,0.11917835708995764,0.2666778874188753,0.10115647131217322,52.3728813559322
1 hafta,22-06→23,ALGO,2…3,281,-0.010619344733183775,0.127180025138238,0.13677541633806922,0.4062845691592645,1.365449040212778,49.46619217081851
1 hafta,22-06→23,ALGO,≥3,51,0.27663838569807364,0.3938890780944296,0.43803226809940726,-0.4236540855602196,-1.238321030286262,56.86274509803921
1 hafta,2024+,ALGO,≤−2,608,0.05986654840212673,0.027700747035987867,0.1969913619229888,0.32331355627563796,0.7718363625478357,48.59967051070841
1 hafta,2024+,ALGO,−2…−1,2878,-0.03493893473097429,-0.054136908378492596,-0.07298835765993285,-0.00462012148285915,0.25650514688696413,46.59248956884562
1 hafta,2024+,ALGO,−1…0,8718,-0.006031971677626812,-0.03078677478445055,-0.02339278541110431,-0.0008449209378984636,-0.0028219453828554064,48.13964170877354
1 hafta,2024+,ALGO,0…1,8029,0.016761634724574072,0.05430311480104933,0.008667311697302865,-0.04792963525801197,-0.13101772349211016,47.67427360019953
1 hafta,2024+,ALGO,1…2,2907,0.002533157071706326,-0.015629855229751004,0.04979602676532817,-0.009472352687459626,-0.1712822647934534,48.45147969717825
1 hafta,2024+,ALGO,2…3,512,-0.06233648781221187,-0.0944287030868125,-0.03838167573404348,0.19725836596376708,0.5926239286624488,49.8046875
1 hafta,2024+,ALGO,≥3,112,0.05959267727848089,0.5808451157503497,0.8877923295186296,1.2186651434497056,0.5552058038546902,54.95495495495496
1 hafta,2024+,PENGU,≤−2,366,-0.022257869693065313,-0.056340053889863656,-0.047073120091975014,-0.013496917036699349,-0.2901476815583075,48.21917808219178
1 hafta,2024+,PENGU,−2…−1,1567,-0.033494833869249556,-0.05335003497365532,-0.10543657543149619,-0.11888205945237665,-0.11533248621815925,47.44245524296675
1 hafta,2024+,PENGU,−1…0,5306,-0.010919507721985503,-0.05533425149127734,-0.08261835869824996,-0.05876754425322524,-0.5710097711783315,45.32754389276949
1 hafta,2024+,PENGU,0…1,4783,-0.0004560207633923303,0.054002020578033806,0.05361459673366606,-0.05240382633047245,0.24254702055744004,46.774193548387096
1 hafta,2024+,PENGU,1…2,1500,0.08257221772631348,0.08926751795291395,0.17224028194117552,0.3673415592870356,1.114881241322857,47.160988643954575
1 hafta,2024+,PENGU,2…3,294,0.06033275197816496,0.10669413394063813,0.5572237379544873,0.8008179117518648,1.3372749278988936,52.04081632653062
1 hafta,2024+,PENGU,≥3,115,-0.1815347198567759,-0.22523379258503579,-0.5047920106795658,-0.2871766590853839,0.8576854496641726,40.869565217391305
1 hafta,22-06→23,FIL,≤−2,348,0.01985844125790484,-0.08694920517424398,-4.673142230197632e-06,-0.18482963331649263,-0.2710469774139613,47.41379310344828
1 hafta,22-06→23,FIL,−2…−1,1599,0.025705224194987948,0.012326966183727042,0.0007816557971061506,-0.14644843244742423,-0.41980039463249874,50.84427767354597
1 hafta,22-06→23,FIL,−1…0,5028,-0.02515693400041977,-0.05332201302679044,-0.0656513313635544,-0.15772192613952798,-0.09910422473902084,48.70723945902943
1 hafta,22-06→23,FIL,0…1,4899,0.0006569585886069048,0.016077027251925172,-0.011148697123045087,0.05258071847112694,0.1453455060326622,50.15309246785058
1 hafta,22-06→23,FIL,1…2,1528,0.015828195021031215,0.06094758985432731,0.12767766534049835,0.23198429945261467,-0.034715431886598536,49.08376963350785
1 hafta,22-06→23,FIL,2…3,236,0.10870314505948259,0.29112531426635013,0.46075924496177256,1.4469844408542063,2.394805750543449,53.38983050847458
1 hafta,22-06→23,FIL,≥3,85,0.2990330441978254,0.44771456470714766,0.9368642998166218,1.6231096836691616,0.4671130574785499,69.41176470588235
1 hafta,2024+,FIL,≤−2,569,-0.028603698554476184,-0.07836600621843971,-0.06897536906868917,0.39185188099366225,0.04391152667354496,52.816901408450704
1 hafta,2024+,FIL,−2…−1,2757,-0.0003784646408724263,-0.024684950480187484,-0.05029758143561362,0.03290271147064859,-0.42425181775103543,47.44101633393829
1 hafta,2024+,FIL,−1…0,9161,-0.0017347538348778044,-0.03934434203454909,-0.03472789574052865,-0.10354989525797552,-0.2972356514638162,47.77522685033344
1 hafta,2024+,FIL,0…1,8014,0.0035923468166727548,0.04526589206152462,0.0582968155275031,0.06715967014000547,0.28422645302900934,48.65742475334083
1 hafta,2024+,FIL,1…2,2610,0.015228416340412124,0.03561550870059141,0.010395027497277639,0.04713464924078261,0.25293489140115977,48.7926408585665
1 hafta,2024+,FIL,2…3,470,-0.015974613678239803,0.03996241854810004,-0.01637077967456947,-0.09389988548022286,1.3006898519865722,47.02127659574468
1 hafta,2024+,FIL,≥3,183,-0.15201239045517134,-0.008964885242283366,0.05057877672483759,0.09488098860187721,1.7202593075399972,43.71584699453552
1 hafta,2024+,TRUMP,≤−2,291,-0.014041266618464087,0.097613065630682,0.0047219306977056225,0.24550299940880976,0.48453364160863843,49.48096885813148
1 hafta,2024+,TRUMP,−2…−1,1870,0.0002511189457201165,0.0012360236067191616,0.0430452192612142,0.06708416417681193,0.9750251262326217,42.94940796555436
1 hafta,2024+,TRUMP,−1…0,4677,0.0013040678594260615,0.0071188523287139555,0.0011452064446620903,0.034797564703299005,0.13792415367162475,42.933618843683085
1 hafta,2024+,TRUMP,0…1,4095,-0.0012882545620176403,-0.003080734274322984,-0.026538906441409035,-0.17854133111944656,-0.7456610270254861,42.13098729227762
1 hafta,2024+,TRUMP,1…2,1895,0.008434396142466806,-0.021505988066384672,-0.005664416318333599,0.17719266660796323,0.23797137873535246,43.66420274551214
1 hafta,2024+,TRUMP,2…3,253,-0.047093479416515684,-0.025046356095160604,0.11144779596391116,0.08979058174388259,0.016390981060830645,44.26877470355731
1 hafta,2024+,TRUMP,≥3,39,-0.03270089613594126,-0.1100870078591209,0.1077647007199183,0.36343149153902066,-0.30532360110746903,41.02564102564102
1 hafta,22-06→23,CRV,≤−2,381,0.08368827713897957,0.14404412756383234,0.15136343720781423,0.2505603591664957,0.659985295765502,48.29396325459317
1 hafta,22-06→23,CRV,−2…−1,1490,-0.024510971017565376,-0.08788093423558582,-0.07636999304163003,-0.1237125149016813,0.4364938730323256,45.70469798657718
1 hafta,22-06→23,CRV,−1…0,4950,-0.01625408960889366,-0.023677450255775778,-0.0219600996834149,-0.013709104640819895,0.18511965515869755,47.77777777777778
1 hafta,22-06→23,CRV,0…1,5020,-0.00862145908237683,-0.013840663062226545,-0.01619456120848882,-0.019884191645866998,-0.2306216850680201,47.70916334661355
1 hafta,22-06→23,CRV,1…2,1540,0.08507968410971833,0.13186723057341376,0.13661420741629632,0.04605081578673461,-0.4096106533277964,47.46753246753247
1 hafta,22-06→23,CRV,2…3,267,0.015313806805792432,0.1426950367243599,0.19345994844314082,0.4150826169127779,0.05517113317137557,46.81647940074906
1 hafta,22-06→23,CRV,≥3,75,-0.08983891416448386,0.2876023581227846,-0.21224899866727856,0.9973539382413082,-0.5917598524115025,48.0
1 hafta,2024+,CRV,≤−2,640,-0.052533115511130185,0.07971201052695284,0.1689543901526267,0.13944221439206678,-0.20903099932864255,51.09375000000001
1 hafta,2024+,CRV,−2…−1,2506,-0.030686960358906234,-0.05324958192658029,-0.02337956354251891,0.05642685046820077,0.019513975310550935,46.52
1 hafta,2024+,CRV,−1…0,8991,0.00607704010699944,0.007595667924503084,0.0024499944734427664,0.08059477923841966,0.28408461767702897,48.08548530721282
1 hafta,2024+,CRV,0…1,8434,-0.004588724456137217,-0.017659953269116863,-0.023134610660019192,-0.1074600209039307,-0.2530691901143545,47.89317507418397
1 hafta,2024+,CRV,1…2,2348,0.017512542678785853,0.0540712697593609,-0.018427268589880665,-0.11263106720860692,-0.22846573840643175,47.33475479744136
1 hafta,2024+,CRV,2…3,498,0.038683564376164305,-0.057246649026659296,0.1154816903232252,0.29173624218824495,0.427096282453298,49.79919678714859
1 hafta,2024+,CRV,≥3,179,0.19087268208736097,0.3604451573871968,0.6100738928035725,0.39001251424953115,-0.06795059598981136,48.60335195530726
1 hafta,22-06→23,MINA,≤−2,313,0.09352990664069903,0.020330339821713873,-0.3154520192610328,-1.3680772555399507,-2.7310356941926908,39.29712460063898
1 hafta,22-06→23,MINA,−2…−1,1679,-0.009839779800004146,0.019079082797885713,-0.012455041029544537,-0.07892429911652751,-0.9602462091479725,45.443716497915425
1 hafta,22-06→23,MINA,−1…0,5127,-0.034308490069881445,-0.060708590554423035,-0.07166479570856374,-0.11735195303007707,-0.28775370187891347,47.53267017749171
1 hafta,22-06→23,MINA,0…1,4582,0.011636856151572747,0.019593046693429074,0.005675209788757855,0.08783031369243963,0.5904937169457576,48.07944129201222
1 hafta,22-06→23,MINA,1…2,1572,0.061848981866998616,0.08716549364835191,0.2584684813148802,0.3473415427066858,0.5414659817664006,49.55470737913486
1 hafta,22-06→23,MINA,2…3,229,-0.020527684616356148,0.11950115050111568,0.27427883120645136,0.801563717646113,1.1197288974956723,51.96506550218341
1 hafta,22-06→23,MINA,≥3,53,0.32641365074844864,0.352651093611769,-0.15192854170268708,0.5729820485138015,2.436530850305548,49.056603773584904
1 hafta,2024+,MINA,≤−2,306,-0.012770654783130211,0.06283024297345703,-0.20708483977739645,0.12309388880566102,0.7660862668316256,46.73202614379085
1 hafta,2024+,MINA,−2…−1,1676,-0.02396186689668351,0.02656866682055936,0.04497277814870054,0.11861164412149255,-0.09530714266876841,48.15035799522673
1 hafta,2024+,MINA,−1…0,5373,-0.024126193846650792,-0.07770733263209888,-0.10143070296398052,-0.11231507686955715,0.07191329533618478,47.619936531640846
1 hafta,2024+,MINA,0…1,4955,0.026673133437933535,0.03523472834516516,0.061472962032643234,0.09244293114112338,0.03289841629088696,48.96886372826527
1 hafta,2024+,MINA,1…2,1663,0.015628676582965823,0.07835584641026505,0.07914338105981712,-0.061509893695015215,-0.42568324934487684,47.384245339747444
1 hafta,2024+,MINA,2…3,314,0.017502858420686704,0.12277030831464625,0.25617019369394106,0.05583724579047403,0.1940178054478673,49.36305732484077
1 hafta,2024+,MINA,≥3,87,0.11491877639439474,0.11548316491477831,0.18094566010718907,-0.08336388642909229,0.3093607720116951,45.97701149425287
1 hafta,22-06→23,INJ,≤−2,108,0.2389117954304198,0.07989930464341179,-0.29257209438543785,-0.014494055031655413,-0.2350282516506066,57.407407407407405
1 hafta,22-06→23,INJ,−2…−1,995,-0.013818888805597633,-0.1084133546520699,-0.039389607428933764,0.08176731258844605,-0.20273640332604154,51.256281407035175
1 hafta,22-06→23,INJ,−1…0,4353,-0.023667807921596565,-0.031100626021476094,-0.051351027836546784,-0.3451155535316235,-0.4966218005652265,49.59797840569722
1 hafta,22-06→23,INJ,0…1,2555,0.011323064711912497,0.011746243964086368,0.018262810825883352,0.19612907901785104,0.37101625567941765,52.95499021526419
1 hafta,22-06→23,INJ,1…2,890,0.04619914857841996,0.130419529096868,0.259983436756166,0.6478643459057662,0.904751841240051,57.30337078651685
1 hafta,22-06→23,INJ,2…3,293,0.06923639225824967,0.1173074249139634,0.08331205976814188,1.1711735288132645,1.6834825806069198,59.72696245733788
1 hafta,22-06→23,INJ,≥3,138,0.004632991539107616,0.39251506032291433,-0.05895437773391844,0.0118259257394537,1.03235074105598,52.89855072463768
1 hafta,2024+,INJ,≤−2,397,-0.02920200819320199,0.06260859157684603,0.028207233067807726,0.3204723121745938,0.930200824314733,49.37027707808564
1 hafta,2024+,INJ,−2…−1,3079,-0.0171935200242916,-0.0622965405203202,-0.09505226677646476,-0.05489014837167688,-0.0909785171697832,45.42792059876342
1 hafta,2024+,INJ,−1…0,9420,-0.004240753550179757,0.01849004365114407,0.011944325632999256,-0.029273534474362616,-0.08344737777441927,47.30462519936204
1 hafta,2024+,INJ,0…1,7397,0.01941037719881828,0.0002168348321067746,0.03179502736460178,-0.0635674684233666,-0.0611720497615499,46.84879632134163
1 hafta,2024+,INJ,1…2,2735,-0.011350808912997546,-0.013770319264529488,-0.09219526455457244,0.09657669255370743,0.21049201556970065,49.74396488661302
1 hafta,2024+,INJ,2…3,666,-0.041789678917471595,0.01488568022770839,0.1603552997334386,0.5156793954786763,0.5445105789680409,54.80480480480481
1 hafta,2024+,INJ,≥3,238,0.08300982341613211,0.07921905952073226,0.33154714741914676,0.7533706572939864,0.8837227063194918,48.739495798319325
1 hafta,22-06→23,RLC,≤−2,249,-0.09716991498060663,0.12453116689618193,0.14582062123324924,-0.027049992389563446,-0.3181190119324137,51.00401606425703
1 hafta,22-06→23,RLC,−2…−1,1052,-0.031563081580552425,0.0224519098790645,-0.059256074549597484,-0.3094353143690532,-0.4127221440773744,49.23954372623574
1 hafta,22-06→23,RLC,−1…0,4098,0.007022013119512899,-0.034508597590693135,-0.03728290156497721,-0.06025874327920105,-0.2207317266096107,51.92776964372865
1 hafta,22-06→23,RLC,0…1,3620,-0.007167745381980778,0.01024204564382676,0.02017467451557143,-0.016844337075023162,0.23502549185546345,52.95580110497238
1 hafta,22-06→23,RLC,1…2,1060,0.01481531584991824,-0.02533214615127931,0.041174826684400326,0.390144185531257,0.3556033309027942,54.24528301886793
1 hafta,22-06→23,RLC,2…3,249,0.08882005069531976,0.03381195090247238,-0.1327286594579101,0.2954357583078744,-0.19670001567679138,51.40562248995983
1 hafta,22-06→23,RLC,≥3,76,0.2203983124719843,0.8966481196279322,1.2524366384942192,2.0139722172263426,3.1473741817964878,60.526315789473685
1 hafta,2024+,RLC,≤−2,291,-0.002066940012353273,-0.01671936133073145,0.012795627753643771,-0.22119363733034014,-0.002138540485063312,45.70446735395189
1 hafta,2024+,RLC,−2…−1,1041,-0.057076883650704825,-0.025401429832039465,-0.03294740538164774,-0.1802873677638995,-0.32003436168608596,46.20557156580211
1 hafta,2024+,RLC,−1…0,3838,0.008485651489159758,-0.0006991239912680909,0.012164582754430801,-0.040787891130670974,0.12217489311422089,47.081813444502345
1 hafta,2024+,RLC,0…1,3772,0.009367639141834598,0.012582562721844107,-0.023539867231002043,-0.025513876652510665,-0.2093027913950008,47.1898197242842
1 hafta,2024+,RLC,1…2,1112,-8.382086397107813e-05,0.004476439931976496,0.04413430317914093,0.34658275237097963,0.3225375548163185,50.53956834532374
1 hafta,2024+,RLC,2…3,221,-0.022570330766139,-0.10543673165661527,-0.11096267480415242,0.34288603253617006,0.7980514725041662,50.2262443438914
1 hafta,2024+,RLC,≥3,74,-0.03787699911302931,0.06559122143028337,0.6503356473828666,0.589877477987981,1.612565389010314,59.45945945945946
1 hafta,2024+,POL,≤−2,453,0.025436851876743584,-0.04566711869263974,0.04293467078066201,0.23130780888573366,0.19075093498104814,51.21951219512195
1 hafta,2024+,POL,−2…−1,2111,0.01380981745703624,0.06418638198610728,0.06823088544797619,0.18880194387827456,0.4440489287929851,49.78601997146933
1 hafta,2024+,POL,−1…0,6349,0.0019375828949088967,-0.022485767397724447,-0.06335230775899071,-0.007350841274740463,0.09000600295954714,47.48303613697333
1 hafta,2024+,POL,0…1,6243,-0.010249385516687151,-0.028182032942894147,-0.04364076548843484,-0.16794017163748146,-0.3377365147608992,45.962832425504644
1 hafta,2024+,POL,1…2,1978,-0.0014281761345684516,0.11533657031649669,0.2710079715467149,0.4232107696658031,0.30996980630053905,52.932254802831146
1 hafta,2024+,POL,2…3,383,0.02359178507676588,-0.16477959833022343,-0.16888410457452163,-0.6345994045717525,-0.34435781412324207,42.25721784776903
1 hafta,2024+,POL,≥3,92,0.052205818527150415,0.42039064641681345,0.4297493737951203,-0.019934853493570773,0.30444116330795923,42.391304347826086
30 gün,22-06→23,BTC,≤−2,593,-0.010094915455807787,-0.07292661343851545,-0.05621039161310408,-0.04910123622741927,0.10417753179978681,51.602023608768974
30 gün,22-06→23,BTC,−2…−1,1586,-0.026226632478592395,-0.05561386105143078,-0.11699877468144206,-0.34748965283162125,-0.5969357025231634,50.1891551071879
30 gün,22-06→23,BTC,−1…0,4608,-0.004408509448894028,-0.011585831934286651,-0.015509878444449477,-0.06797044661395199,-0.26027082810455704,51.150173611111114
30 gün,22-06→23,BTC,0…1,4921,0.0037104827232001887,0.009898835568899995,0.022633757950512222,0.07474337425014493,0.13439978716443227,49.461491566754724
30 gün,22-06→23,BTC,1…2,1886,0.0265483464474695,0.0632653684169884,0.06252133410420475,0.1106346621818762,0.14180895036176133,48.83351007423118
30 gün,22-06→23,BTC,2…3,188,-0.07022072902234089,-0.0836284573833629,-0.06099436935356159,-0.08547303480793875,-0.1800850859384389,43.61702127659575
30 gün,22-06→23,BTC,≥3,110,0.11607423356590654,0.2957097660807001,0.6593938289711815,3.027665940498291,10.811942608074855,68.18181818181817
30 gün,2024+,BTC,≤−2,1435,-0.007288920222963155,-0.03322798093384141,-0.10498308753523461,-0.11189930285827059,-0.1193614832236747,56.59455687369156
30 gün,2024+,BTC,−2…−1,3616,-0.025090964159321032,-0.09308790769992721,-0.18797513666998045,-0.48490444264837446,-1.0598992784032906,46.67036625971143
30 gün,2024+,BTC,−1…0,6688,0.0035319370181695476,0.0028635614327782626,0.017240089473155258,-0.007024492589857473,0.05052076514406165,53.197543807099
30 gün,2024+,BTC,0…1,7975,0.004867648037993434,0.017649149673530932,0.04260438994060633,0.13063678462246556,0.11118629639139152,53.078369905956116
30 gün,2024+,BTC,1…2,3788,0.0039485862895779445,0.034206291079134934,0.05391309659581604,0.15503132232323755,0.4487987320221244,50.05279831045406
30 gün,2024+,BTC,2…3,638,0.02152579798203553,0.10883925934762718,0.23294136587271372,0.45977597953370125,1.1923290523745775,58.307210031347964
30 gün,2024+,BTC,≥3,126,0.07955837442618405,0.19861874299724028,0.16612621567785768,0.25734736552407284,2.502448603418359,58.730158730158735
30 gün,22-06→23,ETH,≤−2,631,0.005492320709182987,0.0002571845493160469,0.04038814422414415,0.1925107618282761,0.3128486624949297,49.44532488114105
30 gün,22-06→23,ETH,−2…−1,1457,-0.052401831221932406,-0.06467223722819426,-0.10416762391215173,-0.3047143971573781,-0.501926983718655,50.583390528483186
30 gün,22-06→23,ETH,−1…0,4562,-0.004613778224577568,-0.04352164107832014,-0.0655281500983234,-0.1437485339089619,-0.22006971384131535,49.473914949583516
30 gün,22-06→23,ETH,0…1,4976,0.009737106300817588,0.027063930494258585,0.03359211131465678,0.11807771485338774,0.15367356864069687,49.497588424437296
30 gün,22-06→23,ETH,1…2,1886,0.02854336466728923,0.07437924102138206,0.09202032392396738,0.03174116809943725,-0.053388318398334175,46.60657476139979
30 gün,22-06→23,ETH,2…3,284,-0.057464848637639024,-0.08403946351214402,-0.013447622132115616,0.08504721927710356,0.06144305039813298,47.183098591549296
30 gün,22-06→23,ETH,≥3,96,0.08299229459476665,0.4325909762692575,0.9202206004823709,3.194827450173422,8.921031337686864,82.29166666666666
30 gün,2024+,ETH,≤−2,1483,-0.004929623584907825,0.01076130441107702,-0.051663703472985205,-0.0959087013080985,-0.6781085467722712,55.06072874493927
30 gün,2024+,ETH,−2…−1,3593,-0.03749807751631661,-0.1457456621224117,-0.28525668923686326,-0.7517373620038915,-1.6790485698129902,44.25496225887615
30 gün,2024+,ETH,−1…0,6684,0.006040393254534317,0.0012958657578991672,0.003451444638885611,-0.0694535878193726,0.091417011484516,51.81967949677999
30 gün,2024+,ETH,0…1,7874,-0.00420229338019648,0.021328653508782356,0.06981816139661816,0.24888773721377186,0.328571181305598,53.61361615648419
30 gün,2024+,ETH,1…2,3878,0.025008760798808444,0.04500503632934268,0.06735258910554527,0.22742621100662624,0.6658410529952382,50.77359463641052
30 gün,2024+,ETH,2…3,623,0.02791318128337272,0.1203612142686346,0.2594890029107685,0.4784288064704479,1.2916463752126037,58.58747993579454
30 gün,2024+,ETH,≥3,131,0.15501688078282924,0.6172402246189717,0.7885847199035025,1.1857228801348234,3.382359401598678,67.17557251908397
30 gün,22-06→23,ADA,≤−2,408,-0.03201134242287982,-0.04909657229183556,-0.09874868943537542,0.21356412309990463,-0.473634881740423,43.38235294117647
30 gün,22-06→23,ADA,−2…−1,1562,0.004205642433247559,-0.054256932711566605,-0.08381504149456338,-0.10793729717731776,0.3739302434691141,45.96670934699104
30 gün,22-06→23,ADA,−1…0,4934,-0.01126497132892584,-0.004104629015712894,0.008972514902005126,0.011868439474036471,0.20550749443960065,49.67571949736522
30 gün,22-06→23,ADA,0…1,5259,0.0021334781414876955,-0.007036633362698808,-0.03271424909029021,-0.12439468529818253,-0.4751482301807224,47.499524624453315
30 gün,22-06→23,ADA,1…2,1401,0.027022966489570758,0.07716909259573178,0.1188709592699878,0.24989769332451708,0.48818251015485487,50.74946466809421
30 gün,22-06→23,ADA,2…3,210,-0.015361860863237004,-0.03600640288313488,0.14091652291559786,0.1150004152841515,-0.8798223749365657,50.476190476190474
30 gün,22-06→23,ADA,≥3,116,0.13982444782784248,0.5300523335115043,0.8866527913272033,2.6106888795442673,5.127703089797349,65.51724137931035
30 gün,2024+,ADA,≤−2,844,0.02860125736234685,-0.018462753402803636,-0.060066534116973984,-0.09871168662557019,0.5107179320714699,44.312796208530806
30 gün,2024+,ADA,−2…−1,2985,-0.026610954094114785,-0.13584797039387722,-0.1960661718389763,-0.3070169443061709,-0.24257682262760977,44.53020134228188
30 gün,2024+,ADA,−1…0,8560,0.007915996841637957,0.0037690403826077137,-0.04092003918164418,-0.13735214357503334,-0.5490536809135862,46.26184626184626
30 gün,2024+,ADA,0…1,8044,-0.013094880790115872,0.005724583226148751,0.040884178171890516,0.09709833324648035,0.06089213509430742,48.2149521084712
30 gün,2024+,ADA,1…2,3196,0.003364162732926775,0.04489725124505837,0.11355735674850843,0.31939215224769035,0.7686389092733952,47.104851330203445
30 gün,2024+,ADA,2…3,529,0.10160675309998683,0.2042702201842463,0.30291261338062053,0.4189080258869399,3.2046691909719947,48.484848484848484
30 gün,2024+,ADA,≥3,108,0.26280111460869743,0.843573047091583,1.2415587121812237,1.3884913297412038,3.232779945634138,54.629629629629626
30 gün,22-06→23,APT,≤−2,229,-0.13951742568729142,-0.013195263689615513,-0.07110065381606755,0.06349296384308717,1.9451278484189285,50.65502183406113
30 gün,22-06→23,APT,−2…−1,978,0.000614838618212569,0.15512937773027277,0.22543900938802142,0.3294072199083628,0.9440796670387105,49.38650306748466
30 gün,22-06→23,APT,−1…0,4299,-0.007967675496041717,-0.09359444561613155,-0.12301257309483478,-0.2923744882794367,-0.6607448364085063,46.685275645498955
30 gün,22-06→23,APT,0…1,3607,0.00901497232595889,0.04389032063385684,0.05934657450158964,0.11616132964755586,0.12767519348278294,47.186027169392844
30 gün,22-06→23,APT,1…2,979,0.0196689142112286,0.03868854350773069,0.005009511065737009,0.016773146806996944,-0.3662595392844999,48.62104187946885
30 gün,22-06→23,APT,2…3,193,-0.010806250142781458,0.08672372940595188,0.09197478104388614,0.9698914136852856,2.440982814043682,52.84974093264248
30 gün,22-06→23,APT,≥3,71,0.22414013177875333,0.5738247221510729,1.2382424221835049,4.191745150969127,12.658194972184125,69.01408450704226
30 gün,2024+,APT,≤−2,661,0.03737769361006835,-0.08580733790145115,-0.06397272339154454,-0.2286303721677806,-1.2326637588127163,46.59606656580938
30 gün,2024+,APT,−2…−1,3209,-0.004279076870277969,-0.0006119560742937882,-0.012084425750349324,-0.09254777562944717,0.09699595489756109,46.50872817955112
30 gün,2024+,APT,−1…0,8412,-0.008377008631948304,-0.012958106560362679,-0.03051579234276376,-0.05684051190358863,-0.10504485176782612,47.809002143367465
30 gün,2024+,APT,0…1,8122,-0.006632836632383409,-0.037032913363201546,-0.03269485369575726,-0.041356791864052916,-0.13753379988675313,47.63959078022926
30 gün,2024+,APT,1…2,3280,0.02942666751951049,0.11591781181592725,0.14692861414384806,0.3394579413044379,0.5762188535164463,49.13083257090577
30 gün,2024+,APT,2…3,492,0.038849809626039934,0.09010269279856747,0.019704045216224295,0.11499627379640838,0.8921311297753729,48.3739837398374
30 gün,2024+,APT,≥3,90,-0.025401465295954884,0.48748822357232774,1.2381653766250516,1.0136828370720403,1.9109082806442825,55.55555555555556
30 gün,22-06→23,ARB,≤−2,101,-0.11233635729096439,-0.12437381311036969,-0.2336174022614163,0.035684725394845275,0.1624410567296144,48.51485148514851
30 gün,22-06→23,ARB,−2…−1,625,-0.022189512447808066,0.011631171315358423,0.060364814190347164,0.16745136484529996,0.37069730901055353,50.56
30 gün,22-06→23,ARB,−1…0,2915,0.0010661823228359814,-0.016401533583823975,0.012617374735424704,0.09847140210630988,0.22566672433475396,50.42881646655232
30 gün,22-06→23,ARB,0…1,2452,-0.0026285362186515403,0.0026430883186576203,-0.04337165542663212,-0.04268451330822695,-0.19599210918095472,46.411092985318106
30 gün,22-06→23,ARB,1…2,392,0.030030851237994184,0.03425261971414266,0.03328056042007843,-0.6332669978432662,-0.5476628396179954,50.0
30 gün,22-06→23,ARB,2…3,98,0.1761369541704352,0.10207784093871838,0.34953654972611936,-0.38966840998583424,-1.3629238718854413,50.0
30 gün,22-06→23,ARB,≥3,48,-0.010038510222130042,0.4831507406585089,0.16946747820717978,-0.08780840558625366,-1.605996708549315,41.66666666666667
30 gün,2024+,ARB,≤−2,661,-0.008209242703048304,-0.00023618374369209017,0.008980632585330951,-0.10473367362664374,-0.3283053058656836,47.806354009077154
30 gün,2024+,ARB,−2…−1,2704,-0.0360104827249246,-0.07677305238937324,-0.19990415330475592,-0.36060665366745315,-0.8994656737772204,44.699777613046706
30 gün,2024+,ARB,−1…0,9241,0.008422786538321002,-0.03138882996503472,-0.03978036406185077,-0.11827103564860578,-0.23243265861400886,47.21741013425726
30 gün,2024+,ARB,0…1,8382,-0.008305980619886057,0.011725654627324708,0.019630187131456568,0.04245523783898714,0.13447360778439063,48.01720019111323
30 gün,2024+,ARB,1…2,2682,0.029482861704339676,0.11169829553010394,0.1660252894249521,0.48829548029426534,1.0063606262375797,49.029126213592235
30 gün,2024+,ARB,2…3,452,-0.01190831850316376,0.06623930818114589,0.28876820727833097,0.6298431781247226,1.202445530889432,53.53982300884957
30 gün,2024+,ARB,≥3,144,0.14478904360567926,0.48578947806869993,1.1229869798381376,1.2966481332229582,2.9804021702502395,55.55555555555556
30 gün,2024+,BNB,≤−2,307,-0.020366241255951528,-0.025506184813416707,-0.052504301144294704,-0.14799475146317953,0.8060136622713778,53.77049180327869
30 gün,2024+,BNB,−2…−1,1285,-0.011849050317913992,0.00862573679231038,-0.003910285029940804,-0.06371396803974479,-0.5416588673933659,52.931978107896796
30 gün,2024+,BNB,−1…0,2467,0.0023946353657246025,-0.025103020502402158,-0.04959934142408351,-0.16561856837913028,-0.2471360397750539,49.38875305623472
30 gün,2024+,BNB,0…1,2793,0.007830310477559065,0.0203219790893825,0.028421314925223238,0.12745528688706506,0.21290568953131025,51.75627240143369
30 gün,2024+,BNB,1…2,1202,-0.0020024510905767593,-0.0020160730069400845,0.059503675418297555,0.12804510260470675,0.3502672902370586,47.377185678601165
30 gün,2024+,BNB,2…3,159,-0.0077006959601173845,0.043621972815219255,-0.03709642693908944,0.16719794640651683,0.34614940688431695,50.314465408805034
30 gün,2024+,BNB,≥3,26,-0.10329890862795271,-0.1021248806708312,-0.06808285824311684,-0.11193696155044636,-0.3915327559085342,46.15384615384615
30 gün,22-06→23,DOGE,≤−2,449,-0.032047507087066725,0.04793123629268269,0.01601177185286419,0.194063625204285,0.055712910632536555,50.33407572383074
30 gün,22-06→23,DOGE,−2…−1,1386,-0.03248652480055529,-0.11830048471997073,-0.2089290816615336,-0.45946762321565665,-0.9334861079750678,49.134199134199136
30 gün,22-06→23,DOGE,−1…0,5092,0.0004771279023379006,-0.011674842681398607,-0.013669714812601787,-0.05310669410915222,0.07543559973657242,50.2356637863315
30 gün,22-06→23,DOGE,0…1,4880,0.0033600590621869525,0.01474440316724262,0.02534537339553609,-0.023947706166697426,-0.15801504877124745,49.42622950819672
30 gün,22-06→23,DOGE,1…2,1678,-0.004023891704782613,0.049973341443557376,0.07688448604763722,0.2820236014501342,0.4153244756595181,50.65554231227652
30 gün,22-06→23,DOGE,2…3,266,0.08491355415303684,0.026163402575225758,0.12852159137851688,0.7133952066223505,1.010293772493551,50.37593984962406
30 gün,22-06→23,DOGE,≥3,139,0.17808716136261224,0.2814692530698079,0.4684048660566993,1.9710282184359182,4.96503164952906,67.62589928057554
30 gün,2024+,DOGE,≤−2,933,0.003559891687529175,0.043959036800676886,-0.017784245264897452,0.011367739585162618,1.279146850394893,48.660235798499464
30 gün,2024+,DOGE,−2…−1,3279,-0.04368525563485663,-0.10322791738706606,-0.18550550042251124,-0.4379709214467677,-0.5916905735283562,44.634668297156836
30 gün,2024+,DOGE,−1…0,7851,-0.006641544551554772,-0.013781444861014285,-0.024812890944953925,-0.06145470701377565,-0.20218106097514085,50.382750701709625
30 gün,2024+,DOGE,0…1,8388,0.007936146107504607,0.004811438642475087,-0.01167017857545707,0.011484391167685109,-0.18903807535494666,48.41364503816794
30 gün,2024+,DOGE,1…2,3217,0.025638784223853885,0.07521047276705173,0.22203602639027675,0.5034701986795681,0.8306930118524504,48.741063102269194
30 gün,2024+,DOGE,2…3,472,0.09589539332807497,0.15773572844983755,0.1853761834223435,0.4744322591796168,2.5753356029001804,51.483050847457626
30 gün,2024+,DOGE,≥3,126,-0.018516015900960112,0.38476419217112817,0.9081355687271166,-0.2873175749319633,0.20593010407150888,52.38095238095239
30 gün,22-06→23,DOT,≤−2,390,-0.04246774792756539,-0.14018413937503899,-0.04947786698389332,0.19590011391846873,0.920125610142567,50.0
30 gün,22-06→23,DOT,−2…−1,1658,0.0028405296276455567,0.02078715947791608,0.007042241750168998,0.060180537355335836,0.45118407481936673,48.67310012062726
30 gün,22-06→23,DOT,−1…0,4939,-0.004913642529081582,0.011065807288623988,-0.00835069306815912,0.04960941861331771,0.04774911615899977,50.192346628872244
30 gün,22-06→23,DOT,0…1,4810,0.006636812269595486,-0.004181575448181243,-0.011685545359916755,-0.10823270075076799,-0.38083148982002446,47.92099792099792
30 gün,22-06→23,DOT,1…2,1772,-0.0146988977038498,-0.012635736012974543,0.02729863794463455,-0.04631119004884259,-0.0821428444857102,47.17832957110609
30 gün,22-06→23,DOT,2…3,220,0.10081478520510467,-0.004570247855081757,0.09546333290136966,0.0049499110225932706,-0.06192532287417319,47.72727272727273
30 gün,22-06→23,DOT,≥3,101,0.07985575237220426,0.08972315239828818,0.3534332462433868,1.7858657926559107,6.4181691958406315,63.366336633663366
30 gün,2024+,DOT,≤−2,684,0.023019095634555196,0.03823132806404403,0.08318421636740456,0.2573501860595271,0.07750827333359135,46.49122807017544
30 gün,2024+,DOT,−2…−1,2988,-0.019211846890156873,-0.06105114533737428,-0.19916196777250245,-0.45342850053559197,-0.9345127944940104,42.521797451374916
30 gün,2024+,DOT,−1…0,8724,-0.012184365448362383,-0.047070181268762036,-0.04654479283617442,-0.10412086042647958,-0.21059330245291502,47.09188941149478
30 gün,2024+,DOT,0…1,8088,0.003111025684902769,0.01969240306540465,0.015429302322027579,0.021283642726078036,-0.10136743008773413,47.11562267888091
30 gün,2024+,DOT,1…2,3104,0.020900474764847618,0.05787790963550127,0.1678130885883016,0.5242834249015239,1.174269691625892,49.32301740812379
30 gün,2024+,DOT,2…3,547,0.06764126542827052,0.23606803251494257,0.35163772518934167,0.4977738711304594,2.729703202897796,53.016453382084094
30 gün,2024+,DOT,≥3,131,0.1595680827879126,0.7536386741059035,0.8044383131656878,0.10060339065568799,1.9023936649205708,46.56488549618321
30 gün,2024+,FLOKI,≤−2,435,-0.0786948397412703,-0.18296016117739172,-0.031838622862851385,0.1245769472370423,1.0984774798373935,49.88452655889146
30 gün,2024+,FLOKI,−2…−1,1646,0.01403789223266663,0.030576140370094748,-0.05314739631242753,0.020616505089331574,0.33926055327849947,46.504559270516715
30 gün,2024+,FLOKI,−1…0,6185,0.01088927255480319,0.0027609282524312484,0.013617486894734888,-0.06934818817354084,-0.11952898748662788,46.92158133506157
30 gün,2024+,FLOKI,0…1,5838,-0.023147808336034012,-0.0023227329397182395,-0.00860196409265473,0.04208223019290794,-0.13916806078336533,46.39917695473251
30 gün,2024+,FLOKI,1…2,1538,0.04428155001578842,0.00042824453512177473,0.013777637655103519,0.011180652663490007,0.07843523148846647,46.8445022771633
30 gün,2024+,FLOKI,2…3,327,0.0404942346953362,-0.00323111223672217,0.07915883337517393,0.014065841455683448,0.9301301344557499,46.76923076923077
30 gün,2024+,FLOKI,≥3,82,-0.0316023092969259,0.31435878965953096,0.247862282757792,0.8900173204827333,1.122792112349871,51.21951219512195
30 gün,22-06→23,LINK,≤−2,356,-0.003048704400642093,-0.08326484125670887,0.07287458341884745,0.2706716609353616,-1.0903614919882332,52.80898876404494
30 gün,22-06→23,LINK,−2…−1,1453,-0.02167136601817949,-0.15891263725688923,-0.28715279310097913,-0.5827018793712795,-1.1768091433474086,46.38678596008259
30 gün,22-06→23,LINK,−1…0,5095,-0.005735036203837507,0.009498782490016726,-0.026809293539272534,-0.025780025930584077,-0.20281760894843934,50.75564278704613
30 gün,22-06→23,LINK,0…1,5210,0.005336486180890216,0.02444921418877471,0.0787646174579272,0.12314568518605003,0.34144818186709786,51.66986564299424
30 gün,22-06→23,LINK,1…2,1460,0.008770266474318557,0.040223727097750926,0.0468289112731418,0.04866810598562103,0.5532177237255458,51.02739726027398
30 gün,22-06→23,LINK,2…3,205,0.06965000555505206,0.17198358990546878,0.21152256903991343,0.06578523473007772,0.30712904222775644,52.6829268292683
30 gün,22-06→23,LINK,≥3,111,0.06223342212492534,-0.08304175479135656,0.05213525399492444,1.4011308456920157,4.34075438018313,64.86486486486487
30 gün,2024+,LINK,≤−2,734,-0.004848949392556331,-0.018086549729075568,-0.11195746356192483,-0.11222517299073168,-0.3469192965431624,49.79536152796726
30 gün,2024+,LINK,−2…−1,3203,-0.02390939594000986,-0.10641701183615863,-0.15586819982224767,-0.3301908543062834,-0.8493245645344153,46.076899030947175
30 gün,2024+,LINK,−1…0,8242,-0.004572857951473348,-0.0032874728277109636,-0.013467733692600528,-0.03316252469496014,0.03705152788189624,49.6048632218845
30 gün,2024+,LINK,0…1,8136,0.0022010960347886074,0.015099127303548116,0.010614002206468826,0.06095406172702169,0.18145027603769004,49.624984630517645
30 gün,2024+,LINK,1…2,3360,0.011504685856897892,0.03906050648141435,0.11119519962795392,0.19920700476496195,0.20294871351837018,48.988095238095234
30 gün,2024+,LINK,2…3,509,0.04831308860827563,0.1148690097894362,0.26491045958275117,0.06368693678398571,0.41628392995009084,47.347740667976424
30 gün,2024+,LINK,≥3,82,0.4472295561498201,0.8361617030889381,1.1857431457384926,2.607460847376414,3.7060856204282135,63.41463414634146
30 gün,22-06→23,NEAR,≤−2,259,-0.015477136243123671,-0.1804195966577372,-0.10322569691034043,-0.6199308173801216,-0.791081154315977,46.33204633204633
30 gün,22-06→23,NEAR,−2…−1,1210,-0.03547707115818213,-0.007022844841606237,0.010727096207548619,0.005276260847271268,0.35128693983372355,46.36363636363636
30 gün,22-06→23,NEAR,−1…0,4832,0.0027403688861573935,-0.023063061206067912,-0.04852346623885842,-0.007762648011273789,0.030789560523588687,46.31622516556291
30 gün,22-06→23,NEAR,0…1,3335,0.006921757573576394,0.034956218556561405,0.06866917120541338,0.06296374033808251,-0.2132322354468641,48.33583208395802
30 gün,22-06→23,NEAR,1…2,1470,-0.009017476795429035,-0.016015219654552965,-0.04573622795070046,-0.1867369127218701,-0.22573845277549515,47.27891156462585
30 gün,22-06→23,NEAR,2…3,301,0.013352300824109634,0.13580805567278012,0.1413412437509706,0.1460864765453043,0.17769924971793338,50.83056478405316
30 gün,22-06→23,NEAR,≥3,91,0.21809844795388222,0.3599141625161707,0.48239464509057156,2.3322426318707272,6.819068373068414,61.53846153846154
30 gün,2024+,NEAR,≤−2,615,-0.011945453942532368,0.08613286882430994,0.06420950143120535,-0.130844628303952,-0.10171440522752434,48.45528455284553
30 gün,2024+,NEAR,−2…−1,2550,-0.020994360428437796,-0.07217035002367403,-0.13958250260773797,-0.3604484724066404,-0.693263624638118,46.543597800471325
30 gün,2024+,NEAR,−1…0,8615,0.0014157010174638523,-0.013761648144803747,-0.053238744287286505,-0.04587715747800677,0.022454015639248974,47.93023255813954
30 gün,2024+,NEAR,0…1,8856,-0.00827106245344063,-0.02245067253547559,0.011228855964099933,-0.013052927900775016,-0.33389841903674183,48.921025872782735
30 gün,2024+,NEAR,1…2,2940,0.023188501049986827,0.07228248302030706,0.14521569809667623,0.31973402575200843,0.9728708058640385,49.74481116025859
30 gün,2024+,NEAR,2…3,536,0.05334424622610924,0.18398098734189094,0.08994462950927642,0.5588524059461255,2.006539689605778,53.73134328358209
30 gün,2024+,NEAR,≥3,153,0.1642198712704589,0.895852289603704,1.307280810302377,1.7581900983175018,4.244999567963264,57.51633986928104
30 gün,22-06→23,OP,≤−2,295,0.007890585924291411,0.24367070345010822,0.08631829679130516,-0.2902078518568038,-1.9718555815298613,45.76271186440678
30 gün,22-06→23,OP,−2…−1,1106,-0.07741206168380349,-0.1819020932188139,-0.13088292324943412,0.019913709165966017,0.46777363904939134,51.98915009041591
30 gün,22-06→23,OP,−1…0,5985,-0.008201224031113095,-0.02400239654802666,-0.045053399782153475,-0.2629232431972932,-0.7330424401689307,47.7360066833751
30 gün,22-06→23,OP,0…1,4875,0.004457940347360342,0.038888700593401486,0.01607927535952746,0.04710749694813382,0.1969026079958764,48.08205128205128
30 gün,22-06→23,OP,1…2,1117,0.05980391818953153,-0.013703312861512381,0.09578370519865312,0.39654042831606623,1.056119809610994,49.86571172784244
30 gün,22-06→23,OP,2…3,223,0.14285854837433257,0.27083607963013046,0.4687850358422637,1.1210161413145132,1.6728435632836995,49.775784753363226
30 gün,22-06→23,OP,≥3,112,0.10699509912739334,0.34181196641181805,0.8841186087429567,6.380455883318419,17.31221964505435,56.25
30 gün,2024+,OP,≤−2,606,0.026785442824351226,0.10146814164916186,0.12631856420684645,0.13707684754365002,0.1130058643765957,48.595041322314046
30 gün,2024+,OP,−2…−1,3299,-0.036726912130074806,-0.07011023673168261,-0.12860515777507045,-0.09224965326852957,-0.3128199092417803,45.920533818622985
30 gün,2024+,OP,−1…0,8389,0.0013664701846202991,-0.019633591430346396,-0.029241148064494,-0.1434434992264704,-0.10489767353409565,46.507462686567166
30 gün,2024+,OP,0…1,8062,0.0025191203510878985,-0.0022162893229190584,-0.01252041989414837,0.039392288869482664,0.01307429833580934,47.51676185746213
30 gün,2024+,OP,1…2,3244,-0.003408038398869803,0.04638912091436036,0.15627494302418063,0.29937583756954905,0.5282356700726828,49.35265104808878
30 gün,2024+,OP,2…3,463,0.09767340583214548,0.30013453654188066,0.2077261458180715,0.029483123478812705,-0.26638563382789726,49.24406047516199
30 gün,2024+,OP,≥3,112,0.3483913602244227,0.5625400641620761,0.8104679711630853,1.0755671632410952,1.3025726379364861,53.57142857142857
30 gün,2024+,PEPE,≤−2,315,-0.04158773737138416,0.003958846816094958,-0.09459258785770355,-0.21820735059475074,1.0491041343052003,43.492063492063494
30 gün,2024+,PEPE,−2…−1,2612,0.02508965429413932,-0.015988155417862273,0.04914379884672537,0.1335659567956235,1.3408683508473258,48.50689127105666
30 gün,2024+,PEPE,−1…0,4880,-0.008492598107379932,0.0059531170660706845,-0.033140032177608504,-0.09323294744223544,-0.4375025190074934,45.85215605749487
30 gün,2024+,PEPE,0…1,6594,-0.004962147891258746,-4.999890294848529e-05,-0.014155932732408241,-0.01971098506686115,-0.26967748929109536,45.4946056830269
30 gün,2024+,PEPE,1…2,1744,0.00042553106495855355,-0.018014222511473412,0.027675945282754494,0.052492473829093715,-0.30841478028765135,45.46498277841561
30 gün,2024+,PEPE,2…3,294,0.0804667092904929,0.08090052548680236,0.2682727976504549,0.6576662216787723,2.0268170827379026,52.38095238095239
30 gün,2024+,PEPE,≥3,34,-0.07889856588302735,0.5713044524905074,0.8582675575176264,0.5537566021187467,-0.060996413629922946,50.0
30 gün,22-06→23,SHIB,≤−2,256,0.07126636775978454,-0.0064976918403883525,0.14998316319636493,0.2378085537894436,-0.013766015262191332,47.65625
30 gün,22-06→23,SHIB,−2…−1,1798,0.006637805135356935,0.010795542514641345,0.0140021724598643,0.24547737544024836,0.4781765356510127,51.66852057842046
30 gün,22-06→23,SHIB,−1…0,5569,-0.012210296230154218,-0.016231817564344254,-0.03855459155739452,-0.00559579317935086,0.2693153252120785,48.734063566169866
30 gün,22-06→23,SHIB,0…1,4344,-0.0044930787437320804,0.0070116598346684645,0.0149953570973235,-0.14338374864746367,-0.5789561996312216,46.73112338858195
30 gün,22-06→23,SHIB,1…2,1608,0.02327093406278317,0.004701544405107837,0.040973730285693136,0.046139161701187675,-0.103261412968264,47.699004975124375
30 gün,22-06→23,SHIB,2…3,243,0.05861277894775099,0.03316691606186371,-0.14420041849562448,-0.36410698153947213,-0.4011960841066,45.267489711934154
30 gün,22-06→23,SHIB,≥3,72,0.07882698238007735,0.36902390774168536,0.766028287309633,2.306401250379236,5.86758853318657,76.38888888888889
30 gün,2024+,SHIB,≤−2,836,0.023078037932671356,-0.014585072278538386,-0.019745780269757873,-0.025430026558586283,-0.19980231549621189,45.868263473053894
30 gün,2024+,SHIB,−2…−1,3191,-0.011374537920648204,-0.06149682537339949,-0.14821818653663857,-0.32821975035225587,-0.42249982646941675,45.7286432160804
30 gün,2024+,SHIB,−1…0,8370,-0.018027634584546908,-0.03336171715117856,-0.06645831479170237,-0.164915521618801,-0.431009940006964,46.88097514340344
30 gün,2024+,SHIB,0…1,8322,0.005322871645353661,0.0015509605401063662,0.0474311099662157,0.11086506041301675,0.08759404229406018,46.39720919042464
30 gün,2024+,SHIB,1…2,2923,0.0236553021681527,0.1102921532733435,0.19003510704827545,0.49055601952579925,1.1479483191075248,49.93145990404387
30 gün,2024+,SHIB,2…3,557,0.07597740727421276,0.19675774953520375,0.008725469778983329,0.09866508124549125,1.6415906800140667,48.201438848920866
30 gün,2024+,SHIB,≥3,67,0.1810053533966781,0.6387426396543111,1.3495758179583512,0.572796191670834,1.946681313974774,52.23880597014925
30 gün,22-06→23,SUI,≤−2,154,0.09041849440917023,-0.053425391360861926,-0.015630135083932892,0.30098602027064786,0.7941736145970695,48.05194805194805
30 gün,22-06→23,SUI,−2…−1,548,0.023581760382698807,0.046103650294162093,0.12336813457992253,0.43032533759825364,1.1321957472478577,50.54744525547446
30 gün,22-06→23,SUI,−1…0,1889,-0.009895769717877255,-0.0018844785533085832,-0.060057493204047054,-0.12471473866665478,-0.2882118695477438,46.479618845950235
30 gün,22-06→23,SUI,0…1,2069,-0.016063964468491527,-0.034938064674446705,0.05186023498038541,-0.004288155046897356,-0.13094918485771648,46.73755437409376
30 gün,22-06→23,SUI,1…2,475,0.07997988134049125,0.16322327375805898,-0.05575980511834217,-0.18181347563555242,-0.2426450965898347,49.473684210526315
30 gün,22-06→23,SUI,2…3,108,-0.03570957425796572,-0.085354729636739,-0.27509170639152686,0.4769819761490392,1.0704640138826045,50.0
30 gün,22-06→23,SUI,≥3,34,-0.26622385185956193,-0.2795117213914154,-0.08391490403961552,-0.08424854380557747,2.12548194962881,47.05882352941176
30 gün,2024+,SUI,≤−2,671,-0.051800962894109424,-0.1119825758288231,-0.28817211364559836,-0.30826366660903876,0.15557262625799903,45.37313432835821
30 gün,2024+,SUI,−2…−1,2974,-0.023303307354488222,-0.10976986791454268,-0.23703507299356183,-0.45149481113365747,-0.6264643341888045,43.7626432906271
30 gün,2024+,SUI,−1…0,8567,-0.0027053871791588207,-0.04263531875507975,-0.056887298003752466,-0.1645947806585379,-0.30960079419506564,46.68614845119813
30 gün,2024+,SUI,0…1,8428,0.011962813931838763,0.0773820370709852,0.11566764544407586,0.23404844983644482,0.3095030501281196,48.74777448071217
30 gün,2024+,SUI,1…2,3017,-0.020643718658720327,-0.053418916243501056,-0.0035469322399576324,0.10414233827987411,0.2229497664631536,46.58488063660477
30 gün,2024+,SUI,2…3,487,0.08160628379567395,0.26183570888929963,0.47764414107723124,0.7676408898694801,1.4181361700086144,52.361396303901444
30 gün,2024+,SUI,≥3,122,0.40107187385937904,1.2123848362941037,1.5363680147559937,2.409721471259772,3.6038344653894328,59.83606557377049
30 gün,22-06→23,SOL,≤−2,375,-0.02430364652034758,-0.3125225321179706,-0.26118133058619836,-0.17832421799337445,1.045962194833077,50.13333333333333
30 gün,22-06→23,SOL,−2…−1,1526,-0.01749884144527052,0.0956342852259161,0.05444099819140153,0.02948448359091408,-0.031014230164158434,48.099606815203146
30 gün,22-06→23,SOL,−1…0,5259,-0.000904303801988699,-0.0287344488602252,-0.028788158663992765,-0.02657256038580448,0.3435587151520895,48.26012549914432
30 gün,22-06→23,SOL,0…1,4795,0.012626465295765383,0.020599646212396967,0.02741628329952394,0.0888699025759747,-0.2564277591268811,49.40563086548488
30 gün,22-06→23,SOL,1…2,1614,-0.007395221220458264,0.035949848251860046,0.05173448301640061,-0.2178065707153284,-0.6372494773406332,44.671623296158614
30 gün,22-06→23,SOL,2…3,217,-0.03887828991993468,-0.22479565078822253,-0.40934306641000073,-0.8417366568466669,-2.1193570465075093,43.77880184331797
30 gün,22-06→23,SOL,≥3,104,0.003859692831944472,0.13802686922609814,0.3858641687015894,2.593161843030713,5.445277401120876,64.42307692307693
30 gün,2024+,SOL,≤−2,1301,-0.007470631426976536,0.01625702805188327,-0.043224409327643834,0.2370871562993405,0.618433064921068,54.650269023827825
30 gün,2024+,SOL,−2…−1,3350,-0.030680582774719804,-0.07678334313745937,-0.156236495201043,-0.49818455435097453,-0.7651422172917911,45.073375262054505
30 gün,2024+,SOL,−1…0,7089,0.0005782360757876554,-0.01611849320910502,-0.0037312739880658976,0.02865382065207184,0.18114839134624805,51.75922000847817
30 gün,2024+,SOL,0…1,8153,0.002184323148992465,0.027071873977314122,0.04073503601420653,0.06640623963847214,-0.15246586412730215,49.87118145012882
30 gün,2024+,SOL,1…2,3711,0.004936092705322553,-0.004068499615006657,0.01852201897185802,0.10309393508055494,0.16706150959001592,50.01347345728914
30 gün,2024+,SOL,2…3,559,0.057721135735678705,0.18088343371303103,0.23199821955923228,0.23641089385585276,1.425645478045829,50.44722719141323
30 gün,2024+,SOL,≥3,103,0.38782549063657973,0.41962390045932285,0.7212585219665988,0.9339049110213693,2.8437583406766995,60.19417475728155
30 gün,22-06→23,ZEC,≤−2,290,0.005131364096757318,-0.17993371901669927,-0.22978414805706246,0.1327987328041944,0.6055838206161455,51.37931034482759
30 gün,22-06→23,ZEC,−2…−1,1557,-0.041807783659748715,-0.07564065511816807,-0.1010508500831648,-0.1718930625777023,0.1328589706009773,48.29800899165061
30 gün,22-06→23,ZEC,−1…0,5361,-0.009939604178024005,-0.019993896675003495,-0.048500625758880915,-0.07904225709341195,-0.16680743122279704,48.927438910651
30 gün,22-06→23,ZEC,0…1,4741,0.019204780059287874,0.060489962764678405,0.1051232228363691,0.1371190047620848,0.22574704201744492,50.81206496519721
30 gün,22-06→23,ZEC,1…2,1505,0.000516191679071132,-0.07012321172521101,-0.08720394867216136,-0.16987025616655185,-0.5158820146781169,48.372093023255815
30 gün,22-06→23,ZEC,2…3,270,-0.0033200893215325124,0.2106039526756939,0.25288463703160285,0.29158174396278747,-0.4061554602231279,55.55555555555556
30 gün,22-06→23,ZEC,≥3,167,0.15546428112145952,0.23371264410292844,0.29077438619904483,1.0761549058785103,1.9615065492641608,61.67664670658682
30 gün,2024+,ZEC,≤−2,337,-0.09566023167473876,-0.2029013637799186,-0.2799125688292949,-0.15823567457872723,-0.2580021157956309,52.52225519287834
30 gün,2024+,ZEC,−2…−1,1772,0.016991924090202584,-0.1796979673999768,-0.29814182399566236,-0.48944551220734267,-1.4083094196375336,46.52738565782044
30 gün,2024+,ZEC,−1…0,11253,0.005316574409658528,0.01514865683631205,0.006027888051399568,0.14482444654451473,0.371936254871803,50.627726827530935
30 gün,2024+,ZEC,0…1,8076,-0.003755206708481017,0.0515393156348667,0.0998073474627626,0.06728838749489692,-0.11500817254297899,50.65642804062422
30 gün,2024+,ZEC,1…2,1951,0.007319079981222892,-0.0766265928944614,-0.06854629679759086,-0.3190807459140322,-0.1524594631169638,48.641722193746794
30 gün,2024+,ZEC,2…3,503,-0.13197704131173782,-0.25180595968421815,-0.5047121707957143,-1.079325832387916,-0.5558657536152565,40.55666003976143
30 gün,2024+,ZEC,≥3,373,0.06633513677643703,0.20465370810409164,0.3657377571552915,-0.22586848888367309,-0.2248435860141118,51.474530831099194
30 gün,22-06→23,XRP,≤−2,116,-0.05794273165225846,-0.11280475519044411,-0.25496712651818665,-0.1432378347458797,0.8380976247813637,45.689655172413794
30 gün,22-06→23,XRP,−2…−1,394,-0.061417231711270566,-0.15556700558798336,-0.22892147494937293,-0.25126157913358016,-0.9945992404592396,51.52284263959391
30 gün,22-06→23,XRP,−1…0,1480,-0.0015456973943084366,-0.0006936271658558173,-0.06180981801096398,-0.23519910927671658,-0.6581569188333213,45.0
30 gün,22-06→23,XRP,0…1,1307,0.022531051121252164,0.03299962546518402,0.09233786427910057,0.1933362547655478,0.5994729416291352,50.65034429992349
30 gün,22-06→23,XRP,1…2,571,-0.0010061232148548538,0.04853717642866076,0.12807367252745844,0.3281417937914383,0.8463518373637529,46.409807355516634
30 gün,22-06→23,XRP,2…3,68,0.07266562612640438,0.20684900277154464,0.24618871256517874,0.38318864491211013,-0.12384179856017702,33.82352941176471
30 gün,2024+,XRP,≤−2,1183,-0.015881645958764425,-0.13513605270688628,-0.27499837238364494,-0.3712025930708674,-0.23888718666827788,46.277495769881554
30 gün,2024+,XRP,−2…−1,3298,-0.03385485694308749,-0.07766833008114886,-0.1452838445815195,-0.3945739854787963,-0.9398277379135012,44.94826536822885
30 gün,2024+,XRP,−1…0,7356,0.00965492193762011,0.009117670411503678,0.019132322736233248,-0.06907115128659227,-0.18866994598685277,49.18300653594771
30 gün,2024+,XRP,0…1,7891,0.0019235097221227937,0.02065753803502653,0.04133878046523316,0.1316180783114352,0.01070424060397382,48.23216322392599
30 gün,2024+,XRP,1…2,3852,0.0031532436519586585,0.007205720952616724,0.032577677595351504,0.18147227090143428,0.6108573469770162,49.63655244029076
30 gün,2024+,XRP,2…3,553,0.00835315041983638,0.16651407173653396,0.24520369089590524,0.734230538653769,3.1586026863224084,52.26039783001808
30 gün,2024+,XRP,≥3,133,0.20640223844057598,0.49471888984033213,0.5673829611390124,0.7438434962287976,4.356035030483343,53.383458646616546
30 gün,22-06→23,UNI,≤−2,331,-0.045431307214192904,-0.10727527544990216,-0.05393505344725638,0.5571533595279532,0.5283438919663132,58.006042296072515
30 gün,22-06→23,UNI,−2…−1,1599,-0.03923531792712709,0.027689375721064197,-0.0076982289924143734,-0.10313101570239877,-0.2961277061930662,50.093808630394
30 gün,22-06→23,UNI,−1…0,5100,-0.003505771657554208,-0.022652183611716694,-0.028017868726156154,-0.1484577490380632,-0.12666113002195778,48.68627450980392
30 gün,22-06→23,UNI,0…1,4682,0.01950928545915865,0.0048597764000525056,0.0002750124941739232,0.013046149381231734,0.10345241549755803,50.42716787697565
30 gün,22-06→23,UNI,1…2,1788,-0.0026157243163277633,0.011788389851761632,0.04173482270447445,0.1934327640473707,-0.08167262149877548,51.23042505592841
30 gün,22-06→23,UNI,2…3,282,0.033875620105066506,0.1728594291538805,0.177685483472514,0.15483178541495704,-0.08710501700955604,53.54609929078015
30 gün,22-06→23,UNI,≥3,108,-0.005222340786249604,0.13130988550278871,0.43552151408090156,2.657600325850575,5.84100175695173,67.5925925925926
30 gün,2024+,UNI,≤−2,726,0.03968624889869955,-0.03957625174601856,-0.16174592695407242,-0.44800751497417607,-1.4172278358686063,46.83195592286501
30 gün,2024+,UNI,−2…−1,3027,-0.03846728532651363,-0.11506281297484293,-0.19463441332072096,-0.3766374144688765,-1.3828850381563726,45.815415150512734
30 gün,2024+,UNI,−1…0,8264,-0.02202041243273696,-0.043689716517947265,-0.015023620123768741,-0.05221258809481931,-0.10472560996954879,47.81871061560834
30 gün,2024+,UNI,0…1,8527,0.01655531847289148,0.044774766309752745,0.043123273221865696,0.10897772638469598,0.46923541927882967,49.01385301714017
30 gün,2024+,UNI,1…2,3026,0.027231201993270525,0.06588521048552211,0.1012015691494617,0.25768239612867655,0.4556052026679306,50.66093853271646
30 gün,2024+,UNI,2…3,543,0.039554970277823426,0.15676977190765257,0.20261392132877648,0.40503857521494285,1.0888263910942806,50.64456721915286
30 gün,2024+,UNI,≥3,153,0.16022050190413947,0.46732303182628454,0.3024785381382412,-0.21744126537787317,0.8098096047082705,43.790849673202615
30 gün,2024+,PUMP,≤−2,207,0.011996012709517858,-0.13700423869677864,-0.036689085857178956,-0.06830289261560903,0.7463456893610956,49.275362318840585
30 gün,2024+,PUMP,−2…−1,966,0.043516738637676224,-0.0769632490839156,0.011499500768580799,0.09054946963725682,0.947665090255788,51.505711318795434
30 gün,2024+,PUMP,−1…0,3515,0.017046796249078587,0.05781803283718871,0.08116798293725408,0.042766304135770525,0.27675964363607086,50.34227039361095
30 gün,2024+,PUMP,0…1,3430,-0.026312463229970856,-0.04247279696753028,-0.11906854051490871,-0.10938918136350027,-0.7021620424026376,47.103569338794614
30 gün,2024+,PUMP,1…2,907,0.014466704208299083,0.04447934824437007,0.08396139687030663,0.17685754030281206,0.40186385429466126,46.46799116997792
30 gün,2024+,PUMP,2…3,153,-0.23726045785983962,0.048143037153218424,0.3491746511478651,0.5788250245459462,0.5958665869106581,51.633986928104584
30 gün,2024+,PUMP,≥3,52,0.17356843916441836,-0.049946963812008235,-0.19231704429950355,-1.8826930992056332,-2.065357533134115,36.53846153846153
30 gün,22-06→23,AVAX,≤−2,382,-0.020538747661729896,-0.0501490693012486,-0.1869890929316917,-0.46761568285167715,-1.7196379803129793,45.54973821989529
30 gün,22-06→23,AVAX,−2…−1,1709,-0.010546978785313979,-0.03860514932719463,-0.0832519810095845,-0.15467521271051737,-0.3999337995637454,46.05032182562902
30 gün,22-06→23,AVAX,−1…0,5048,-0.0018014829494398938,-0.005760228022912898,0.03710210090411123,0.09765369896905521,0.5044909401510322,49.36608557844691
30 gün,22-06→23,AVAX,0…1,4896,-0.005151670041020752,0.005805689566319624,0.01603017119415082,-0.00234910463649807,-0.2148678921256653,49.28513071895425
30 gün,22-06→23,AVAX,1…2,1528,0.04068824851931253,0.05455587866369843,-0.06711357516748187,-0.09278005655707748,-0.3072598286516388,48.62565445026178
30 gün,22-06→23,AVAX,2…3,231,-0.09769311228602928,-0.22837309259420277,-0.1232609871616878,-0.6291207863214423,-1.4611474236177997,38.52813852813853
30 gün,22-06→23,AVAX,≥3,97,0.21219088660882282,0.5688548598695427,0.8139708907735309,2.5629824879957432,6.729170916848045,69.0721649484536
30 gün,2024+,AVAX,≤−2,752,-0.0039510254535192095,0.006893257656042227,0.04261031132694316,0.24852426826778234,0.5326130514949161,49.40079893475366
30 gün,2024+,AVAX,−2…−1,3314,-0.0018073436033200839,-0.04086995026371448,-0.12085168155472067,-0.13464626868910004,0.054290680593097204,46.586102719033235
30 gün,2024+,AVAX,−1…0,7983,-0.01586550909906538,-0.05233347427665351,-0.08870821362464615,-0.22521529719378863,-0.45266189217067737,47.02634880803011
30 gün,2024+,AVAX,0…1,8094,0.006675548351680796,0.012534456364860337,0.014952465782983591,0.10336315631146192,0.027105371705666112,48.28737479906022
30 gün,2024+,AVAX,1…2,3496,0.010440938333381599,0.07334448900684395,0.19216828189548002,0.24867297131607047,0.3295567109233155,48.56979405034325
30 gün,2024+,AVAX,2…3,509,0.06910768579970583,0.24233100511002817,0.4040067071850188,0.5367412214118664,2.510664253055425,52.455795677799614
30 gün,2024+,AVAX,≥3,118,0.08386996758884781,0.5656949220580765,0.6574240505605609,0.6401992204737024,3.2559898935110665,55.08474576271186
30 gün,2024+,MET,≤−2,217,-0.11800111808602953,-0.17895587445909494,-0.5866310405537596,-0.8032681758461567,-1.1613128172689609,45.16129032258064
30 gün,2024+,MET,−2…−1,650,-0.025096503605356896,-0.16795505648792255,-0.19682755608701405,-0.32115190448575065,-0.7565290015358044,47.76579352850539
30 gün,2024+,MET,−1…0,2851,-0.00569638040403607,0.05935558088827757,0.08754744366471613,0.34676518870156237,0.4597322916059433,48.71524111228441
30 gün,2024+,MET,0…1,2854,0.00331511831589824,-0.056542314921331,-0.03984978224842001,-0.210737271247882,-0.25500042284669583,45.864132347764865
30 gün,2024+,MET,1…2,717,0.040107697701119764,0.1520756139520823,0.19184195209863272,0.047767431349552164,0.22600552053075987,47.486033519553075
30 gün,2024+,MET,2…3,197,0.10236154411483077,0.0861045777147814,-0.056386385901607806,0.047126286902351294,0.7556455974334625,42.63959390862944
30 gün,2024+,MET,≥3,55,-0.004287879575435429,0.26060509350817096,-0.12120840747726878,-0.8582525942196397,-2.6432796540769994,38.18181818181819
30 gün,22-06→23,SAND,≤−2,337,-0.02529297612464154,0.17415507018583015,0.3056821466172467,0.37500834497825825,0.8484353732921106,51.33531157270029
30 gün,22-06→23,SAND,−2…−1,1472,-0.01670621148830163,-0.15256974176796512,-0.2639175826116811,-0.35500104716455694,-0.06078636980960458,45.65217391304348
30 gün,22-06→23,SAND,−1…0,5405,-0.008687066503217515,-0.026741689712554098,-0.059600446468971675,-0.08475049960476207,-0.28118816459444873,48.39962997224792
30 gün,22-06→23,SAND,0…1,4864,0.001857380356419738,0.025074545714783517,0.06782377113625233,0.10823511960575209,0.05106390594319779,48.66365131578947
30 gün,22-06→23,SAND,1…2,1444,0.04789314632732037,0.10248828716468732,0.1310626630442882,0.11718366269581615,0.18166324781634308,49.51523545706371
30 gün,22-06→23,SAND,2…3,229,-0.05681352139123322,0.010472952102723566,0.10616258692516492,-0.39009021390703563,0.19595752203788835,47.161572052401745
30 gün,22-06→23,SAND,≥3,99,0.15037541174738442,0.38461869769833934,0.6479966738447289,2.5042627052713984,7.755616204970739,62.62626262626263
30 gün,2024+,SAND,≤−2,759,0.031868890560989446,0.14008752706938388,0.044149858034567696,0.39709008129033047,1.0207879093880494,49.80237154150198
30 gün,2024+,SAND,−2…−1,2766,-0.019488829308632723,-0.08716098425911398,-0.17282898412687092,-0.41958527127844253,-1.0881242566840235,45.96745027124774
30 gün,2024+,SAND,−1…0,8625,0.0014707116135848504,-0.03448927007850056,-0.05655810078829377,-0.1331994823574264,-0.1308402132555994,46.260162601626014
30 gün,2024+,SAND,0…1,8592,-0.0004180343157521625,0.010913914997763653,0.03729646130957548,0.03912003778904161,-0.13202764103731096,48.194315004659835
30 gün,2024+,SAND,1…2,2772,0.0029229186123574972,0.07189021285735077,0.13216718548624729,0.4247873198900862,1.3867809432812317,49.76542764345002
30 gün,2024+,SAND,2…3,546,-0.021723243279287763,0.14683471266904435,0.28745519721091395,0.5889764177773574,0.7664139372401944,54.395604395604394
30 gün,2024+,SAND,≥3,170,0.14343582482349596,0.34661990025420236,0.5184828886033839,1.0066838504704352,1.3339091667377885,54.70588235294118
30 gün,2024+,ENA,≤−2,244,0.007378018343918003,0.22256873760874182,0.043904692717625385,0.27774759871034826,2.174156425369251,52.04918032786885
30 gün,2024+,ENA,−2…−1,1177,-0.0282468041224487,-0.1554969550034376,-0.274736640617145,-0.34574106329612203,0.6404075807395787,42.45524296675192
30 gün,2024+,ENA,−1…0,4696,-0.006531858013545213,-0.06807014554557445,-0.04846017714144251,-0.07776979277359021,-0.3244986717017465,44.94238156209987
30 gün,2024+,ENA,0…1,4077,0.003670138321564014,0.058637795903668626,0.07528947493880499,0.07125033106323675,0.03692038556991767,45.23107177974435
30 gün,2024+,ENA,1…2,1093,0.03471203091742531,0.11675479119903356,0.1412795837135702,0.29301084661850185,-0.2190944938974289,43.35472043996334
30 gün,2024+,ENA,2…3,223,-0.01899675457448112,0.062101536625447186,0.0010848472691516722,0.0584374974377536,0.389808686467586,47.53363228699551
30 gün,2024+,ENA,≥3,68,0.19764214753138606,0.9951215079848235,1.1483548824860046,1.1714758785796686,3.496668416455079,48.529411764705884
30 gün,2024+,WLD,≤−2,283,-0.0027110804519326986,-0.03022955497662938,-0.008428666116937582,-0.010897166265188846,1.2308907212433056,45.936395759717314
30 gün,2024+,WLD,−2…−1,1144,-0.031809910071437505,-0.10519853366807903,-0.1541288940173656,-0.08975804441738568,0.6254474066738914,43.74453193350831
30 gün,2024+,WLD,−1…0,4957,-0.01143291278178768,0.028513157799727785,0.005433845971095281,0.027645159981705338,-0.11816382561259399,45.06072874493927
30 gün,2024+,WLD,0…1,4588,0.02927806821807898,-0.006790653930030937,0.022410711277208867,-0.06578431401719305,-0.25259609536846855,44.84941073766914
30 gün,2024+,WLD,1…2,1167,-0.020134194150758337,-0.006643732240122931,0.019783110396158043,0.06217854644178782,0.3926501650241981,49.056603773584904
30 gün,2024+,WLD,2…3,234,-0.03131494251778171,0.10861287466424009,0.001592152311911542,0.7931841231005186,1.0402872470331601,52.13675213675214
30 gün,2024+,WLD,≥3,64,-0.1514940646573604,0.018723003659214223,0.3968705424087478,0.19419858410355828,-0.38380769819192184,43.75
30 gün,22-06→23,QNT,≤−2,346,0.1304806392638744,0.26498823193405613,0.10861279846604743,0.22328866009729137,-0.725856336725022,45.95375722543353
30 gün,22-06→23,QNT,−2…−1,1625,-0.012657548026678025,-0.06814298489315562,-0.05611124784940459,-0.10722766403213368,-0.25029395930115594,43.63076923076923
30 gün,22-06→23,QNT,−1…0,5042,-0.01861488524918194,-0.02880902491122832,-0.050502583906113944,-0.1673125465614347,-0.11680746560317444,44.86314954383182
30 gün,22-06→23,QNT,0…1,4983,-0.0025561788571706397,-0.013764261823059188,0.01910378100688702,0.04543849459560517,-0.03713799644832656,48.30423439694963
30 gün,22-06→23,QNT,1…2,1577,0.029670744781603534,0.11672883150241199,0.10782468156886381,0.2933204251556286,0.6255429141833054,51.17311350665821
30 gün,22-06→23,QNT,2…3,227,0.1117726331877763,0.20154933584645035,0.11440355596575696,0.4795951581516092,0.5036520873895001,53.74449339207048
30 gün,22-06→23,QNT,≥3,91,0.10827200852191081,0.03357995552157839,0.18715941478036785,1.568379203083144,3.6380841180215797,62.637362637362635
30 gün,2024+,QNT,≤−2,557,-0.07647421709533347,-0.02454461866012303,-0.050164654369459986,-0.08767703241929138,-0.5162654742832897,45.421903052064636
30 gün,2024+,QNT,−2…−1,2642,0.012763119440757599,-0.039113240639441396,-0.07451307430748177,-0.06480507733111997,0.05600835587016989,44.20893262679788
30 gün,2024+,QNT,−1…0,9077,-0.0157193298936686,-0.01744078095473249,-0.03595150388054833,-0.01710571776616207,-0.07774642120454206,45.77355992054734
30 gün,2024+,QNT,0…1,8696,0.01064454918893596,0.012747344790876207,0.03928008913624594,0.02667682639586942,-0.0011349384998676944,45.56758001381533
30 gün,2024+,QNT,1…2,2662,0.03751129629159549,0.06340818886384487,0.05618107237259304,0.060425901193957,0.28085368034093783,47.29526671675432
30 gün,2024+,QNT,2…3,487,-0.07417398456270262,-0.0713390853888308,-0.030729624071370008,-0.18291915837942024,0.02834140107760728,46.81724845995893
30 gün,2024+,QNT,≥3,144,-0.033114193392475226,0.21104375668932898,0.5199364160426285,0.4970562697310255,0.6382465714511271,52.77777777777778
30 gün,2024+,TAO,≤−2,244,0.05866402939791602,-0.0473980035358554,-0.0012631670141558709,0.1052788066156569,1.951264093479826,48.559670781893004
30 gün,2024+,TAO,−2…−1,1293,-0.010839818012847403,-0.09262189542726082,-0.1186291584608776,-0.07871490065271881,-0.005231889990172864,47.78898370830101
30 gün,2024+,TAO,−1…0,6273,-0.008816987091331822,-0.03596295315638736,-0.04748379431127225,-0.11102346284509877,-0.4625387596071807,45.64766011819198
30 gün,2024+,TAO,0…1,4693,-0.008815479104005201,0.028268047043839787,0.033271661622560254,0.07508841031584632,0.25407824732670753,46.33938100320171
30 gün,2024+,TAO,1…2,1248,0.05371173915643255,0.07948258001074275,0.12024385668131612,0.2920740621779096,0.8300509274233684,50.16025641025641
30 gün,2024+,TAO,2…3,243,0.021847334474889662,0.12645312775298093,-0.0071607810874109185,-0.07821491341993128,0.2877108557486473,46.09053497942387
30 gün,2024+,TAO,≥3,103,0.23386928585728317,0.9141052074549648,1.4245773950420084,0.7156043673804445,1.373657944212295,53.398058252427184
30 gün,22-06→23,LTC,≤−2,451,-0.02219044982063594,-0.06053180935248849,0.02530641499661228,0.6668578512107813,0.7424980508062374,57.20620842572062
30 gün,22-06→23,LTC,−2…−1,1513,-0.025572031377497233,-0.0785650781061082,-0.12713303253853367,-0.23271039779490812,-0.09146341570326375,51.61929940515532
30 gün,22-06→23,LTC,−1…0,4717,-0.00025898715407313876,0.003955092268976469,0.03132029826186976,0.09891080827122578,0.09142487579078626,52.151791392834426
30 gün,22-06→23,LTC,0…1,5283,0.0032317921388825034,0.011595965572347933,-0.00771049438337759,-0.08512579558304258,-0.18786136268033163,49.687677455990915
30 gün,22-06→23,LTC,1…2,1603,0.0026018958703997726,0.013421290864579053,0.007786982771282742,-0.14550230976800363,-0.2848694352586281,46.724890829694324
30 gün,22-06→23,LTC,2…3,216,0.08142014999456637,0.07524029237317863,-0.03363049577691175,-0.16804844925086843,-0.13378850413836088,43.98148148148148
30 gün,22-06→23,LTC,≥3,107,0.1036342934600905,0.26621420964963655,0.6422190065319643,2.8414383552689055,7.946560641064905,68.22429906542055
30 gün,2024+,LTC,≤−2,991,0.020434400921795798,0.071260200656291,0.039859586070758374,0.18884371839212713,0.00533126507289601,52.37134207870837
30 gün,2024+,LTC,−2…−1,3322,-0.03764528339508198,-0.1313634942479912,-0.20938863589621443,-0.5326440006323045,-1.2130521343702891,46.28623188405797
30 gün,2024+,LTC,−1…0,7582,0.004370370659894155,0.005417174036859679,-0.022495319843223577,-0.11454220458070376,-0.2010195753158145,50.63424947145877
30 gün,2024+,LTC,0…1,8242,0.00011385586234593137,0.005378464825218672,0.03758248320244307,0.1756234557008854,0.4052533135552017,53.076082999635965
30 gün,2024+,LTC,1…2,3461,0.009369836187069252,0.047410625067213975,0.10032909044023863,0.20672342245703879,0.25561975860794606,50.88124819416354
30 gün,2024+,LTC,2…3,558,0.02807308297877123,0.1523028995912106,0.21567679550122268,0.5149997656866241,1.7193448030325835,55.7347670250896
30 gün,2024+,LTC,≥3,110,0.2058867923628077,0.28350420251724,0.43960201910672114,-0.057493848850754786,3.2646112241099505,64.54545454545455
30 gün,2024+,RAY,≤−2,121,-0.2092853185808069,-0.10834486494425406,-0.4047411521634829,-0.9550926912651782,-1.9734369490319834,47.107438016528924
30 gün,2024+,RAY,−2…−1,418,-0.06493627261295754,-0.20720558958524168,-0.2755376667239661,-0.27849693215305793,-0.44316736482267577,49.03846153846153
30 gün,2024+,RAY,−1…0,1932,-0.02726221932835242,-0.055882178142919584,-0.07059516400232521,-0.04353365320716382,0.30827251803118416,47.99583550234253
30 gün,2024+,RAY,0…1,1906,0.05781355089676489,0.054795662548354974,0.00782921748456154,-0.008695407958032343,-0.13713763038784385,48.284960422163586
30 gün,2024+,RAY,1…2,409,0.014480469685041327,0.2237399016567745,0.6174983924614449,0.7632666175457463,0.5656133356306594,51.9607843137255
30 gün,2024+,RAY,2…3,92,-0.04153390924041423,0.27783690824203816,0.5443945106120919,0.8486427132045834,-0.25838581135779226,61.95652173913043
30 gün,2024+,RAY,≥3,39,-0.18271733040662944,-0.35985880761079264,-0.4500499106800262,-1.4861801093152622,-2.846104723240102,51.28205128205128
30 gün,22-06→23,AAVE,≤−2,322,0.03581875209726584,0.06414040160880072,0.08460032101208215,-0.11184961621426558,-0.22492168992981265,53.72670807453416
30 gün,22-06→23,AAVE,−2…−1,1621,-0.05642794397870826,-0.10200905090779243,-0.18862447350586328,-0.3309858677809841,-0.5371801510322255,48.18013571869216
30 gün,22-06→23,AAVE,−1…0,4890,-0.01932060933457306,-0.06886469164595684,-0.08986390858495828,-0.1518733903238036,-0.17512860351446333,49.34560327198364
30 gün,22-06→23,AAVE,0…1,5074,0.03091047798997085,0.07534464794755502,0.10549247517944535,0.19484492096464381,0.17417988037614404,50.29562475364604
30 gün,22-06→23,AAVE,1…2,1668,0.01814869160100223,0.08015810942161167,0.08596864493889395,0.027812497139493048,0.01575842534278088,48.860911270983216
30 gün,22-06→23,AAVE,2…3,219,-0.0559563885606723,-0.14933200415986758,-0.012974574973381397,0.09364910126727934,0.6743680476028746,47.03196347031963
30 gün,22-06→23,AAVE,≥3,96,-0.004619741214248554,-0.01923913476984356,0.43885827362656105,2.704802285380798,7.727211575427326,67.70833333333334
30 gün,2024+,AAVE,≤−2,757,0.05183499276233456,0.14516248596898906,0.14709707104366654,-0.015072402174808649,-0.1397070666779876,51.12285336856011
30 gün,2024+,AAVE,−2…−1,3156,0.003840331317167855,-0.058838191443362,-0.1110818212203238,-0.1790210913084279,-0.7331887401561016,47.38178356077436
30 gün,2024+,AAVE,−1…0,7979,-0.008539045880837834,-0.0005490594379456545,0.006815246727762852,0.004348597172420762,-0.021183317415708613,49.34086629001883
30 gün,2024+,AAVE,0…1,8610,0.005355038769349128,-0.0022684817047484334,-0.0021113112290632426,0.03340661703414664,0.23447617360097078,49.296920395119116
30 gün,2024+,AAVE,1…2,3035,-0.029557077426590285,-0.034141425859761126,-0.02194715032965315,0.013712272953566099,0.08220274469613328,49.17600527356625
30 gün,2024+,AAVE,2…3,578,0.06727593164224062,0.1807636812185559,0.1880848811791596,0.14790561440307687,0.11057638279576226,51.21107266435986
30 gün,2024+,AAVE,≥3,151,0.14226841660240278,0.6534974178597474,1.0629640391417328,0.8365050982511578,1.71293299898889,58.27814569536424
30 gün,2024+,ONDO,≤−2,268,0.06252482382739999,0.11658912920678614,-0.03654281244245794,0.12243447158760355,2.059798889913926,44.776119402985074
30 gün,2024+,ONDO,−2…−1,1418,0.0007700641068781981,-0.03886134408151581,-0.080780512295146,0.020822888053581543,0.5802894907528551,46.89265536723164
30 gün,2024+,ONDO,−1…0,4948,-0.013992974237069855,-0.01163501737656585,0.041969156273546936,-0.026483571722829412,-0.1325012502526814,47.98133495638061
30 gün,2024+,ONDO,0…1,4289,0.0024509372847058776,-0.016649922304939224,-0.048325583619663104,0.002422380766588708,-0.18578589039004537,47.41017265515632
30 gün,2024+,ONDO,1…2,1630,0.012950753067171078,0.05065200078105249,0.00610294503084879,-0.09521361461516441,-0.11953809450310038,46.65438919582566
30 gün,2024+,ONDO,2…3,274,0.04163910556877962,0.19267555112854776,0.25715190372376345,0.43557674137739194,0.6319598216990064,54.74452554744526
30 gün,2024+,ONDO,≥3,73,0.1141059513399045,0.2383536757448974,0.5977290124631193,1.2823630720215813,1.2371990491959033,56.16438356164384
30 gün,2024+,ORCA,≤−2,312,-0.12282811913367976,-0.06406552792525623,-0.13111881410964207,-0.1768327959699231,0.02818658468270556,50.641025641025635
30 gün,2024+,ORCA,−2…−1,1213,-0.02173625618365937,-0.018918178773846116,0.01986741066054618,-0.3124070969486673,0.1246218314910904,44.54545454545455
30 gün,2024+,ORCA,−1…0,6333,-0.006099070462517621,0.00952309011103907,0.026167569268337392,0.05878244559135381,0.10276461606422357,46.377728566909205
30 gün,2024+,ORCA,0…1,6444,0.006767120338484586,-0.0014081934266909864,-0.011462576000612274,0.005060800907954804,-0.20242294815325618,45.57886557886558
30 gün,2024+,ORCA,1…2,1210,0.04876538954198445,0.015569686028966186,0.0009478078266346901,0.1113939786393568,0.6387746123269443,46.688741721854306
30 gün,2024+,ORCA,2…3,248,0.04651638412502378,0.18594301650177883,-0.009419434225555823,-0.21756736318152692,-0.5976842714948378,49.596774193548384
30 gün,2024+,ORCA,≥3,124,-0.08750493585674127,-0.5909074372943632,-0.5947200481400537,-0.4162231882907082,-1.0584281706468583,53.2258064516129
30 gün,2024+,PAXG,≤−2,374,-0.018188616778802763,-0.02666132132928134,-0.029694475555750062,0.06742022980350836,0.11445889581117735,59.62566844919787
30 gün,2024+,PAXG,−2…−1,1876,-0.0015116397975860928,-0.0013821298448618508,-0.0156231474581728,-0.020745753552507358,0.08635806852472351,53.529411764705884
30 gün,2024+,PAXG,−1…0,4113,0.0021232583248521467,0.019197972111423284,0.02919671552322864,0.05123752640693336,0.10439558432788598,54.15549597855228
30 gün,2024+,PAXG,0…1,4287,0.0018787017951441831,-0.011638037814357714,-0.009536091202819879,-0.026415679190848446,-0.09813363688141197,52.418789436784294
30 gün,2024+,PAXG,1…2,1389,-0.0034278337869790123,-0.018735304399838223,-0.030843537889870366,-0.059172504227204416,-0.12366448123055752,52.69978401727862
30 gün,2024+,PAXG,2…3,138,-0.012231639136923347,0.05378087181695183,0.017043487553228702,0.014324948356820893,-0.10185121767585649,54.74452554744526
30 gün,2024+,PAXG,≥3,61,-0.011454724603601833,0.03476704474318585,0.028060259116446114,-0.055531081092264026,-0.49762031555615527,47.540983606557376
30 gün,22-06→23,HBAR,≤−2,265,-0.03867262382208006,-0.17854542930168582,-0.07632105677471211,0.05167212187993208,-0.10945011537803265,51.320754716981135
30 gün,22-06→23,HBAR,−2…−1,1352,-0.07030631455907316,-0.11748527555266926,-0.15833783504260635,-0.09609180477113484,-0.13312930314456328,45.78402366863905
30 gün,22-06→23,HBAR,−1…0,3895,0.00602883556223492,-0.004829582781694608,-0.033486731123391254,-0.17395037652687262,-0.3829768502530255,45.75096277278563
30 gün,22-06→23,HBAR,0…1,3584,-0.0014590948912158066,0.011156219464284411,0.043254334892699704,0.13524929921478146,0.4396026496331163,49.07924107142857
30 gün,22-06→23,HBAR,1…2,1286,0.05094816426222481,0.10203181039206398,0.1282878943210945,0.1792564986117375,0.042595424098313545,51.39968895800933
30 gün,22-06→23,HBAR,2…3,76,-0.049779624415412616,0.09397169219123253,0.0076706537536191405,0.4848938517100341,-0.143925646961054,61.8421052631579
30 gün,22-06→23,HBAR,≥3,32,0.7910430120712759,1.4571002786291494,1.3794972722147851,1.3015764373164698,2.5410833642400936,59.375
30 gün,2024+,HBAR,≤−2,798,0.03568572694883654,0.06602752180374945,0.029922792491740905,0.04932713630913224,0.9177667284848829,46.8671679197995
30 gün,2024+,HBAR,−2…−1,3260,-0.020683618576154007,-0.045388606215952365,-0.1252043728889307,-0.25143805637680133,-0.4504974294011924,42.721130221130224
30 gün,2024+,HBAR,−1…0,7800,-0.006842088801766343,-0.006826181212124684,0.033184047399675363,0.05296951989457773,-0.20480956222588062,45.78034682080925
30 gün,2024+,HBAR,0…1,8358,0.010784929383956145,0.026002696986816842,0.024683765407088314,0.13755202775102154,0.35763702667912695,46.641925056865794
30 gün,2024+,HBAR,1…2,3484,-0.007999261501746447,-0.04284745168451141,-0.043904449000437426,-0.17693557748480132,-0.23293691813019618,44.157335630203846
30 gün,2024+,HBAR,2…3,469,0.040094421189336434,0.04739356391037365,0.021108259027393564,-0.31236800717579444,0.0964698941255962,46.908315565031984
30 gün,2024+,HBAR,≥3,96,0.11702587667558505,0.6058862418788867,0.64599170473974,-0.20055553802482076,1.1831544076600007,45.83333333333333
30 gün,2024+,STRK,≤−2,546,0.013753715123775406,0.02417280171497516,0.006851603106848212,0.05273976190215057,0.5797590488587251,45.42124542124542
30 gün,2024+,STRK,−2…−1,2875,0.0035112750718769414,0.01414602690515221,0.002810415699429304,0.06638805605610777,0.1363454608854048,48.259052924791085
30 gün,2024+,STRK,−1…0,8558,-0.012785632528873376,-0.045363022100001836,-0.07030791882506024,-0.11859174313881803,-0.06674292487473446,44.57055932600047
30 gün,2024+,STRK,0…1,7245,-0.005813975753998353,0.004430403270217398,0.04374909627346748,0.08130138736049886,0.028589527730304987,46.2824765063571
30 gün,2024+,STRK,1…2,2796,0.02195311173881739,0.06914177895594252,0.04734808060986985,0.07088580729227728,-0.1028976183191749,46.01073345259392
30 gün,2024+,STRK,2…3,467,0.12104257442730791,0.11120203532179716,0.16065516564046955,-0.31017437443810325,-0.7223536972992725,43.46895074946467
30 gün,2024+,STRK,≥3,93,0.17215990261311537,0.6122637237331996,0.7027579255593427,1.6392622840078777,3.013949375599338,51.61290322580645
30 gün,22-06→23,XLM,≤−2,153,0.049272167175116156,-0.18418766879683265,-0.5683158263374751,-0.7580168868527833,-0.6355483790840925,45.751633986928105
30 gün,22-06→23,XLM,−2…−1,1511,-0.034851389390742206,-0.05470629392915238,0.011967518962636191,-0.1398067713171879,-0.3708955791141527,44.473858371939116
30 gün,22-06→23,XLM,−1…0,5293,-0.005405207443334293,-0.001789424421977368,-0.02410418670632995,0.0022241702340860376,0.18624150531160816,49.14037407897223
30 gün,22-06→23,XLM,0…1,5120,0.005508847452717114,0.011279612361962467,0.014227331652462219,-0.00715843486450079,-0.1194224735121964,48.515625
30 gün,22-06→23,XLM,1…2,1473,0.02124769037156448,0.03587974370294679,0.07196658291761518,0.18957221135176375,-0.050147527914094325,51.12016293279022
30 gün,22-06→23,XLM,2…3,228,0.015011149908777287,-0.10345880841741667,-0.14114383665161873,-0.6312031513545006,-0.6442791702360529,41.66666666666667
30 gün,22-06→23,XLM,≥3,112,0.09648108691749813,0.29731676312387,0.4444905408215172,1.9355153553004645,4.500820162863696,78.57142857142857
30 gün,2024+,XLM,≤−2,707,0.06093340148444447,0.19918150654450223,0.23187641005877718,0.8294025580607054,2.9867820732691257,48.79773691654879
30 gün,2024+,XLM,−2…−1,3251,-0.024297009398600737,-0.09158479384599996,-0.10849038262569356,-0.1377072898409193,-0.08534063088975301,43.77311960542541
30 gün,2024+,XLM,−1…0,8036,0.001470398064256338,-0.0143756259917226,-0.04137950779776499,-0.17473740907666452,-0.6534569140121701,46.242990654205606
30 gün,2024+,XLM,0…1,8475,-0.00444671513497105,0.01736188320070722,0.021088324406849136,-0.008155966958529687,-0.046773119979195546,46.17383089277279
30 gün,2024+,XLM,1…2,3236,-0.00516332628657994,0.01674530479291065,0.08094933335420088,0.31994630326806395,0.9860156372803109,47.96044499381953
30 gün,2024+,XLM,2…3,471,0.16520227793134326,0.09026154890754257,0.09372877773977693,0.6094595830762276,1.3208108865452661,49.89384288747346
30 gün,2024+,XLM,≥3,90,0.007562737596699985,0.3161258540749721,0.4010270184103894,0.10295083039698381,-0.14629636838326593,44.44444444444444
30 gün,22-06→23,FET,≤−2,281,0.15744738946415368,-0.13667890923146367,0.06134492452783739,0.12011677569281265,0.22771386618277017,50.177935943060504
30 gün,22-06→23,FET,−2…−1,1549,-0.019540424398383625,-0.04045325353202385,-0.028782209198932356,-0.14802403998345898,0.1946891909909064,47.708198837959976
30 gün,22-06→23,FET,−1…0,5298,-0.0020023500591185915,-0.031887319219567896,-0.06608947346049283,-0.08111133329803105,-0.21772311641657416,48.320120800302
30 gün,22-06→23,FET,0…1,4993,-0.009194694959183642,0.0032456122245527437,0.003930701988947498,0.02499911092732083,-0.14015379074139353,48.367714800721004
30 gün,22-06→23,FET,1…2,1427,0.005325302202066458,0.09466372743172063,0.15895417244723783,0.0685249434384306,-0.12791116303201913,48.07288016818501
30 gün,22-06→23,FET,2…3,235,-0.009508993077815515,0.08907690904527885,0.15867164251147592,0.19903218819427884,1.1879186308757252,49.361702127659576
30 gün,22-06→23,FET,≥3,107,0.34746140774786044,0.9138722049768164,0.8761337714700451,3.326037835563157,13.000861178461815,57.009345794392516
30 gün,2024+,FET,≤−2,556,-0.11075976712186389,-0.17050648878906585,-0.1479351407355111,0.17432964975022366,0.9985399267007488,48.74100719424461
30 gün,2024+,FET,−2…−1,3013,0.02044695352039541,-0.016342037396660843,-0.07202758078942201,-0.1800483226399091,-0.2562563412486258,46.9299701294391
30 gün,2024+,FET,−1…0,8933,-0.016633428694959002,-0.012859628405613598,0.0030845121249062973,-0.12599899456535735,-0.2546526302345952,45.28534589079493
30 gün,2024+,FET,0…1,8314,0.002342365774284042,-0.001764246313198852,-0.04450936427864351,0.034384058775873916,0.12188327400945238,45.549801276646996
30 gün,2024+,FET,1…2,2848,0.03613203609932376,0.06646952502675522,0.14703574638988218,0.3219700384798786,0.33875122779696926,47.96348314606742
30 gün,2024+,FET,2…3,472,0.039272415638367135,0.026861750923370422,0.18947606244368584,0.4450813320717753,0.8642442457228247,50.63559322033898
30 gün,2024+,FET,≥3,129,0.059022195332581115,0.5547062771183604,1.034223448682424,1.2155305816797652,0.7482320453376881,48.837209302325576
30 gün,2024+,ZRO,≤−2,515,-0.1347370911210808,-0.13632957218837283,0.15745415933239326,0.09253749475049593,-0.3617150791048915,49.12621359223301
30 gün,2024+,ZRO,−2…−1,1800,-0.00807020868718036,-0.05245802148982063,-0.15836869633968706,-0.3692194203537502,-1.183018851673075,46.0511679644049
30 gün,2024+,ZRO,−1…0,7968,0.004772878672009524,0.013898891456952629,0.03845060359955566,0.08174246074819327,0.2862865716869045,49.201759899434315
30 gün,2024+,ZRO,0…1,7262,0.013196208121802326,0.0359819417895024,0.03211413144385075,0.08586338470662573,0.09218110595334657,48.35952577888062
30 gün,2024+,ZRO,1…2,1867,-0.03643598276512176,-0.08385655098053618,-0.11183067184853115,-0.24169520163031566,-0.0790377255827751,47.39946380697051
30 gün,2024+,ZRO,2…3,402,0.04207980959525823,-0.0851598398968543,-0.20478915222259694,-0.27117424440369986,-1.1098780071835315,47.2636815920398
30 gün,2024+,ZRO,≥3,161,0.007345853274305497,-0.10265246098672079,-0.274322886015361,-0.6033600162942657,-0.18428335639135637,38.50931677018634
30 gün,22-06→23,OGN,≤−2,335,0.038309268725211974,0.13027123194221665,-0.00929225560409467,0.19501033489123867,0.4508358903736135,53.43283582089552
30 gün,22-06→23,OGN,−2…−1,1387,-0.048221882008842205,-0.11990664977069028,-0.03621785666361503,0.06461878305192292,0.5403753564937196,49.819754866618595
30 gün,22-06→23,OGN,−1…0,5275,0.016761607523978452,0.0009383385262564372,0.00631302635682288,-0.09558584580246672,-0.08532214975387374,48.13270142180095
30 gün,22-06→23,OGN,0…1,5055,-0.0059493370476061316,0.004575884543110913,-0.02795313128682475,0.03760965638607338,-0.25569299969944015,49.218595450049456
30 gün,22-06→23,OGN,1…2,1398,-0.008748698552649417,0.06550429928578597,0.10826958067031249,0.1156681251235798,0.2756080956631223,51.28755364806867
30 gün,22-06→23,OGN,2…3,280,-0.047342153198561894,-0.09574806800568197,0.02709959819339981,0.04327330093173559,0.9336368480792457,51.78571428571429
30 gün,22-06→23,OGN,≥3,103,0.2057577464289514,0.28954637941688044,0.023302681273935547,-0.142492756202156,1.8966347136036164,47.57281553398058
30 gün,2024+,OGN,≤−2,683,-0.08849167121535031,-0.2749409400115572,-0.296411324619594,-0.3749242616104073,-0.5094226891537464,47.80058651026393
30 gün,2024+,OGN,−2…−1,2339,0.007014618094638035,-0.05054909434105357,-0.08850215533896216,-0.1284740529734043,-0.36021055063009577,47.068891741548995
30 gün,2024+,OGN,−1…0,8749,-0.01229718214682325,-0.01574219610378773,-0.025365201356857187,-0.11680246049985175,-0.29464090071154375,46.71549553673609
30 gün,2024+,OGN,0…1,8964,0.022185497366994048,0.04972234600473557,0.03458502484761175,0.10837148552765145,0.33575683047918886,48.41411659593477
30 gün,2024+,OGN,1…2,2377,-0.0011220641226515659,0.014523336816090996,0.14247067514520984,0.3402385513426555,0.3681150792861733,50.589225589225585
30 gün,2024+,OGN,2…3,458,-0.08763283029195931,-0.04157669587011453,0.02261024713576389,-0.29427273753614397,-0.24339600399707872,45.851528384279476
30 gün,2024+,OGN,≥3,161,-0.027346449630173953,-0.10742327202764566,-0.17207733465560685,-0.41879538849899794,-0.02979992135571461,46.58385093167702
30 gün,2024+,W,≤−2,214,-0.10448046886550935,-0.23112737166314712,-0.2242949500678857,0.029435837446146203,0.6033521420120879,50.0
30 gün,2024+,W,−2…−1,1221,-0.0022724161169365227,-0.00382482979379149,-0.04529427667185584,-0.1756074596959544,-0.3320977312854739,44.91803278688525
30 gün,2024+,W,−1…0,4245,0.0017912371379644994,-0.006167797413717636,0.0020069414726121555,0.099203527729617,0.2304044792140132,47.04491725768322
30 gün,2024+,W,0…1,3847,0.014000260978973928,0.02785354002160335,0.0005506863906241748,-0.025093639397129438,0.019327005881564045,45.430877375683416
30 gün,2024+,W,1…2,1123,0.004950576299752597,0.011490998692932096,0.10802598386220902,-0.051226819171562424,-0.5039161219077019,43.22638146167558
30 gün,2024+,W,2…3,211,-0.2134272873848913,-0.21437065559703605,-0.19033359386685172,-0.1522762630672039,-0.7722480018190713,44.49760765550239
30 gün,2024+,W,≥3,63,0.050160106840211445,0.08717627653070978,0.1791776297324453,-0.4127332010282295,-0.7442807493773633,38.095238095238095
30 gün,22-06→23,ALGO,≤−2,344,-0.0227746808229292,-0.07209998018713398,-0.10700870900490654,-0.25776518578877516,-0.184963424753644,47.383720930232556
30 gün,22-06→23,ALGO,−2…−1,1679,0.00894397479222618,0.001416960477555699,-0.017460959948826568,0.15468987631382383,0.725128733148107,50.565812983919
30 gün,22-06→23,ALGO,−1…0,4613,-0.007120445545677762,-0.012120595984092737,-0.014312497088550891,-0.001664715552434818,0.056685629574757486,47.90808584435292
30 gün,22-06→23,ALGO,0…1,5124,0.01560963134846987,-0.0029241342202094476,0.0014171285668744232,-0.04017156841819965,-0.28022457566857045,50.11709601873536
30 gün,22-06→23,ALGO,1…2,1789,-0.04123986162269415,0.03053029109021914,0.04892717088100913,-0.0656574177315151,-0.31695913581274726,49.413079932923424
30 gün,22-06→23,ALGO,2…3,230,0.022089888160919478,0.03236074560124826,-0.1408654474434852,-0.23798631916660323,-0.4456402791298675,46.52173913043478
30 gün,22-06→23,ALGO,≥3,111,0.1295302609511723,0.28159664245803523,0.628454722076257,1.933904006564547,6.216696845277965,68.46846846846847
30 gün,2024+,ALGO,≤−2,545,-0.03651759432240277,0.09425197578965358,0.24739500516756788,0.6455316321923444,1.551376965609409,51.74311926605505
30 gün,2024+,ALGO,−2…−1,2678,-0.009592772145616246,-0.05408242824588219,-0.08150881704983372,-0.05105135760752003,0.23086630210617126,46.860986547085204
30 gün,2024+,ALGO,−1…0,9173,-0.0015659987652001037,-0.026209895771260875,-0.018908534857902816,-0.06546156269658446,-0.23754041438376494,47.582669431408924
30 gün,2024+,ALGO,0…1,8388,0.007169586396358583,0.018207427669396512,-0.033460060733475565,-0.08710623337377037,-0.25218036398780097,46.83619866284623
30 gün,2024+,ALGO,1…2,2861,0.005852514483017149,0.0466383703522435,0.14115332694017288,0.26294021667916284,0.7334207553839577,50.052429220552256
30 gün,2024+,ALGO,2…3,497,-0.06525345492652869,-0.08681210416833356,-0.008036140246858083,0.30539798836827176,1.0234225252768898,49.596774193548384
30 gün,2024+,ALGO,≥3,123,0.12596514702322337,0.7379156110731065,1.1171550612083627,1.7111824470784716,1.7368401153649924,61.78861788617886
30 gün,2024+,PENGU,≤−2,376,0.01876501573288184,-0.24664097808240246,-0.3934415510729876,-0.3552371204419911,-0.3734178698515103,45.6
30 gün,2024+,PENGU,−2…−1,1623,-0.02761364447092312,-0.10811681564999609,-0.21303929539321426,-0.49386967391577274,-0.6669521102655837,44.485520640788664
30 gün,2024+,PENGU,−1…0,5453,-0.005320810702689748,-0.007762250024334416,-0.029679998471515364,-0.04811585585709072,-0.568869587014646,45.31422271223815
30 gün,2024+,PENGU,0…1,4839,-0.007183449026065849,0.027675897059700683,0.0583807797088346,0.08167258596289365,0.4234432832391478,46.665285832642915
30 gün,2024+,PENGU,1…2,1603,0.060858744499364334,0.1232524448254261,0.17869293730208627,0.314328670701957,0.9757914109557887,46.595877576514674
30 gün,2024+,PENGU,2…3,287,0.04089489685180725,0.0004601815512702309,0.3865504807674382,0.7498726829056753,1.5534556205192736,47.73519163763066
30 gün,2024+,PENGU,≥3,84,-0.09218534481279782,-0.25397035621115804,-0.2917363626580559,0.9981188296276398,3.2497753901626187,48.80952380952381
30 gün,22-06→23,FIL,≤−2,263,0.00031769572491772817,-0.02511351583625435,-0.001334430553876886,-0.06485185774896166,-0.38041866032294863,48.28897338403042
30 gün,22-06→23,FIL,−2…−1,1249,0.04759597412973801,-0.03940684738403466,-0.031045665694991193,-0.2910161585854727,-0.5286607978294391,47.71817453963171
30 gün,22-06→23,FIL,−1…0,5579,-0.016567113816502305,-0.02865590228956254,-0.04234490817106158,-0.1020116749559253,0.06863951063633567,49.75802115074386
30 gün,22-06→23,FIL,0…1,5108,-0.0006924805479605713,0.012750014993185985,-0.007592864949826762,0.0244353806192242,-0.17604953379810018,49.19733750978857
30 gün,22-06→23,FIL,1…2,1379,-0.005270222973085853,0.02803713865128353,0.022988678091057497,0.021832011049011005,-0.22815777970040477,46.91805656272661
30 gün,22-06→23,FIL,2…3,185,0.12364829865476623,0.27109791088141794,0.561651134027311,1.0034321471422827,1.207388539753494,55.67567567567567
30 gün,22-06→23,FIL,≥3,127,0.16399130067957837,0.48623528836761637,1.405879855560317,4.79607197306641,10.771112844936582,74.80314960629921
30 gün,2024+,FIL,≤−2,480,-0.03278465460317307,-0.17586811070512645,-0.19282983015630556,0.22925597097656153,0.47854715142414717,50.52192066805845
30 gün,2024+,FIL,−2…−1,2071,-0.004550018697020144,-0.018197558972956447,-0.0601094748838943,-0.041013037517778225,-0.42808618170406726,47.729468599033815
30 gün,2024+,FIL,−1…0,10399,-0.004731230405697173,-0.038433235897119805,-0.049517009043834825,-0.13319626643829682,-0.32935670460198607,46.846413095811265
30 gün,2024+,FIL,0…1,8722,0.007519834551554592,0.028030438114156366,0.02882427974315381,0.03805051952185728,0.03254338537458522,48.41634151939408
30 gün,2024+,FIL,1…2,2017,0.0016137054279515284,0.09446834828449246,0.16137578584503473,0.4110668656128441,1.325279407557783,52.13293650793651
30 gün,2024+,FIL,2…3,406,0.05234791371002297,0.13638111464939567,0.19827352375812118,0.3551293943632333,1.940840323419515,47.29064039408867
30 gün,2024+,FIL,≥3,170,-0.09262216655306708,0.18262696789506497,0.43612209450857276,0.3168296601488828,1.9671976916351313,48.23529411764706
30 gün,2024+,TRUMP,≤−2,345,0.012893278641064418,-0.050647057624012615,-0.08729129304669263,0.05317464613326557,0.5015517302451777,50.72463768115942
30 gün,2024+,TRUMP,−2…−1,2092,-0.009171408990552837,0.001458617670781323,0.019149494607986425,0.06528093498266371,0.4656195216152468,43.89075227599425
30 gün,2024+,TRUMP,−1…0,5380,-0.0034851324454064888,-0.03162809025393221,-0.026383833117308058,-0.1029391765146217,-0.10492789780228007,43.31530859593511
30 gün,2024+,TRUMP,0…1,4584,0.0010480005316955705,0.03863948160273909,0.01707775320391046,0.061967608704057306,-0.07032725173780133,42.54529578694608
30 gün,2024+,TRUMP,1…2,2049,0.021341809997191735,0.00944271246847984,0.03243805043307642,0.12824923308625535,0.0250872306589614,44.265495363591995
30 gün,2024+,TRUMP,2…3,307,-0.05698664259231163,-0.028909217922415652,-0.035785085590372676,-0.5628893204425276,-1.0978714087647148,42.671009771986974
30 gün,2024+,TRUMP,≥3,39,0.06263961340427501,-0.08137384063574506,-0.05020979762232605,0.6058196597936614,0.5893988872385355,41.02564102564102
30 gün,22-06→23,CRV,≤−2,385,0.09746793790554299,0.2939390394530683,0.29274407742355174,0.3160009885841842,0.47625187513597506,51.42857142857142
30 gün,22-06→23,CRV,−2…−1,1249,-0.015172180741213306,-0.09428786266002537,-0.1204925469006617,-0.03250730868025012,0.5370028435292985,45.31625300240192
30 gün,22-06→23,CRV,−1…0,5201,-0.031204121401568207,-0.0611975707987306,-0.022355415192261804,-0.08112508650870552,0.013620215215043379,47.10632570659489
30 gün,22-06→23,CRV,0…1,5172,0.020533979425985102,0.046634636086166276,0.0061446450051429345,0.024869125715719198,-0.15156874479736532,48.124516627996904
30 gün,22-06→23,CRV,1…2,1530,0.03242065643031016,0.0021481858036383385,0.0010321966853027904,-0.12952032625753168,-0.46960633984218636,45.751633986928105
30 gün,22-06→23,CRV,2…3,231,-0.04626901747518724,0.029029822309548904,0.1708281694542445,-0.038028982835106286,-0.173495235065142,47.18614718614719
30 gün,22-06→23,CRV,≥3,122,-0.011472703533636183,0.5877100403804405,0.6658898659571293,3.4360696629158354,5.0621015124728,63.934426229508205
30 gün,2024+,CRV,≤−2,588,-0.057375605735777754,0.004792546278022076,0.21895877242584616,-0.09022348004093335,-0.08373888218423964,45.74829931972789
30 gün,2024+,CRV,−2…−1,2543,-0.030805925864210514,-0.06473301128477682,-0.07846115016587317,0.0398183692622168,0.12366861430494662,47.53840094525404
30 gün,2024+,CRV,−1…0,9059,0.001970133915222726,0.007633059868859582,-0.01376518346791965,-0.020050683523671696,-0.20285693312633518,48.02209944751381
30 gün,2024+,CRV,0…1,9001,-0.007021993025893423,-0.02799326382935313,-0.04939883838233963,-0.08731933044948158,-0.0802898084806865,47.36432384341637
30 gün,2024+,CRV,1…2,2446,0.036989423437392845,0.0906066729986288,0.16855270585004214,0.23218949629969682,0.6611559290608854,49.73393368808841
30 gün,2024+,CRV,2…3,450,0.10474442700957452,0.1307853492441554,0.21246287760296234,0.46263727038381414,0.610523140012856,48.44444444444444
30 gün,2024+,CRV,≥3,177,0.11177905046512471,0.36157054452283577,0.7460857867418269,0.8088189879400631,2.2571963321438018,52.54237288135594
30 gün,22-06→23,MINA,≤−2,321,0.05716646695616386,0.09043304433108963,-0.003567749407511786,-0.7333872692107273,-1.7284115844415873,42.99065420560748
30 gün,22-06→23,MINA,−2…−1,1564,-0.011337875626808196,0.0012446052113680663,-0.030069759727740352,0.03179264486824714,-0.43416294807151745,47.69820971867008
30 gün,22-06→23,MINA,−1…0,5402,-0.018875782547398298,-0.03314658521747361,-0.05278176296595476,-0.09770241007069343,-0.2372039086471371,47.31580895964458
30 gün,22-06→23,MINA,0…1,4807,-0.012359468659758552,-0.005576531028386478,0.0037432612169813867,0.04546005205232863,0.21971572258146604,46.55710422300811
30 gün,22-06→23,MINA,1…2,1475,0.09258820218963539,0.09191746190014156,0.14912111350901747,0.06643535106679696,0.1635417558543616,46.03389830508475
30 gün,22-06→23,MINA,2…3,243,-0.030359099452476203,-0.07941155554659725,0.055200652346340355,0.354601358208096,1.237809795974403,51.440329218106996
30 gün,22-06→23,MINA,≥3,77,0.4100078921187525,0.7611353235389753,1.0641581519492713,4.036302505986407,11.909625131758013,66.23376623376623
30 gün,2024+,MINA,≤−2,377,-0.07055706206386456,0.012804007844750376,-0.09438518010368505,0.16677887600743524,1.0219255633948514,48.54111405835544
30 gün,2024+,MINA,−2…−1,2177,0.008399699850534206,0.044709655477664055,0.02479581941563508,0.19146035252077198,0.272607214627647,49.03492647058824
30 gün,2024+,MINA,−1…0,10133,-0.017726646808293615,-0.06005606360847812,-0.06896811187809579,-0.12845658201121946,-0.33429287214503395,46.49209486166008
30 gün,2024+,MINA,0…1,8147,0.012560661318725177,0.03732956274353683,0.03505396154835533,0.01694246646644841,0.031060691768558135,48.175003072385394
30 gün,2024+,MINA,1…2,2107,0.027053131327277487,0.0451259972767258,0.09400458445126963,0.20455062078016192,0.7162401590373504,50.712250712250714
30 gün,2024+,MINA,2…3,423,0.05295162173866745,0.16641396457228685,0.19868189729663438,0.46375767342565577,1.0076305919836381,49.40898345153664
30 gün,2024+,MINA,≥3,134,0.04605472516867635,0.27304205949955007,0.838426836583538,0.4154723414475704,1.5809716890903474,50.74626865671642
30 gün,22-06→23,INJ,≤−2,108,0.004358598495627622,-0.29266390657448876,-0.49053765613306366,0.6111154379684425,1.6787270779761851,54.629629629629626
30 gün,22-06→23,INJ,−2…−1,968,0.0020172631338187834,0.07607722520301143,0.19076310679501693,0.26806840542472915,0.47607269493707205,54.64876033057852
30 gün,22-06→23,INJ,−1…0,5455,-0.033658656458267544,-0.09153630947813819,-0.14499257680164823,-0.4048795657742026,-0.7268686904346098,49.53253895508708
30 gün,22-06→23,INJ,0…1,2952,0.0071905159569531675,0.02848293967634681,0.025019637532260833,0.08040720857588925,0.02984903966642867,50.37262872628726
30 gün,22-06→23,INJ,1…2,1036,0.0948673418746813,0.1533729517565729,0.3141263216414662,0.7480408110223667,1.7208833527002247,57.33590733590733
30 gün,22-06→23,INJ,2…3,316,0.13325083909660582,0.35910772490151094,0.5717739631034462,1.512857113171702,2.207342501681869,60.44303797468354
30 gün,22-06→23,INJ,≥3,128,0.15287732177470317,0.7878238992461792,0.6193787061039352,3.06821984257102,5.894203626375629,64.84375
30 gün,2024+,INJ,≤−2,272,0.008812559535564934,-0.05269566791906363,-0.06427770101470308,-0.06050130107792806,0.5720675054426236,44.85294117647059
30 gün,2024+,INJ,−2…−1,2493,-0.027246767918984616,0.005458802743868045,-0.024682884188841004,-0.06439243568414467,-0.2011217656571875,47.47191011235955
30 gün,2024+,INJ,−1…0,10571,-0.0069237410475048375,-0.01887480113879437,-0.03812467653001077,-0.10493579290138227,-0.3298240793665128,46.27997346223107
30 gün,2024+,INJ,0…1,7769,0.019677522086687306,0.027612311662325785,0.0541605593418019,0.08308013346583652,0.3765694041669329,48.33891321143446
30 gün,2024+,INJ,1…2,2457,-0.002661976228055443,0.03804064998979617,0.06001600942268002,0.23233464215463628,0.47700926832070595,50.28501628664495
30 gün,2024+,INJ,2…3,541,-0.07509425170880359,-0.31482082774969466,-0.2788195726402049,-0.12302684832664981,-0.6164144995683534,46.950092421441774
30 gün,2024+,INJ,≥3,163,0.2024416689248767,0.3835095113678084,0.39455772013166945,0.8272587842810656,0.4218666207499575,46.012269938650306
30 gün,22-06→23,RLC,≤−2,329,-0.042951657748399576,-0.014311673165820726,0.1388227781414381,-0.2971128950415029,-1.1657221682936652,47.41641337386018
30 gün,22-06→23,RLC,−2…−1,1342,-0.00722788113141643,0.016156463521898364,-0.09259409805358364,-0.28883014462252116,-0.37528705879000085,48.1371087928465
30 gün,22-06→23,RLC,−1…0,5372,-0.009384810490539347,-0.00876472905996388,-0.01618258673302869,-0.04596182413829763,-0.22094213844117772,51.04244229337305
30 gün,22-06→23,RLC,0…1,5032,0.008410668384923926,-0.004789110656477886,-0.02166349172994113,-0.019991206465194873,0.11668584734320486,50.834658187599366
30 gün,22-06→23,RLC,1…2,1368,-0.03776621866952688,-0.05654757212327639,0.08907123559446982,0.32862886758481974,0.3548588267581166,52.55847953216374
30 gün,22-06→23,RLC,2…3,298,0.22608344758728321,0.17270978859950673,0.09387671141259357,0.18790502089047248,0.8811221603134427,52.013422818791945
30 gün,22-06→23,RLC,≥3,113,0.14349513520997215,0.7088412161122046,1.1036055008856849,2.8964856608361043,6.53871266691404,65.48672566371681
30 gün,2024+,RLC,≤−2,611,0.0020002805553058925,0.019980246458084553,0.034581542232632906,0.06969108443113389,0.06274862106715932,47.299509001636665
30 gün,2024+,RLC,−2…−1,2176,-0.006367503236569497,-0.04028027042539186,-0.07748558180531175,-0.04576565105852629,0.07046862360843746,47.19669117647059
30 gün,2024+,RLC,−1…0,8499,0.0025699723121040126,-0.0006143140569167077,-0.0175164873086469,-0.07343944936447075,-0.012295406334080786,47.20028291877873
30 gün,2024+,RLC,0…1,8212,0.00632631142258168,0.023864899388760477,0.026842804756628515,0.009651525346222021,-0.006910016901720052,47.21443374375229
30 gün,2024+,RLC,1…2,2070,-0.0326426825822293,-0.026091565810817563,0.03829878787070779,0.23559540305479976,-0.18779448029115012,49.468599033816425
30 gün,2024+,RLC,2…3,498,0.0790844622542765,-0.007394968179915967,0.04063179943005732,0.07748560234754603,-0.0495483236295143,49.59839357429719
30 gün,2024+,RLC,≥3,191,-0.1726121349325668,-0.3014525576565737,-0.12342681438258689,0.3903134888333229,2.011766833540457,49.21465968586388
30 gün,2024+,POL,≤−2,438,-0.011139076436928016,-0.08425750559000143,0.10278164057090158,0.4619191111490398,0.2081225593742871,53.31807780320366
30 gün,2024+,POL,−2…−1,2091,0.039667002365594846,0.0790494962210579,-0.004062442821255468,0.06799871897732596,0.14243210420705352,49.47267497603068
30 gün,2024+,POL,−1…0,6359,-0.0053903842123748024,-0.028748320124456328,-0.06595372926590914,-0.08095178102792544,-0.11096449396064806,46.34300126103405
30 gün,2024+,POL,0…1,6633,-0.00551184457831386,-0.010442213862357207,0.015763797496919345,0.019415077144570293,0.0343043782284628,47.65495400392098
30 gün,2024+,POL,1…2,1998,-0.011451568739693016,0.06263141026564414,0.14284631630366162,0.08372603186253944,0.003735476065564597,48.39679358717434
30 gün,2024+,POL,2…3,333,0.03595812159664719,-0.07927358087514481,-0.09811373231467332,-0.27061607314284863,0.18561304988641436,44.44444444444444
30 gün,2024+,POL,≥3,91,0.040309130869903606,0.27474773337803604,0.2820994041093777,-0.39438751982834497,0.21131260848065692,38.46153846153847
3 ay,22-06→23,BTC,≤−2,517,-0.021790279049822846,-0.06321744254590662,-0.10541109053634748,-0.21658114542269735,-0.5884586355930217,48.54932301740813
3 ay,22-06→23,BTC,−2…−1,801,-0.009727871824763621,-0.06053000620210765,-0.02460118020588508,0.06735003953379771,0.613273184578526,54.55680399500624
3 ay,22-06→23,BTC,−1…0,4663,-0.010830915149285787,-0.01811290246804172,-0.02922613811824094,-0.10963842340548215,-0.3924971885945335,50.91143040960755
3 ay,22-06→23,BTC,0…1,6445,0.006070620584511773,0.005664653026619165,-0.008154852228841955,-0.03492169554922914,-0.134441745221043,48.859581070597365
3 ay,22-06→23,BTC,1…2,1293,0.012276320552386373,0.05827883688296882,0.1012774259021662,0.25874039028993073,0.6574785058577127,49.49729311678268
3 ay,22-06→23,BTC,2…3,90,-0.04858389257782918,0.021843682002813544,0.41551910806220577,1.170777091271721,5.416193868802157,61.111111111111114
3 ay,22-06→23,BTC,≥3,83,0.228147893157884,0.6240874788687727,1.1408934023536186,4.270097636291224,14.12187440787838,78.3132530120482
3 ay,2024+,BTC,≤−2,1626,-0.01633299555592279,-0.09939369266215867,-0.21747070557597073,-0.5166335631270711,-0.9624011775807308,49.6309963099631
3 ay,2024+,BTC,−2…−1,3200,-0.011146557344598589,-0.033399695411443026,-0.06742191384211339,-0.21711975916160198,-0.6268085976978616,49.28125
3 ay,2024+,BTC,−1…0,6772,-0.0014286729187425447,0.0020909223286732716,-0.004359543042753178,0.0004236781620265274,-0.08312861304953273,53.73686547284298
3 ay,2024+,BTC,0…1,8421,0.0030757739709992215,0.0014535866976906318,0.018785730586287512,0.051997499287665845,0.15816366447502223,51.88443704672453
3 ay,2024+,BTC,1…2,3527,0.012073774668619967,0.05306350304091052,0.09272829338184992,0.23437291727158152,0.5544406168265891,51.800396937907564
3 ay,2024+,BTC,2…3,612,0.002080122914677601,0.08368957352014846,0.16008655376188405,0.4541504994990313,1.0097713127250703,58.00653594771242
3 ay,2024+,BTC,≥3,108,0.0198168411735481,0.03453935542852271,0.1446368725207973,-0.09220131294354135,2.2635079334700716,54.629629629629626
3 ay,22-06→23,ETH,≤−2,500,-0.022615482154544606,-0.06595568525696933,-0.09747559380504113,-0.08706249469826531,-0.47617810211096945,43.6
3 ay,22-06→23,ETH,−2…−1,750,-0.017471975304648335,0.0012121861482694617,-0.06824513006464289,-0.05982859137433712,-0.005138890676311108,50.13333333333333
3 ay,22-06→23,ETH,−1…0,4763,-0.01492567760896197,-0.037479518551047655,-0.03390682548264603,-0.09153198469730112,-0.16168171840475112,49.29666176779341
3 ay,22-06→23,ETH,0…1,6231,0.009508654164668513,0.003996558677936036,-0.016561582782577095,-0.036567821414248525,-0.10768876699730293,48.996950730219865
3 ay,22-06→23,ETH,1…2,1450,0.018469374841099718,0.08171150506819758,0.15291904513518165,0.2355500024012645,0.36286374367567076,49.44827586206896
3 ay,22-06→23,ETH,2…3,113,-0.025363091420524023,0.1402684540028675,0.34371994432402275,0.7733463285765897,2.9125097539337417,67.2566371681416
3 ay,22-06→23,ETH,≥3,85,0.1451733731543473,0.604106765911678,1.224024792805362,3.8033881248744112,9.73854024071183,85.88235294117646
3 ay,2024+,ETH,≤−2,1572,-0.029594883765325555,-0.13856294002599376,-0.27667504904081996,-0.5207457267608178,-1.4137536730805156,48.854961832061065
3 ay,2024+,ETH,−2…−1,3281,-0.015029668031095011,-0.030149940630860617,-0.08865333747981248,-0.3819277943915871,-0.888793774467729,47.241694605303266
3 ay,2024+,ETH,−1…0,6658,-0.002257262815041098,-0.010795172661037583,-0.011853928482055201,-0.030765802012490958,-0.15244285971240007,53.55421686746988
3 ay,2024+,ETH,0…1,8364,0.001678708500314195,0.007523454469285533,0.02123492366216327,0.09480991008186217,0.2683678566492463,51.89661361732679
3 ay,2024+,ETH,1…2,3657,0.02109537611373169,0.06336082427838498,0.12982846161614356,0.29965130071680973,0.8304072797753115,50.69729286300246
3 ay,2024+,ETH,2…3,637,0.013671752120911502,0.12126386332866523,0.22021492283416993,0.6494098005450357,1.1580659278400363,61.224489795918366
3 ay,2024+,ETH,≥3,97,0.113035308664564,0.17197311481526834,0.1232273850998162,-0.26621615456638514,1.602169363923082,48.45360824742268
3 ay,22-06→23,ADA,≤−2,303,-0.016375059534552226,-0.05066759498021102,0.04592231629735997,0.24078394783489995,-0.7826952541638862,43.89438943894389
3 ay,22-06→23,ADA,−2…−1,992,-0.003737149071225567,0.010150140328255732,-0.08064639058236162,0.11363097797376082,0.3760132165564285,43.44758064516129
3 ay,22-06→23,ADA,−1…0,5059,-0.019378736851423137,-0.04510246724680927,-0.07783504913499459,-0.22089245598487964,-0.37118743640143737,46.827436252223755
3 ay,22-06→23,ADA,0…1,6276,0.010820543243395537,0.02014563312166915,0.03547248371834313,0.04989788126614139,0.11563461138816172,49.95219885277247
3 ay,22-06→23,ADA,1…2,1076,0.02071925133298988,0.04273637573230055,0.12866395983197068,0.30436014331669003,0.4522723133264423,51.486988847583646
3 ay,22-06→23,ADA,2…3,91,-0.0737147867640043,-0.21454203165614774,-0.16619478645975003,0.2282040201237363,0.2906921310697598,60.43956043956044
3 ay,22-06→23,ADA,≥3,93,0.24957340230808184,0.866254999958503,1.224841593181243,2.907508447497196,5.41040836348224,64.51612903225806
3 ay,2024+,ADA,≤−2,807,-0.037433745623762296,-0.14431008749977733,-0.14250937620538265,-0.13613264272135364,-0.058020742046932264,44.48574969021066
3 ay,2024+,ADA,−2…−1,2337,-0.01174074172927556,-0.0896531776544169,-0.151686665930645,-0.38527391057049465,-0.4837018944300644,43.90243902439025
3 ay,2024+,ADA,−1…0,9020,-0.0008674678440416885,-0.009290357434562472,-0.047621833800555444,-0.047944018500867304,-0.3647694012517118,47.14634687985787
3 ay,2024+,ADA,0…1,9034,0.0036784835646527358,0.021974784365099066,0.02858023874712448,-0.02300044014878746,-0.044271097964697956,46.65411034788389
3 ay,2024+,ADA,1…2,2572,-0.00312298465589417,0.012563319045101318,0.156478352965421,0.6071431177287598,1.20884142832487,49.8443579766537
3 ay,2024+,ADA,2…3,414,0.05896870291258538,0.348675509760645,0.3722460149454796,0.08491977085081763,2.994649136808316,44.794188861985475
3 ay,2024+,ADA,≥3,82,0.19349897641652603,0.42204999716658675,1.0329716177025274,0.6609792336200628,6.42071015063078,52.4390243902439
3 ay,22-06→23,APT,≤−2,178,-0.19979361628914144,-0.24698879329717993,-0.4206065278482399,-0.7517193951039093,0.1764631109597457,46.62921348314607
3 ay,22-06→23,APT,−2…−1,796,-0.002030380651787341,0.03443165441532253,0.061659290803266126,-0.1179235518880613,-0.37021118602710024,49.246231155778894
3 ay,22-06→23,APT,−1…0,4334,0.009710817196207124,-0.03789418158195661,-0.03715933245180817,-0.1121927916007313,-0.23539835732951878,47.30041532071989
3 ay,22-06→23,APT,0…1,3742,-0.01267556141208139,0.01686308315788053,0.0016395975930751138,0.04140609361970426,-0.00837250677503936,47.033671833244256
3 ay,22-06→23,APT,1…2,727,0.029083948749560613,0.07143378931738292,0.06696447441475904,0.07937117636984932,0.04252295754500358,51.44429160935351
3 ay,22-06→23,APT,2…3,139,0.023222108230757724,0.035908604909683735,-0.10553823991636614,0.3981313328265845,1.5404278882899685,47.482014388489205
3 ay,22-06→23,APT,≥3,68,0.2669531174842781,0.8935951937577745,2.157161493812962,6.5578243473566635,15.73221183437566,80.88235294117648
3 ay,2024+,APT,≤−2,589,0.02988443367147502,-0.07038381505870657,-0.09312715381944922,-0.32928549940072244,-1.1300221741775658,43.803056027164686
3 ay,2024+,APT,−2…−1,3342,-0.018948123268270528,-0.0005103747675754352,-0.04748856209436332,-0.06370612298771865,-0.03989091216180145,46.0939838371745
3 ay,2024+,APT,−1…0,8044,0.008219110327343251,-0.016273411521131174,-0.03182887150244891,-0.15770410560677695,-0.3807298702908225,47.27544165215228
3 ay,2024+,APT,0…1,8742,-0.019412063510729053,-0.05266689764656092,-0.03787861862295751,0.010105322978719841,0.05937317545268257,48.194842406876795
3 ay,2024+,APT,1…2,3068,0.0455601049468985,0.17138873903577093,0.21190158763134936,0.44392114883872213,0.8741526598501193,49.95109227257907
3 ay,2024+,APT,2…3,400,0.033192291592557766,0.2009996069102157,0.19360987117818232,0.28036994276886057,1.2527200260433888,49.25
3 ay,2024+,APT,≥3,81,-0.04639604073562363,0.34671361037000314,0.8991179894508862,1.3900473250744618,2.0392387389453583,58.0246913580247
3 ay,22-06→23,ARB,−2…−1,344,0.026062729597912216,0.07768367236478523,0.011506116178600895,0.2805309998618618,0.4778654368031994,46.22093023255814
3 ay,22-06→23,ARB,−1…0,3240,-0.009570180230863366,-0.017300668616571084,0.030566754519224987,0.12245617318218244,0.23604113944674623,50.64814814814815
3 ay,22-06→23,ARB,0…1,2473,0.0005793621208002637,-0.004118913874164644,-0.07340203904998661,-0.21821873246610124,-0.3939156375175029,47.027901334411645
3 ay,22-06→23,ARB,1…2,162,0.17205434862306712,0.26356536358245564,0.5444275010386996,0.17659073922282956,0.4489075252060078,57.407407407407405
3 ay,2024+,ARB,≤−2,567,-0.07255299220471657,-0.06811669734470761,-0.04952472763210723,-0.19171529881034408,-0.14945420902568773,46.56084656084656
3 ay,2024+,ARB,−2…−1,2383,-0.011381136612100596,-0.09143721751993623,-0.19600331856963893,-0.35579416012632953,-0.7235687317066116,44.03862300587741
3 ay,2024+,ARB,−1…0,9716,0.004336782427454469,-0.02364357983062182,-0.04671089018709184,-0.1801864828596932,-0.6256493704688477,47.51210466673535
3 ay,2024+,ARB,0…1,8577,-0.012535987608711736,0.016724616256083055,0.02344703786421691,0.08622401988261812,0.4142728131421841,47.50175110903572
3 ay,2024+,ARB,1…2,2474,0.04550261631033603,0.08403821830900261,0.182306034987373,0.5870248789115764,1.2107411803946084,50.890688259109304
3 ay,2024+,ARB,2…3,432,0.04597189080452369,0.18421798834455505,0.4708059412764132,0.8417291483882374,2.084427098251127,51.620370370370374
3 ay,2024+,ARB,≥3,117,0.010275675187830256,0.47289020328297054,0.8018607480082898,1.3085560310735445,3.870449168161156,54.700854700854705
3 ay,2024+,BNB,≤−2,349,-0.03132442864607294,-0.11222745154434871,-0.3103891534424256,-0.8420497219604892,-0.5843060195644025,44.827586206896555
3 ay,2024+,BNB,−2…−1,1139,-0.025454734195618167,-0.0401611902543834,-0.11850108157698096,-0.33998754697001005,-1.1536221738388683,50.0
3 ay,2024+,BNB,−1…0,2416,0.0016003117705965285,-0.006544586168601658,0.010726497317002967,-0.00921690069518418,-0.14582565660076707,52.079866888519135
3 ay,2024+,BNB,0…1,2553,0.01086573440156252,0.031547025466449184,0.05946403852258341,0.19211401272352804,0.5271923503005463,51.98584349193865
3 ay,2024+,BNB,1…2,1209,0.009068839061058202,0.003149920409190687,0.03440809265413588,0.11242353877583657,0.4169819352995067,50.413907284768214
3 ay,2024+,BNB,2…3,179,0.005397346748158496,0.0953908201251413,0.12100554096995174,0.4334040486905072,0.2977419864710465,53.072625698324025
3 ay,2024+,BNB,≥3,22,-0.1651007048020923,-0.03790913225291421,0.0912361607494026,0.0074394114818696335,-0.39262373124278666,50.0
3 ay,22-06→23,DOGE,≤−2,416,-0.055493978445675,0.047674177965201965,-0.07770484874784643,-0.11611925626277307,-1.0968262364362351,48.79807692307692
3 ay,22-06→23,DOGE,−2…−1,861,-0.0202571946166106,-0.1971804669474604,-0.30893031441264046,-0.6859225755337982,-0.9246307257872625,45.64459930313589
3 ay,22-06→23,DOGE,−1…0,5212,-0.0007008324909636642,-0.0024817915832068957,0.01733443148163127,0.024044655214676025,0.20595577055059822,50.9976976208749
3 ay,22-06→23,DOGE,0…1,5800,-0.0032001016691730446,0.002238446826795441,-0.012565603789087889,-0.12267094435044594,-0.45555323642591466,48.56896551724138
3 ay,22-06→23,DOGE,1…2,1356,0.022535476229243415,0.09152732283685436,0.16874122709173234,0.662939348261493,1.176294918211436,54.056047197640126
3 ay,22-06→23,DOGE,2…3,134,0.03411022244128262,-0.06419313035598229,-0.2322525282696999,0.23431817237310465,3.8874447941336503,50.0
3 ay,22-06→23,DOGE,≥3,111,0.24875128512092662,0.3097554941029489,0.7491567363476218,2.655056676153412,6.352977954164666,75.67567567567568
3 ay,2024+,DOGE,≤−2,849,0.009677735902372853,-0.1184317891841951,-0.17212683602065038,-0.1419881522268117,0.7951249514071099,43.69846878680801
3 ay,2024+,DOGE,−2…−1,2640,-0.017370666061285716,0.03763546041219903,0.06123752484267174,0.013280777069642766,-0.242634044980025,48.29545454545455
3 ay,2024+,DOGE,−1…0,8531,-0.01815352891582195,-0.05368841125166503,-0.1078801734459388,-0.23889613393417952,-0.4111499032765875,48.046003990142
3 ay,2024+,DOGE,0…1,8535,0.006700738579856091,0.023214281010166656,0.020482593524479807,0.11107001814331177,0.03506775257472918,49.34272300469484
3 ay,2024+,DOGE,1…2,3203,0.025156992390347504,0.025110691609120394,0.12448868986828264,0.2567931363907339,0.7323495029170102,49.45363721511084
3 ay,2024+,DOGE,2…3,411,0.13491130956116074,0.38949682889895465,0.5178757511658754,0.6853559968037397,2.051683552257405,53.04136253041363
3 ay,2024+,DOGE,≥3,97,-0.007665875167698052,0.20919317049089628,1.2118420202208258,0.7279831124018178,0.0034812111344067597,54.63917525773196
3 ay,22-06→23,DOT,≤−2,331,-0.004155372214868618,-0.07901156954803973,-0.06668230378328872,-0.00532208981829586,0.17279011862020532,48.036253776435046
3 ay,22-06→23,DOT,−2…−1,1198,-0.006851008406526405,0.011311798535900182,-0.0018604932097449245,-0.03988795202377281,-0.0859551864765108,47.66277128547579
3 ay,22-06→23,DOT,−1…0,5219,-0.013370449084788252,-0.02446080576251358,-0.03580827715791507,-0.0699996593146036,-0.27100539122381606,49.53056141023184
3 ay,22-06→23,DOT,0…1,5231,0.009072561884463287,0.0252510862560725,0.02765805220893131,0.03170265232290039,0.2253926654645094,48.422863697189825
3 ay,22-06→23,DOT,1…2,1649,0.013066055050454668,-0.0018078503901794991,0.003757456434871212,-0.023218086921736523,-0.36259168721007023,47.72589448150394
3 ay,22-06→23,DOT,2…3,164,0.04412131873317712,0.08088278160622869,0.12418922875553726,0.4546371482930954,1.455169795303422,54.268292682926834
3 ay,22-06→23,DOT,≥3,98,0.03186650795491618,-0.02152880557734332,0.40756899615072867,2.1710730503064886,6.534640139463925,68.36734693877551
3 ay,2024+,DOT,≤−2,664,0.034316152373780065,-0.013094075463704866,-0.01881665866629056,-0.0169817704151284,0.376477430342888,43.373493975903614
3 ay,2024+,DOT,−2…−1,2645,-0.024698103659011983,-0.040422341973416986,-0.10683096724468609,-0.2543073638085859,-1.0151296556155247,44.763705103969755
3 ay,2024+,DOT,−1…0,9146,-0.009377022384954543,-0.058016838040326896,-0.09436045740473793,-0.20988189317792372,-0.4550960703235728,45.682390281273946
3 ay,2024+,DOT,0…1,8504,0.001248413431248202,0.010246416501560147,0.03380224362220235,0.08623081617030015,0.11227934786904738,48.38671691003297
3 ay,2024+,DOT,1…2,2660,0.01849072608538073,0.12285117238259183,0.19172710541247584,0.5475128628404105,1.5272731927750471,48.98343373493976
3 ay,2024+,DOT,2…3,518,0.10993164864579867,0.35546934669804175,0.5227343435689656,0.7199960070891356,2.3209818586811153,50.77220077220077
3 ay,2024+,DOT,≥3,129,0.08952127070361332,0.37230416749420564,0.692971992229957,0.3270197248182446,2.997800608475673,45.73643410852713
3 ay,2024+,FLOKI,≤−2,408,-0.0485741601399688,-0.10410398101761988,0.03094622626112075,0.3975208338491673,1.2605104297586278,50.122850122850124
3 ay,2024+,FLOKI,−2…−1,1561,-0.011925692575464303,-0.001063847891897055,-0.10554063071833036,-0.12997076781200798,0.2300314816064652,45.0288646568313
3 ay,2024+,FLOKI,−1…0,6187,0.012567308571570545,-0.0032956123286364517,0.004307590631359866,-0.11073381478006067,-0.3611912470000535,46.179993525412755
3 ay,2024+,FLOKI,0…1,5746,-0.01883220514766393,0.0016302177490493488,-0.007511872125881688,0.034732577810990754,-0.11953114140597093,46.54811715481171
3 ay,2024+,FLOKI,1…2,1395,0.035996619936147466,-0.010708308234520228,0.02747051325532608,0.20694377520022716,1.0234264474045611,48.13218390804598
3 ay,2024+,FLOKI,2…3,299,0.09104196890905786,0.21804504507951455,0.46082410767118875,0.5314197351854607,1.6315374765866433,51.17056856187291
3 ay,2024+,FLOKI,≥3,83,-0.1037006900466557,0.05762521785944105,-0.09043770797659945,0.9489235316929187,1.5465314381369137,50.602409638554214
3 ay,22-06→23,LINK,≤−2,199,0.07277939796923726,-0.04710830758120723,0.03437851207922965,-0.10740561037997685,-2.2572402154314233,45.22613065326633
3 ay,22-06→23,LINK,−2…−1,640,-0.02093460007978958,-0.1487774754168522,-0.09202738107086611,0.3905523448582335,0.7091732643581397,54.0625
3 ay,22-06→23,LINK,−1…0,5602,-0.015165987842091956,-0.04028375185637392,-0.09680035061228631,-0.24211108858419447,-0.7271892645442034,49.08961085326669
3 ay,22-06→23,LINK,0…1,6004,0.01254385645495298,0.03524945794823138,0.05492821855599236,0.08737516296178946,0.33494495046089734,51.19920053297802
3 ay,22-06→23,LINK,1…2,1217,0.0011982849875746692,0.09205346575405265,0.19704341280973992,0.3013905549723259,1.067618249867369,53.49219391947412
3 ay,22-06→23,LINK,2…3,137,-0.01740070609430797,-0.04207672551272301,-0.07417820683658403,0.4117197102051603,2.0249509629200113,64.23357664233576
3 ay,22-06→23,LINK,≥3,91,0.10425469775923488,0.1358177299585946,0.3835529763581962,1.9772324162966197,5.289175814092449,72.52747252747253
3 ay,2024+,LINK,≤−2,489,-0.07924096889611769,-0.05587371568058005,-0.29424048434151684,-0.5042605551516007,-0.5153636918845126,44.171779141104295
3 ay,2024+,LINK,−2…−1,2422,-0.012966389048121332,-0.029862379470073343,0.029137527161099956,-0.05113319427216105,-0.46718603871189374,47.9966955803387
3 ay,2024+,LINK,−1…0,9558,0.00597569817009783,-0.02329369933153886,-0.06745273520579244,-0.10394588583974886,-0.1890332574010646,49.31392060333089
3 ay,2024+,LINK,0…1,8117,-0.017099451967329548,-0.010555204985871364,0.0016780644615342318,0.002164758952952824,0.09139380398207392,48.79072063178677
3 ay,2024+,LINK,1…2,3078,0.03410067838557636,0.10524038870606472,0.17818447690717848,0.366731364886724,0.5996591896328904,50.812215724496426
3 ay,2024+,LINK,2…3,520,0.06268081856172007,0.10149365715590083,0.20021448342865347,0.14413602889734559,0.7277107239030837,46.73076923076923
3 ay,2024+,LINK,≥3,82,0.1739868182570074,0.3801109446242133,0.6281828926845187,1.7250629781881923,2.864497250201997,57.3170731707317
3 ay,22-06→23,NEAR,≤−2,262,-0.05544466132894182,-0.19508739911256104,-0.14325986900487203,-0.7629318907588715,-1.8323612498229613,47.32824427480916
3 ay,22-06→23,NEAR,−2…−1,1296,-0.04543110812551959,-0.12449544974371288,-0.2481958563947341,-0.5033809954597979,-0.4890241889412993,42.9783950617284
3 ay,22-06→23,NEAR,−1…0,4633,-0.004484654520237968,-0.034433286338639235,-0.060969942879469115,-0.13585096688591558,-0.4300732151671154,45.82344053529031
3 ay,22-06→23,NEAR,0…1,3376,0.009820912203697293,0.05990869064564115,0.12689623219296375,0.2706978734819769,0.48738179089175776,49.28909952606635
3 ay,22-06→23,NEAR,1…2,1181,0.03241447458541348,0.06614950782596622,0.059974529658067925,0.1529728053256904,0.5964453038436663,49.7883149872989
3 ay,22-06→23,NEAR,2…3,289,0.01710702172735654,0.19085430305842604,0.23010807674435332,0.2879741277425543,0.5704836782349416,54.67128027681662
3 ay,22-06→23,NEAR,≥3,89,0.20002020704333992,0.4096316302946371,0.8532227790864098,3.414674474098614,6.648433587538699,75.28089887640449
3 ay,2024+,NEAR,≤−2,439,-0.037893570396914024,-0.12485481829463793,0.004096477192824344,-0.1784668104599041,-0.17950982969184198,48.063781321184514
3 ay,2024+,NEAR,−2…−1,2228,-0.01222090282781828,-0.0074615757472712985,-0.10576149950515226,-0.4192824911123756,-0.6777333936883438,46.00538599640934
3 ay,2024+,NEAR,−1…0,9431,-0.013015869434677554,-0.07047920745552823,-0.14001781686075965,-0.2469196156683844,-0.6822560490931102,46.79902325087589
3 ay,2024+,NEAR,0…1,9095,0.0024449146323515408,0.01781525321418429,0.0679185650467086,0.1338081806726217,0.21816503529195064,49.966974900924704
3 ay,2024+,NEAR,1…2,2492,0.055391379203000156,0.15295696270783388,0.2581276491203643,0.6154727628601467,1.787275365713394,51.48594377510041
3 ay,2024+,NEAR,2…3,444,0.0015858565814399102,0.31810889837785383,0.3390767669143893,0.6625230897973408,2.27317852361912,51.80180180180181
3 ay,2024+,NEAR,≥3,136,0.041280484756809566,0.3787531210494104,1.0484158622489614,2.1767884952125174,4.4922603360718485,57.35294117647059
3 ay,22-06→23,OP,≤−2,189,-0.06918201409864264,0.20405216004967677,0.22741857686876835,0.1968595231480943,-1.8286723764360209,52.38095238095239
3 ay,22-06→23,OP,−2…−1,912,-0.05226286774091091,-0.13215288320027352,-0.21584163384030644,-0.24944031387424745,-0.45771403064961985,49.56140350877193
3 ay,22-06→23,OP,−1…0,5522,-0.01061390935716362,-0.00724963654784676,0.006501608004608715,-0.1511031601828994,-0.38696648287925867,47.48279608837378
3 ay,22-06→23,OP,0…1,5757,0.013735858152392734,0.027268383905571597,0.005615062405694331,0.01761887479693842,0.11454379671127328,48.70592322390134
3 ay,22-06→23,OP,1…2,771,0.0023052164370388527,-0.1109063287881728,-0.10251462663143653,0.16693523308614613,1.0345019932879562,48.249027237354085
3 ay,22-06→23,OP,2…3,116,0.24674490943499103,0.1610466938728632,0.4867837792693872,0.7832253292605025,-0.5857795978277704,60.3448275862069
3 ay,22-06→23,OP,≥3,74,0.13340644275501123,0.4301802852503249,1.4622908662259382,9.509212186468682,20.416269627220803,70.27027027027027
3 ay,2024+,OP,≤−2,549,-0.0020697110050458675,0.0008076393653317553,0.02327397363551341,0.0385582485655346,0.006089101154626089,48.451730418943534
3 ay,2024+,OP,−2…−1,2785,-0.021638030272071715,-0.04836518131514943,-0.08197098064569887,-0.20247755905513806,-0.3986717608552925,44.23698384201077
3 ay,2024+,OP,−1…0,8803,-0.011818736260883679,-0.05003171514703148,-0.08699485512314552,-0.18061006261538884,-0.1866543859682256,46.42003414911782
3 ay,2024+,OP,0…1,8490,0.007535700188900927,0.01215989865635169,0.029544378097701655,0.10709931485914909,0.048261488108593,48.36732288105623
3 ay,2024+,OP,1…2,2922,0.011290267605578804,0.10798852252487082,0.1729123014971054,0.34576114968572846,0.6831147077428656,48.63107460643395
3 ay,2024+,OP,2…3,504,0.06336711867383799,0.18951060044343987,0.2629402016475481,0.19788083032455067,0.32365169298953805,49.2063492063492
3 ay,2024+,OP,≥3,122,0.2994176521237087,0.49447455428299325,0.7564816932015183,0.9083722767773587,1.43288078453894,58.19672131147541
3 ay,2024+,PEPE,≤−2,280,-0.029702558425686254,0.07052143644655696,-0.011396316345094751,0.08116427888968072,0.907945912663485,44.642857142857146
3 ay,2024+,PEPE,−2…−1,2442,0.03388151508108237,-0.014452269947226346,0.056891304145173016,0.05017153634353502,0.6202706343783705,48.77149877149877
3 ay,2024+,PEPE,−1…0,4954,-0.02038793325214076,-0.05097171136069906,-0.15338110985866443,-0.32392734725618466,-0.7916804081394014,43.64886731391586
3 ay,2024+,PEPE,0…1,6698,-0.0016792797408454233,0.02631912017478739,0.04714041724837068,0.13368008639237894,0.1183494845302338,46.222887060583396
3 ay,2024+,PEPE,1…2,1468,0.017606700054807203,0.018878981784500256,0.1072796752983405,0.17579121052619345,0.4995693264381694,46.384720327421554
3 ay,2024+,PEPE,2…3,232,0.06945774996438175,0.21116116611373362,0.509668805481459,1.2995085681647784,2.679668926251249,55.172413793103445
3 ay,2024+,PEPE,≥3,27,-0.1538965673596117,0.5541992343004706,1.1895546863866255,0.1260975931804551,-0.19049774059255986,40.74074074074074
3 ay,22-06→23,SHIB,≤−2,221,0.026961716833060104,-0.053361165534878484,0.15453584659695715,0.6657381837664382,-0.6508988909068795,52.488687782805435
3 ay,22-06→23,SHIB,−2…−1,1567,0.01884292326036032,0.040263117756584144,0.04316762132794333,0.25949173902734396,0.49986353402273387,51.30823229100191
3 ay,22-06→23,SHIB,−1…0,4665,-0.022751486068972582,-0.038020222974767155,-0.05734370700541008,-0.10546217967992799,-0.04538735008687441,47.90996784565916
3 ay,22-06→23,SHIB,0…1,5194,0.006484852006892656,0.001736825549645475,-0.01877706219261637,-0.121577917108178,-0.29771383496585213,46.4381979206777
3 ay,22-06→23,SHIB,1…2,1966,0.0045834211408464064,0.03148431486928124,0.09056825633267158,0.1691091434738035,0.231330199508994,50.45778229908443
3 ay,22-06→23,SHIB,2…3,202,0.09775010894656265,0.18033573273266995,0.2503050103268627,0.3569746414878472,1.5452361551760534,54.45544554455446
3 ay,22-06→23,SHIB,≥3,75,0.10948577398341398,0.2495706571475297,0.4616208727175216,2.2017016313128956,4.689163579526071,77.33333333333333
3 ay,2024+,SHIB,≤−2,612,0.02963739066147611,0.026880215477862096,-0.06407474312442557,0.012227995861319271,-0.05422199427051266,48.8562091503268
3 ay,2024+,SHIB,−2…−1,2491,-0.022998444754357344,-0.08432709462465436,-0.1659891885075849,-0.3619085022737926,-0.7919822915857216,44.899598393574294
3 ay,2024+,SHIB,−1…0,9066,-0.008467477765214218,-0.03489271937982535,-0.05793990211381968,-0.1356284354412622,-0.125143133324384,46.37297118251077
3 ay,2024+,SHIB,0…1,8826,0.0010403380762025929,0.012263266415474096,0.06085567488932954,0.18127315743959,0.14439484689873955,47.351706929794716
3 ay,2024+,SHIB,1…2,2722,0.03037622560349137,0.10640012839684194,0.11664388974256727,0.17476244985148529,0.6119325286091157,48.39896945160103
3 ay,2024+,SHIB,2…3,489,0.048410185088258464,0.21504391564580405,0.19242944599909798,0.11660153145425017,0.23759770540977676,50.409836065573764
3 ay,2024+,SHIB,≥3,60,0.0061846436099641305,0.1175818354834067,0.49201651890560777,-0.13268626258162344,1.5394495090275546,43.333333333333336
3 ay,22-06→23,SUI,≤−2,138,0.06289006775985333,-0.06537114233304808,-0.04990456422606878,0.5118576078931699,1.7250768270943393,48.55072463768116
3 ay,22-06→23,SUI,−2…−1,526,0.025632415229762763,0.008157625865168501,0.021706722591462613,0.18145375458305832,0.5904991210657551,49.42965779467681
3 ay,22-06→23,SUI,−1…0,1774,-0.01733897515272843,0.020692726895279782,0.03974022819212591,-0.07460459166777503,-0.33013327129948267,47.463359639233374
3 ay,22-06→23,SUI,0…1,1868,-0.006880514045590407,-0.04589963853402176,-0.029553499432997954,-0.08246769303599276,-0.1813076930837456,47.53747323340471
3 ay,22-06→23,SUI,1…2,464,0.06522027667458469,0.14661271558683514,0.03491173583104278,0.216921128392368,0.4845614805116723,51.939655172413794
3 ay,22-06→23,SUI,2…3,102,-0.03460140828397782,-0.2047191204079959,-0.34973784541552205,0.08357011381094087,0.817562624649428,49.01960784313725
3 ay,22-06→23,SUI,≥3,33,-0.1600667374440429,0.20045405925855794,-0.01060361470071441,0.3376247341559577,2.0438830143774225,45.45454545454545
3 ay,2024+,SUI,≤−2,500,-0.10268885454022986,-0.3629794735092214,-0.6424373505284741,-1.349172201485497,-2.8399429020079228,36.199999999999996
3 ay,2024+,SUI,−2…−1,2490,-0.03117163544795811,-0.10392839391061898,-0.1937916356759578,-0.44116944974188943,-0.8589500243274696,44.01125401929261
3 ay,2024+,SUI,−1…0,9254,-0.0059119124138374635,-0.031184754641202437,-0.0554371112046133,-0.1594915970617053,-0.3817952492452036,46.90543172473491
3 ay,2024+,SUI,0…1,8777,0.010365448662234888,0.04107296405108005,0.07880367133149795,0.2394037670826534,0.48243746368461515,48.81943652332611
3 ay,2024+,SUI,1…2,2754,0.015405423402081649,0.06591465498706472,0.10660817741306836,0.2611527121213304,0.7591384903140995,46.56738103886669
3 ay,2024+,SUI,2…3,409,0.0651310327947035,0.30673411838037806,0.5920998433606793,0.7980845509906396,1.156169515062743,52.567237163814184
3 ay,2024+,SUI,≥3,82,0.2880017294823486,0.7456754143951972,1.0834162669937353,1.2440757061711358,3.863631782732125,58.536585365853654
3 ay,22-06→23,SOL,≤−2,272,-0.05024185025530106,-0.17437435495911693,-0.4251436267787683,-0.4643475771789201,-0.13857632019772526,50.0
3 ay,22-06→23,SOL,−2…−1,1020,-0.04498865505272554,-0.1596414757419266,-0.23508088613370207,-0.15564505317215885,-0.24986991855461582,46.666666666666664
3 ay,22-06→23,SOL,−1…0,4819,-0.0067874711969163485,-0.010846306744621944,-0.02977432235816063,-0.23926664175728743,-0.4566185300704127,47.76924673168707
3 ay,22-06→23,SOL,0…1,6144,0.010947770905733154,0.030872317061429375,0.06021155560896621,0.1648627025972386,0.349635649255786,48.60026041666667
3 ay,22-06→23,SOL,1…2,1417,0.020541014347011756,0.06807251950737436,0.10929482323147788,0.23137291404680235,-0.15662189544021712,48.69442484121384
3 ay,22-06→23,SOL,2…3,131,-0.09111347182301728,-0.17115817521351748,0.024662812969804628,-0.44548271963577535,1.0319217556009872,47.32824427480916
3 ay,22-06→23,SOL,≥3,87,0.0899905535107694,-0.013610036855432963,-0.3349121941995404,1.78934269157667,4.960859991451952,68.96551724137932
3 ay,2024+,SOL,≤−2,1205,-0.010888947459093867,-0.023016856810952117,-0.04316396778834953,0.03834516846514267,-0.3254644052071042,50.788381742738586
3 ay,2024+,SOL,−2…−1,2962,-0.012283939586513259,-0.024745216710436127,-0.07388470029174449,-0.0997103309382732,0.26027463379753396,48.85212694125591
3 ay,2024+,SOL,−1…0,7480,-0.0013251153877914012,0.005374243493676658,0.008878257882368021,-0.0308440123551377,-0.14295295104085648,50.44852055161334
3 ay,2024+,SOL,0…1,8342,-0.005883199016551105,-0.019564008617554713,-0.03012789285383577,-0.07427398985483899,-0.2256420680465678,49.69980787704131
3 ay,2024+,SOL,1…2,3611,0.012040740023205427,0.03125151792138101,0.07235299732413683,0.20932213436318567,0.45600676988144345,50.23539185821102
3 ay,2024+,SOL,2…3,565,0.06484069455560451,0.13548231411761488,0.2641416823743197,0.6550439473065925,1.2948614844766515,56.99115044247788
3 ay,2024+,SOL,≥3,101,0.28097985308636086,0.3432118359936466,0.44862129670247564,-0.27622048894453377,1.9212093799923033,41.584158415841586
3 ay,22-06→23,ZEC,≤−2,259,-0.005745791583796396,-0.061424088869340324,-0.14495904314739794,0.30119125821124,1.1834209709820158,49.034749034749034
3 ay,22-06→23,ZEC,−2…−1,1396,-0.02298526066367373,-0.08637535233004516,-0.10471009803235912,-0.23388978227551507,-0.11246900559034011,48.13753581661891
3 ay,22-06→23,ZEC,−1…0,5930,-0.0122865340449636,-0.017728423481550543,-0.03856231872237702,-0.05816607067203408,-0.09406996616080718,48.93760539629005
3 ay,22-06→23,ZEC,0…1,4686,0.020030612970298955,0.03941158142022923,0.069308879565964,0.0868097279567461,0.099313829993234,50.53350405463082
3 ay,22-06→23,ZEC,1…2,1240,-0.014416265251475418,-0.015543946189239127,-0.026213581106090234,-0.05326972900785692,-0.3483010501120623,50.08064516129033
3 ay,22-06→23,ZEC,2…3,219,0.03229181951793916,0.157549183937855,0.3204459607951596,0.39666114708448164,0.7217968271030593,57.99086757990868
3 ay,22-06→23,ZEC,≥3,161,0.14518968230997456,0.25904927684825496,0.31018636374751374,1.0299483653291859,1.3464024180649217,60.24844720496895
3 ay,2024+,ZEC,≤−2,231,-0.0499926513544049,-0.35434366845524934,-0.4373220287419306,-0.49738568082248225,-1.1890151935844915,45.02164502164502
3 ay,2024+,ZEC,−2…−1,1188,0.007810451055983102,-0.12524428189060724,-0.23143208455700162,-0.4579754588461035,-2.0656015124007956,46.88552188552188
3 ay,2024+,ZEC,−1…0,12792,-0.008722854997114103,-0.019467352261306678,-0.049026101640930735,-0.06860932036861031,-0.3178380123844502,49.6124031007752
3 ay,2024+,ZEC,0…1,7829,0.016697851954166107,0.05792130458222995,0.11230491683781946,0.1934073745020747,0.6358733901157966,51.367237413749045
3 ay,2024+,ZEC,1…2,1427,0.008284893165181863,0.05416847675809396,0.0932084259833759,0.34017921178287985,1.5252386047107584,51.542776998597475
3 ay,2024+,ZEC,2…3,314,0.06532403580093103,0.21556949554087465,0.30220760291476345,0.34722195318845256,1.2664224435422107,47.13375796178344
3 ay,2024+,ZEC,≥3,484,-0.1017086171816616,-0.2456208757094641,-0.21585422055305548,-1.1829520544423828,-1.536271541391132,45.867768595041326
3 ay,22-06→23,XRP,≤−2,83,0.040134564779992936,-0.17818773380803693,-0.3689345523070049,-0.3084382046779812,0.17758416057406037,42.168674698795186
3 ay,22-06→23,XRP,−2…−1,111,-0.06280736439722574,0.1609257368532359,0.09780586185514231,0.46926834634396636,0.5630347016944668,54.054054054054056
3 ay,22-06→23,XRP,−1…0,1179,-0.03829828240596019,-0.09924091013656737,-0.15137456286946285,-0.3422803638977175,-0.9954651016625895,47.66751484308736
3 ay,22-06→23,XRP,0…1,1682,0.01871142727911137,0.026115142073816003,-0.0006319493825992473,-0.04936862715535341,0.023312021619270477,48.454221165279435
3 ay,22-06→23,XRP,1…2,484,0.019913185627183756,0.1136770167923299,0.3604092269726304,0.8280718641043306,2.050473123016393,56.40495867768595
3 ay,22-06→23,XRP,2…3,27,0.263609416768411,0.6825312759595236,0.9295833777174065,2.2224823416623867,2.196781560347303,66.66666666666666
3 ay,2024+,XRP,≤−2,1125,-0.05052341639782683,-0.1867204304468244,-0.35384444334336507,-0.6667631369665412,-1.509340982796589,39.91111111111111
3 ay,2024+,XRP,−2…−1,2576,-0.007053459182446896,-0.013656196822321089,-0.05889094083053846,-0.280868113158657,-0.9063449073266018,47.36024844720497
3 ay,2024+,XRP,−1…0,7998,-0.008111294600930704,-0.030141011127257894,-0.06338340314125805,-0.16467055536087608,-0.4470347580624735,47.93937116372291
3 ay,2024+,XRP,0…1,8312,0.0008922443890597314,-0.0029942860971672626,0.02286782739102896,0.041177070358372134,0.07589314528550174,48.41002168152252
3 ay,2024+,XRP,1…2,3585,0.025839523695353132,0.10349539020106804,0.18855036685224202,0.523887334689461,0.9776343842936013,51.827057182705715
3 ay,2024+,XRP,2…3,563,0.09703880819943327,0.21442366156338494,0.3564702445554286,0.8755297496430593,4.209375471967661,52.04262877442274
3 ay,2024+,XRP,≥3,107,-0.13848047565800098,0.18030803659615602,-0.09802684913486598,0.7035369159249231,10.46869334760283,44.85981308411215
3 ay,22-06→23,UNI,≤−2,338,-0.04300776988310746,0.04381934062730386,0.013800385900142336,0.3595627618533452,-0.017222186248056805,55.325443786982255
3 ay,22-06→23,UNI,−2…−1,1215,-0.027718742652571998,-0.008677898777988713,-0.027810900087278368,0.014429481641602864,-0.16283188977520355,51.52263374485597
3 ay,22-06→23,UNI,−1…0,5161,-0.011446991371796,-0.042152823962710674,-0.052114718984212695,-0.13291837090025949,-0.08458758712069311,48.944003100174385
3 ay,22-06→23,UNI,0…1,5152,0.019255251728932807,0.02037022296590524,0.019119736290601166,0.03712871821455147,0.11678168137061332,50.17468944099379
3 ay,22-06→23,UNI,1…2,1715,-0.001814677746143189,0.0494829991560521,0.09685501479947164,0.03814612836646099,-0.3825501382543897,50.67055393586006
3 ay,22-06→23,UNI,2…3,215,0.00020852329181513302,-0.03842779724161084,-0.13254507630203022,-0.009581350249470051,0.41082292530113773,53.02325581395348
3 ay,22-06→23,UNI,≥3,94,0.11869259502806327,0.3376029626462823,0.6593163564253457,3.109360664138809,6.450060828763253,74.46808510638297
3 ay,2024+,UNI,≤−2,676,0.020912440980978973,-0.008983636607538063,-0.11997536652858073,-0.3312850246525999,-0.7635763817404058,45.710059171597635
3 ay,2024+,UNI,−2…−1,2747,-0.0266799404754567,-0.10823327312902963,-0.16092633685410968,-0.503099841024146,-1.488768850206295,45.17655624317437
3 ay,2024+,UNI,−1…0,8711,-0.022471086499849774,-0.037039112827091325,-0.028763142805575723,-0.007052696744801103,-0.023363363712537808,47.77611768762211
3 ay,2024+,UNI,0…1,8636,0.012467384399702144,0.004005023267316033,-0.004904764079766426,-0.015321190483093945,-0.0709644617526998,48.643320964749535
3 ay,2024+,UNI,1…2,2854,0.02896975468053936,0.13678200282238326,0.2207388875397725,0.49659061832613893,1.4977017805418973,52.40266573132234
3 ay,2024+,UNI,2…3,503,0.10493843128213819,0.3745717722281933,0.37313985120043186,0.8237152495637494,1.860793475388055,53.08151093439364
3 ay,2024+,UNI,≥3,139,0.08457967418724054,0.09066597043651868,-0.012835601853290383,-0.22049800228190813,1.6968789285119155,41.726618705035975
3 ay,2024+,PUMP,≤−2,158,-0.004687367815451938,-0.3677261978655012,-0.28665569329956025,-0.5926094132745825,1.5349775990066614,49.36708860759494
3 ay,2024+,PUMP,−2…−1,768,0.04108788338906481,-0.08369259455227034,0.06534775848943523,0.3068292283065062,1.0649334723128412,52.74151436031331
3 ay,2024+,PUMP,−1…0,4024,0.002350020721779062,0.04112441039298424,-0.0510648553812995,-0.18841869600984776,-0.37613204071878265,49.20318725099602
3 ay,2024+,PUMP,0…1,2960,-0.020200728019223242,-0.07035123866662016,0.0030629182280523582,0.10366362104690652,-0.06414869211191992,48.032564450474894
3 ay,2024+,PUMP,1…2,785,0.06373248524292129,0.1988180640001006,0.21797931231402498,0.3565572772914984,0.6397136318217322,48.9769820971867
3 ay,2024+,PUMP,2…3,130,-0.22430595249349244,0.17534099651856663,0.31684670010425137,0.37912172879493694,1.1815768839408687,52.307692307692314
3 ay,2024+,PUMP,≥3,33,-0.040689267442246636,-0.41673176130082246,-0.6351926613041463,-0.5582845103462459,-0.41789795693514575,45.45454545454545
3 ay,22-06→23,AVAX,≤−2,309,0.05600816510699816,-0.1315788077594643,-0.19858562185525808,-0.7385261244591012,-1.960974717002086,45.9546925566343
3 ay,22-06→23,AVAX,−2…−1,1160,-0.018472691450336448,-0.03494362173677557,-0.10813407482431021,-0.07512060463510878,-0.7431877488577895,46.46551724137931
3 ay,22-06→23,AVAX,−1…0,4860,-0.0036198435288659386,-0.011524675085133534,0.0042785865366111175,-0.02651232696646202,-0.0009955672901861695,47.654320987654316
3 ay,22-06→23,AVAX,0…1,5707,-0.002316709290003369,0.008662109399952652,0.015578384906526466,0.07931879131483748,0.2507260481752381,49.95619414753811
3 ay,22-06→23,AVAX,1…2,1563,0.023314471608080003,0.05098170478475799,0.031004782159070196,-0.12768044321441147,-0.3711206318243574,48.30454254638516
3 ay,22-06→23,AVAX,2…3,202,-0.08760550939563251,-0.2380236118335851,-0.3335663381538021,-0.5091227552311919,-0.18459835970102076,47.524752475247524
3 ay,22-06→23,AVAX,≥3,90,0.1799054700794917,0.6240453376928969,1.0668737390271057,3.26588189065158,7.325936583599757,73.33333333333333
3 ay,2024+,AVAX,≤−2,555,0.02883131216682596,0.026059923641577897,0.1414976091087282,0.6045808864527967,1.3814607445996105,52.792792792792795
3 ay,2024+,AVAX,−2…−1,2712,-0.0028255957755897736,-0.045094162550192954,-0.11141666147276579,-0.23707927551897645,-0.31927846618905287,45.37071191442272
3 ay,2024+,AVAX,−1…0,8389,-0.01981421640876489,-0.055617248253202425,-0.11109480766648373,-0.238288047708225,-0.4729622570938897,47.02863961813842
3 ay,2024+,AVAX,0…1,9467,0.006297541473074242,0.0035231553089899235,0.006248172871481938,0.017644049166809724,-0.17655800776018274,47.47143461701227
3 ay,2024+,AVAX,1…2,2685,0.021957532520235235,0.14090237634139896,0.3160449980045369,0.621734434913664,1.343715483152473,52.21601489757914
3 ay,2024+,AVAX,2…3,368,0.0461925403481231,0.30005135560930196,0.5476070997409401,1.284959194806945,4.717545400429639,54.891304347826086
3 ay,2024+,AVAX,≥3,90,0.24773252753854713,0.580217491279993,0.507836925228564,-0.05511256012511921,4.330101088920865,45.55555555555556
3 ay,2024+,MET,≤−2,235,-0.030931253790344365,-0.27361078573538494,-0.5445465509635298,-0.6862402717175593,-1.004901930395582,48.93617021276596
3 ay,2024+,MET,−2…−1,643,-0.02655348740878264,-0.11778671685646666,-0.15248726313539762,-0.1888045669163603,-0.19663445359341838,47.43390357698289
3 ay,2024+,MET,−1…0,2788,-0.024218535197416357,0.029379867253072952,0.0524348526211845,0.26734407433127927,0.21452854178732797,47.607052896725435
3 ay,2024+,MET,0…1,2611,0.01941415534533842,-0.030010981172010565,-0.012764583496505132,-0.1758355407103991,-0.26633314056673546,46.3020030816641
3 ay,2024+,MET,1…2,650,0.039245671850041096,0.10613698508872794,0.1519553041028083,-0.127837751640394,0.4162650722209311,44.684129429892145
3 ay,2024+,MET,2…3,193,0.05689738019160611,0.329935752419209,0.14138882191449278,0.6333959087657907,1.6154950499084018,47.66839378238342
3 ay,2024+,MET,≥3,49,0.0945782738447925,0.0784586253042936,-0.25898298557551,-0.8794087363013245,-2.4473746417294424,32.6530612244898
3 ay,22-06→23,SAND,≤−2,333,0.0060550202027661254,0.024714618259638745,0.0689504297215108,-0.10508890159608393,-0.33922275357947257,48.348348348348345
3 ay,22-06→23,SAND,−2…−1,1148,0.0020147559199188854,-0.061475436430482776,-0.09302267066695803,0.002588144453043048,0.4344020845623248,47.90940766550523
3 ay,22-06→23,SAND,−1…0,5597,-0.017675849556185664,-0.05098485170591217,-0.10223496328753046,-0.16110188145114468,-0.36325973899129554,48.15079506878685
3 ay,22-06→23,SAND,0…1,4958,0.0026960092729335886,0.040977732246661215,0.08994631565615849,0.07860662050020309,0.01709305466498605,48.89068172650262
3 ay,22-06→23,SAND,1…2,1167,0.06691253796695382,0.07097545253892125,0.09028917800373885,0.20951085130671288,0.3699566108605271,50.8140531276778
3 ay,22-06→23,SAND,2…3,187,-0.05607535380436786,0.020238538171694097,-0.010745620572925378,-0.05435803777494037,1.4463336567564025,54.01069518716578
3 ay,22-06→23,SAND,≥3,88,0.1549410661495468,0.6582442262471668,1.2128039732074165,3.5186910230730937,9.778195673659255,71.5909090909091
3 ay,2024+,SAND,≤−2,759,0.004327044170164836,-0.07162985605711926,-0.21359106272782366,0.12534145361337373,0.5143377153363552,46.772068511198945
3 ay,2024+,SAND,−2…−1,2554,-0.025657430035329522,-0.0689276210258212,-0.143222445824509,-0.33142793581117846,-0.714400682798654,46.3768115942029
3 ay,2024+,SAND,−1…0,8593,-0.003620110555741856,-0.04299419646441932,-0.07914390649398174,-0.25942953196753843,-0.7261844898192843,45.665346073176416
3 ay,2024+,SAND,0…1,8816,-4.512245442192165e-05,0.004089251601552927,0.029597528714174856,0.04484856780502356,0.11771366894649522,48.87021687294198
3 ay,2024+,SAND,1…2,2761,0.027629969868783445,0.12375351111274216,0.16469081875070365,0.49277518576260093,1.5639864736732776,49.78245105148659
3 ay,2024+,SAND,2…3,558,0.03485604977923676,0.3076616387203367,0.6716010646658875,1.6154253816596045,3.57285307608623,55.11669658886894
3 ay,2024+,SAND,≥3,189,-0.010526076554420463,0.2662806892716737,0.6198022463408644,1.712054833874637,1.6907306112060472,50.79365079365079
3 ay,2024+,ENA,≤−2,215,-0.02612207549864924,0.0186209409975611,-0.19644642279445182,-0.5351297009293117,0.08012321581944114,45.11627906976744
3 ay,2024+,ENA,−2…−1,998,-0.04419965733863692,-0.26995396306510294,-0.43693764596428136,-0.7191488518715998,-0.5226951066230162,39.81945837512538
3 ay,2024+,ENA,−1…0,4886,-0.008813017770667396,-0.07038810515017836,-0.07043168987201318,-0.16198363171535912,-0.6144204693836576,45.139458572600496
3 ay,2024+,ENA,0…1,3922,0.0043529027085374965,0.09469800749213227,0.1322135848062226,0.22675967131445415,0.4664866457556997,45.191815856777495
3 ay,2024+,ENA,1…2,964,0.05879006615011138,0.15823706939890914,0.19377781135458394,0.5519640428683094,1.1407478077872832,46.56964656964657
3 ay,2024+,ENA,2…3,160,0.06230698607938433,0.14886728500540275,0.2685932789174384,0.7711162396122104,2.0575792481677757,51.24999999999999
3 ay,2024+,ENA,≥3,61,0.14845011612812894,1.008855416430277,1.2145020413178478,1.3258714236572842,4.461163624881783,54.09836065573771
3 ay,2024+,WLD,≤−2,231,-0.09025948285601262,-0.13086867636041263,-0.21918120256490203,-0.02990845745781528,2.4717498411774015,41.99134199134199
3 ay,2024+,WLD,−2…−1,959,0.026096743479660414,-0.08393242977414775,-0.01275823926196707,0.5460482476523536,2.1965203846209214,45.25547445255474
3 ay,2024+,WLD,−1…0,5576,-0.007709337591860381,-0.021369635167271236,-0.04435926128576349,-0.21042161717997526,-0.8708562500911544,43.56898722791869
3 ay,2024+,WLD,0…1,4199,0.010908549995772216,0.038386554675353256,0.029464797390221863,0.08247954749951351,0.21469224545943238,45.75584167858846
3 ay,2024+,WLD,1…2,886,-6.25338373364225e-05,0.04321472867938096,0.07664839952527863,0.06961131593605065,1.1148921032088892,48.69762174405436
3 ay,2024+,WLD,2…3,157,-0.0649429505247536,0.10683610367489026,0.48358889030998925,1.1794211229334235,1.8066694266702148,57.324840764331206
3 ay,2024+,WLD,≥3,57,0.056867685259529545,0.23728843755848036,0.7439481217598168,1.0601267296945756,0.2631887615095634,50.877192982456144
3 ay,22-06→23,QNT,≤−2,287,0.01337713007637333,0.1825020415700945,0.003324019885589391,-0.09025245305458666,-1.106238648611886,40.76655052264808
3 ay,22-06→23,QNT,−2…−1,1331,0.0021509963195262467,-0.06575938890888916,-0.008670009943724077,-0.054068666056487066,-0.17275160898418668,43.501126972201355
3 ay,22-06→23,QNT,−1…0,5331,-0.015755039383788395,-0.014594610013716005,-0.03380990094846288,-0.1238213705998367,-0.10734652968947934,45.132245357343834
3 ay,22-06→23,QNT,0…1,5321,0.007875942547075292,-0.004259857695529927,0.005828929978809919,0.06292471159848809,0.03074213350777455,48.3179853411013
3 ay,22-06→23,QNT,1…2,1362,0.0159864469408101,0.07784025277673211,0.09360242370752056,0.16723810064306954,0.4210782828192136,52.05580029368576
3 ay,22-06→23,QNT,2…3,179,0.0061363152581241625,0.031226432523264083,0.06004197245015371,0.21320337431238465,0.39973490169006204,48.04469273743017
3 ay,22-06→23,QNT,≥3,80,0.15635088830240151,0.3001284223071963,0.26970776135900193,1.9649435965280941,3.8880896560877303,68.75
3 ay,2024+,QNT,≤−2,535,-0.07866236976198789,-0.10387736238708617,-0.2662695173711828,-0.4027044452668072,-1.0247283995053902,46.35514018691589
3 ay,2024+,QNT,−2…−1,2555,0.015464849433962364,-0.04204341719937971,-0.06714845119962896,-0.14646997956009822,-0.22637213745594562,43.522504892367905
3 ay,2024+,QNT,−1…0,9214,-0.022622736836307757,-0.03395215547247713,-0.07039249407672699,-0.14069730924772603,-0.429801103571814,44.369565217391305
3 ay,2024+,QNT,0…1,8979,0.016124267947960475,0.023290066892934346,0.04082480527440336,0.09525324118673247,0.2031574149113954,46.68822479928635
3 ay,2024+,QNT,1…2,2434,0.033938055872067746,0.09224372306697397,0.19332764284756687,0.30982520194206076,0.9368845114116606,48.64420706655711
3 ay,2024+,QNT,2…3,425,-0.044858284741629055,0.02641698825853989,0.08014012411192717,0.5360187684701244,1.9575129255749149,50.117647058823536
3 ay,2024+,QNT,≥3,123,0.02156154774633385,0.25126220671323257,0.7408949795572817,0.3897506990526582,1.2311747288554165,52.03252032520326
3 ay,2024+,TAO,≤−2,81,-0.0843120261678505,-0.1436632435846315,-0.4350144557229248,-0.602387513148027,-0.8394795309254265,41.9753086419753
3 ay,2024+,TAO,−2…−1,704,0.0022430345927009015,-0.19711283674955865,-0.25535776352045103,-0.5240373902417498,-1.1316561246966732,42.02279202279202
3 ay,2024+,TAO,−1…0,7664,-0.008664114591220346,-0.02978159843670539,-0.08128789395615528,-0.21998888262978605,-0.7460911323643687,45.382103200522536
3 ay,2024+,TAO,0…1,3961,-0.004144130676137501,0.02540218887513058,0.11352252830948105,0.32462381708862853,0.8904376622428912,48.55696202531646
3 ay,2024+,TAO,1…2,1030,0.05652369671855577,0.13997805009120473,0.18215120712614552,0.5873024373690965,2.36601393208117,51.703992210321324
3 ay,2024+,TAO,2…3,190,0.07002263173845064,0.2531730980965736,0.35510339410484043,0.8510717673007179,2.1317362626689533,54.736842105263165
3 ay,2024+,TAO,≥3,95,0.17407078811801313,0.9004853494568406,1.4013043540222887,0.5637391218992633,2.940790683337736,49.473684210526315
3 ay,22-06→23,LTC,≤−2,443,-0.006445400662116184,-0.003538534975643016,0.06901789492766244,0.6039462184353331,-0.005704797816049288,49.66139954853273
3 ay,22-06→23,LTC,−2…−1,895,-0.04180828905985238,0.03759442021187824,-0.028133710839782028,0.19137555131688394,0.9791614512871141,46.36871508379888
3 ay,22-06→23,LTC,−1…0,4866,0.0009627519775424722,-0.022489378390737155,-0.003752197350629784,-0.033707873101189445,-0.16735088350533223,52.63049732840115
3 ay,22-06→23,LTC,0…1,6084,0.0035518592751686683,-0.004557592253938247,-0.02916721205373583,-0.13774058431681646,-0.2988399552496768,49.90138067061144
3 ay,22-06→23,LTC,1…2,1402,-0.001134818862293857,0.054561563402473263,0.09442845554340797,0.20718766999900845,0.4650700218910382,49.14407988587732
3 ay,22-06→23,LTC,2…3,104,0.006776984893001623,-0.09232446778997287,-0.11359276702832385,-0.5406235466794359,2.0144866628686,50.0
3 ay,22-06→23,LTC,≥3,96,0.15485081109480547,0.3977990019453732,0.7264709092794956,3.4266111230675764,9.344944060176587,70.83333333333334
3 ay,2024+,LTC,≤−2,970,0.00910405850048091,-0.08501139355953133,-0.11443133927402421,-0.3541255551815857,-0.7103879389885001,47.52577319587628
3 ay,2024+,LTC,−2…−1,2603,-0.008551000487919659,-0.014187082718496526,-0.06906172575181706,-0.25170526820167527,-1.0244938692157628,50.24971187091817
3 ay,2024+,LTC,−1…0,8454,-0.012842973034745532,-0.03946694962086814,-0.07922598724411882,-0.1723056813431117,-0.3971679314216151,49.50225171841669
3 ay,2024+,LTC,0…1,8307,0.008091109104419826,0.011801256238109816,0.044575958929970017,0.10221471311444301,0.35343596701930113,52.337912750060255
3 ay,2024+,LTC,1…2,3305,0.007003909537815668,0.07197659763748065,0.10488482107152823,0.33968334528503874,0.65999891721017,53.615733736762486
3 ay,2024+,LTC,2…3,513,0.02648003252876135,0.15703125328125728,0.412863331174253,0.9771749305068245,2.0744249790535023,53.606237816764136
3 ay,2024+,LTC,≥3,114,0.1581675839833927,0.3199657730902449,0.27492477220755607,-0.17119249221426602,4.8369967165445065,57.01754385964912
3 ay,2024+,RAY,≤−2,77,-0.315489955423909,-0.19327170179728922,-0.401648843236358,-0.5943236679317891,-0.7961578090361718,48.05194805194805
3 ay,2024+,RAY,−2…−1,351,-0.048430452141572336,-0.1821751366213255,-0.1677080139109306,-0.14164859377760056,-0.3606655253376334,52.13675213675214
3 ay,2024+,RAY,−1…0,1826,-0.026078556912808422,-0.0656998921574705,-0.1069921058298942,-0.22644524091964677,0.012528128704431332,48.924434638720356
3 ay,2024+,RAY,0…1,1874,0.04026950938879598,0.037259725526830836,-0.03612832476732413,0.0905440141710824,-0.055797366168867935,50.429645542427494
3 ay,2024+,RAY,1…2,323,0.01984852024384,0.281871751753794,0.8623920745650993,0.8759528838787176,0.9241154956083103,56.03715170278638
3 ay,2024+,RAY,2…3,65,0.040846268103402826,0.6099610372046964,1.023605981768985,0.560209367023725,0.09342865384268824,55.38461538461539
3 ay,2024+,RAY,≥3,29,0.15152796843144434,-0.06365351811940603,0.24475989460546696,0.6237053757959397,-1.14414478680574,62.06896551724138
3 ay,22-06→23,AAVE,≤−2,235,0.07280339417249859,-0.019865519674848856,-0.06355529887041893,-0.6656229649897859,-1.6181688951289859,47.65957446808511
3 ay,22-06→23,AAVE,−2…−1,1249,-0.06755407115583582,-0.15580859161907146,-0.19073992939514714,-0.20547196705364237,-0.2832232718922025,50.44035228182546
3 ay,22-06→23,AAVE,−1…0,5157,-0.0091102019199719,-0.035856891873469875,-0.06874860101170845,-0.1618749380240383,-0.32660346031185833,49.718828776420395
3 ay,22-06→23,AAVE,0…1,5438,0.010923987561312357,0.04574150900159467,0.04021423816848875,0.0823396598341537,0.10769734411230072,49.062155204119165
3 ay,22-06→23,AAVE,1…2,1535,0.03828790034341222,0.09355991791118548,0.218749849767096,0.3588336372569516,0.6425678476404626,50.097719869706836
3 ay,22-06→23,AAVE,2…3,181,-0.05447302928801944,-0.11709707045736382,-0.05560308455796104,-0.48410943394918227,0.547104119477723,46.96132596685083
3 ay,22-06→23,AAVE,≥3,95,0.06242732063130554,0.1371062026919487,0.6663612023023632,3.5462741388401864,7.866146870954305,77.89473684210526
3 ay,2024+,AAVE,≤−2,823,-0.011669753714395277,-0.009149328968623114,-0.059613809445176524,-0.5459843145181955,-1.0268894579395373,46.172539489671934
3 ay,2024+,AAVE,−2…−1,3195,0.025505744557196182,0.0267969984854696,-0.02313152277021375,-0.08080056578997112,-0.5426325031929484,48.99812147777082
3 ay,2024+,AAVE,−1…0,7983,-0.0042855337417024705,-0.023212691189913245,-0.021513664340969206,0.03261718399999189,-0.004808706416758665,49.88710486703462
3 ay,2024+,AAVE,0…1,8603,-0.010096433568264082,-0.022140341495868403,-0.026722106289527453,-0.0814452414789268,-0.11892317065048162,48.16668606681411
3 ay,2024+,AAVE,1…2,2985,0.0019292838295801363,0.03990952310045326,0.1056670558278726,0.39619614617201415,1.156729668544106,51.474530831099194
3 ay,2024+,AAVE,2…3,543,0.04938207337551522,0.23222875622999256,0.2184571598134717,-0.060524560267618925,-0.07131966814250901,49.355432780847146
3 ay,2024+,AAVE,≥3,134,0.12412111515750968,0.3910265998815048,0.6743462280792087,-0.0170931886030324,1.716707698316729,47.76119402985074
3 ay,2024+,ONDO,≤−2,160,-0.10198079168581502,-0.22574314064171924,-0.457830729511901,-0.8936714770392654,-0.7934279677492436,37.5
3 ay,2024+,ONDO,−2…−1,1074,0.021054622221164183,-0.034512315828177834,-0.08644603718346561,-0.11317925161010291,-0.33710169797733824,47.90307548928239
3 ay,2024+,ONDO,−1…0,5547,-0.011759517531916761,-0.016407887230194127,0.009492468806677147,-0.06304688817068399,-0.20018312236198682,46.498194945848375
3 ay,2024+,ONDO,0…1,4025,0.011168557078022648,0.010985203781703704,-0.00875367591741168,0.047926147749563,0.13796888505553256,47.85536159600998
3 ay,2024+,ONDO,1…2,1453,-0.00535155786971369,0.04920975133660614,0.04661313227927101,0.16787771078560845,0.5791710145743754,50.723638869745
3 ay,2024+,ONDO,2…3,214,0.07415294376370123,0.1189874932594575,0.15590525715465361,0.4277925035707183,0.7787069403944383,56.074766355140184
3 ay,2024+,ONDO,≥3,55,0.10704284679107655,0.41853240970799366,0.8642873694338108,1.5706641305402471,0.9299393256005043,56.36363636363636
3 ay,2024+,ORCA,≤−2,315,-0.17242357676901585,-0.04104473966718946,-0.09824117020506466,-0.2643790655709885,-0.8291108701627253,50.476190476190474
3 ay,2024+,ORCA,−2…−1,1047,-0.057903816547158926,-0.0923105585781265,-0.1659880641551459,-0.34647039703678384,-0.179250085004573,44.6360153256705
3 ay,2024+,ORCA,−1…0,6101,0.005321341065266561,0.038450457735681454,0.0853732172652615,0.012432515007833756,0.2617440924280039,45.28147053996389
3 ay,2024+,ORCA,0…1,6805,0.013258968685421335,-0.01551950921300329,-0.04694466920716983,0.025991338631619523,-0.3140082885290611,46.754011482408366
3 ay,2024+,ORCA,1…2,981,-0.02639444436810992,-0.03563794898047243,0.022448555930150372,0.1610726448489799,1.0383829711553612,48.518896833503575
3 ay,2024+,ORCA,2…3,180,-0.00651526264973154,0.05753111062572411,0.08901278544526478,0.3334001736640012,-0.13790697609478922,53.333333333333336
3 ay,2024+,ORCA,≥3,83,0.23213242431129763,0.06125606869726331,-0.42139786381331,-0.30142322497265933,-0.08833060801457827,50.602409638554214
3 ay,2024+,PAXG,≤−2,415,0.013963927782146413,-0.03245560943918587,-0.07308476797408844,-0.1591887151145795,-0.10603748579985804,54.69879518072289
3 ay,2024+,PAXG,−2…−1,1914,-0.008352599031019085,-0.0006175536718894942,-0.01259152125524943,-0.04924223394063941,-0.08290299080962969,52.87656903765691
3 ay,2024+,PAXG,−1…0,4538,0.0041838964675208305,0.017372853382176895,0.03229648257936769,0.10704917577788031,0.24593533933657724,58.149293286219084
3 ay,2024+,PAXG,0…1,3650,0.001943229170584258,-0.0041198164170636225,0.007740175871062701,0.008728900762319228,0.04226911127446181,52.032967032967036
3 ay,2024+,PAXG,1…2,1195,-0.0121673329168722,-0.04549804335114698,-0.09235670386131571,-0.25495745169705114,-0.7920806103308933,42.078792958927075
3 ay,2024+,PAXG,2…3,111,-0.0002573355035622057,0.04145300611599008,-0.10009775104835511,-0.4105234348494049,-0.8235117294723263,44.54545454545455
3 ay,2024+,PAXG,≥3,43,-0.03076990122018883,0.014585422283072712,0.025510516903812654,-0.16175769586079966,-0.8472586197769292,48.837209302325576
3 ay,22-06→23,HBAR,≤−2,214,-0.14529721548034957,-0.2778064216107407,-0.24675573173489704,-0.005982595912357039,-0.3640744344965642,46.728971962616825
3 ay,22-06→23,HBAR,−2…−1,1160,-0.01414147557762914,-0.10067734712415435,-0.11704033931999941,-0.13104928518448655,-0.31752826387938804,45.60344827586207
3 ay,22-06→23,HBAR,−1…0,3942,-0.019758531002201134,-0.026048437931169788,-0.09928422298417423,-0.2766670235708671,-0.6116116592115954,43.404363267376965
3 ay,22-06→23,HBAR,0…1,3865,0.009389850557754136,0.018104628283537587,0.0694620736532996,0.08179136742935596,0.35508442237143345,49.39197930142303
3 ay,22-06→23,HBAR,1…2,850,0.062298248305829695,0.10943428352712226,0.2290425733679928,0.7745087579483586,1.4950840631532742,57.88235294117647
3 ay,22-06→23,HBAR,2…3,60,0.10353000154123798,0.9314351275578096,1.0221661103885034,3.1177707354148,1.8688753284376671,78.33333333333333
3 ay,22-06→23,HBAR,≥3,27,1.1084726457545273,2.223688972073836,2.054216983332411,3.0517233244501263,3.772689253419675,62.96296296296296
3 ay,2024+,HBAR,≤−2,737,-0.0049848899884987995,-0.038968395693164695,-0.08918215469653919,-0.11816465872179541,-0.3306738157704751,45.1831750339213
3 ay,2024+,HBAR,−2…−1,2791,-0.015568811097449535,-0.006332939632261146,-0.0745769222585417,-0.2530046162712352,-0.7936130654194828,43.83512544802867
3 ay,2024+,HBAR,−1…0,8715,0.0020225144778037965,-0.016416018995246133,-0.04280357092307536,-0.03870412095012658,-0.3406061382291944,44.37679494543366
3 ay,2024+,HBAR,0…1,8387,0.0013326831413190167,0.019169713669415195,0.07546100636040001,0.1265553786312652,0.5035656253485018,46.286123716264626
3 ay,2024+,HBAR,1…2,3136,0.006737667764304839,-0.016148651370266914,-0.030634043194491353,0.052145768825895215,0.3004507353329465,47.719298245614034
3 ay,2024+,HBAR,2…3,424,-0.010547792982133923,0.06943297814910071,0.14125901730240994,-0.19172094053223437,0.4454560718700114,46.93396226415094
3 ay,2024+,HBAR,≥3,75,0.022257091031820525,0.6651456206578997,0.6683389686503486,-0.16096588528223257,1.252739044408167,49.333333333333336
3 ay,2024+,STRK,≤−2,620,-0.015919281462505222,-0.008229790836130702,-0.14287024445542132,-0.15945708514187432,-0.3857619073028607,47.096774193548384
3 ay,2024+,STRK,−2…−1,2634,0.008374198269747522,0.011828738382695558,0.008892051704767555,0.09612473535286449,0.07553879240691422,47.150455927051674
3 ay,2024+,STRK,−1…0,8851,-0.011374038751944947,-0.049106620949280574,-0.08463061528451617,-0.1671837999795899,-0.15597282174963628,44.92081447963801
3 ay,2024+,STRK,0…1,6832,-0.004919245900032264,0.02321566414264656,0.08117600807264248,0.14702038679801543,0.20016185011527018,45.682451253481894
3 ay,2024+,STRK,1…2,2572,0.04053123001441759,0.07154391105975576,0.047714938927649185,0.15209436966523066,0.06760173135009909,46.59665499805523
3 ay,2024+,STRK,2…3,549,-0.024967350246371853,-0.0058780019146175725,0.11596200472749135,-0.36418527093651876,-0.5710202259962139,44.626593806921676
3 ay,2024+,STRK,≥3,150,0.2102875629539965,0.46143949338291285,0.4888773925033508,0.8656327476291714,1.3199454198093323,48.66666666666667
3 ay,22-06→23,XLM,≤−2,115,-0.07137245344999284,-0.2822231357032258,-0.5247461477170087,-1.2966312720314432,-1.1927859020738023,29.565217391304348
3 ay,22-06→23,XLM,−2…−1,1019,0.002723592274743233,0.02074378575610746,0.18728262935542994,0.17719749059558193,0.11293659028268313,45.436702649656524
3 ay,22-06→23,XLM,−1…0,5582,-0.013810602851130532,-0.03540447012693448,-0.08414170686649525,-0.13943303987666011,-0.1680691106239228,47.11572912934432
3 ay,22-06→23,XLM,0…1,5554,0.007350360419399683,0.018073134513704677,0.020856749599076803,0.05624780272218535,-0.005065236447361729,49.13575801224343
3 ay,22-06→23,XLM,1…2,1386,0.018181211903726832,0.05129706046695341,0.1048675557904953,0.07899805620403869,0.21995395934825474,53.318903318903324
3 ay,22-06→23,XLM,2…3,128,0.10897392302658168,0.10106551062617224,0.11058137786064373,0.5621952302552535,0.8699253155924687,59.375
3 ay,22-06→23,XLM,≥3,106,0.024071255834743115,0.23144523502342026,0.6023073531885632,2.3868961346013924,5.3978817350877275,86.79245283018868
3 ay,2024+,XLM,≤−2,522,0.14328117110014482,0.2545525595378558,0.35360363995111666,1.133947896144564,3.2794214028188002,47.12643678160919
3 ay,2024+,XLM,−2…−1,2639,-0.040988273181777904,-0.04368792682050125,-0.051012057448616054,-0.06688988683273273,-0.10492035233208627,44.145509662751046
3 ay,2024+,XLM,−1…0,9003,0.001440832020724672,-0.04216340563646529,-0.084382519686329,-0.21539730862654297,-0.5793504087052818,45.572858731924356
3 ay,2024+,XLM,0…1,8736,-0.011700257705723294,-0.0036724302170890247,0.001702859985468685,-0.06774687489969189,-0.34346797310806304,46.166189111747855
3 ay,2024+,XLM,1…2,2919,0.019879450553789695,0.11277693676708293,0.1950555989709666,0.5509467723114222,1.8354422371559092,49.82864976010967
3 ay,2024+,XLM,2…3,375,0.09005166065269173,0.1521294243406903,0.24154524807863806,1.1809206541356372,3.3692347225250656,51.2
3 ay,2024+,XLM,≥3,72,0.4279051931957537,0.10718397908209908,0.4791319009881975,0.8556523709855429,2.237671260422395,43.05555555555556
3 ay,22-06→23,FET,≤−2,285,0.020737713773533156,-0.141296992043322,0.07647807628133901,0.5097776178051574,1.2186933445271095,54.03508771929825
3 ay,22-06→23,FET,−2…−1,1187,0.024641461430804815,-0.07510328398253831,-0.06008422900822961,-0.23945797624346543,-0.5855236835563825,46.58803706823926
3 ay,22-06→23,FET,−1…0,5442,-0.03832786128438357,-0.05165493764045816,-0.09093031191997299,-0.15343688088171994,-0.5247790222702258,47.70305034913635
3 ay,22-06→23,FET,0…1,5619,0.02180229262652777,0.01806131068475108,0.025841332275631113,0.05481418701331082,0.24872736909664836,48.56736074034526
3 ay,22-06→23,FET,1…2,1107,0.008331462343029979,0.18836666763324567,0.19941192857357193,0.11824899970792925,-0.10788677556093883,49.68383017163505
3 ay,22-06→23,FET,2…3,160,-0.08496746705251867,-0.11276916389399597,0.26732117870183847,0.7009748995180823,2.848019987860584,48.75
3 ay,22-06→23,FET,≥3,90,0.614281573466692,1.317311909715702,1.5071516220118901,4.698832878416436,16.32983137688856,64.44444444444444
3 ay,2024+,FET,≤−2,464,-0.07355754828385346,-0.25604988302435133,-0.3380824972142104,-0.17689411078408196,0.14725842606714865,45.689655172413794
3 ay,2024+,FET,−2…−1,2452,-0.011000183362941236,-0.06583739740929813,-0.13105465623184015,-0.45720524827243586,-0.7842020594921001,44.127243066884176
3 ay,2024+,FET,−1…0,9508,-0.015341921269179593,-0.019941174907981907,-0.037692011238807006,-0.17587902731542507,-0.608975739660719,44.940507528693274
3 ay,2024+,FET,0…1,9046,0.0060716258407080715,0.01391532065005978,0.010181549256939478,0.0811423596548205,0.5063233114975132,46.71759105502048
3 ay,2024+,FET,1…2,2285,0.02973046540781008,0.06406830292298954,0.17379641671669738,0.6773497605856985,1.0237214313588285,49.08056042031524
3 ay,2024+,FET,2…3,383,0.1637683365593427,0.16478582934336083,0.40827012097797466,1.159235460822379,1.6631274024343006,54.04699738903395
3 ay,2024+,FET,≥3,127,0.16820584157749321,1.058441786571553,1.5027530840691705,1.1768211743914845,0.6681105357966785,50.39370078740157
3 ay,2024+,ZRO,≤−2,439,-0.07439010220029989,-0.1571634890884674,0.005413229612330364,-0.053542140163569486,-0.31948053810663035,48.747152619589976
3 ay,2024+,ZRO,−2…−1,1378,-0.04099292198709925,-0.0189398314984902,-0.03937403809507063,0.12594652836820674,-0.09037712851080151,49.34593023255814
3 ay,2024+,ZRO,−1…0,8118,-0.0054042896389292815,-0.003057637875431899,0.004644238293280011,-0.08615247359999506,-0.31215612790678593,48.53830023436536
3 ay,2024+,ZRO,0…1,7745,0.01777765816345848,0.036017244938087875,0.030760489993774506,0.12071404016869106,0.41820077314737303,48.04758210499095
3 ay,2024+,ZRO,1…2,1518,-0.00644569052432733,-0.07133145111071332,-0.08764036991509108,-0.22020442917295252,-0.40834488984928485,47.92353328938695
3 ay,2024+,ZRO,2…3,272,0.03202193713613242,-0.10801383076260324,-0.36239175642304905,-0.013857604393129073,0.5145902431703911,47.05882352941176
3 ay,2024+,ZRO,≥3,133,-0.026943407064497747,-0.16054967527105699,0.057653243657758,-0.3544535281356544,0.32756184858728155,36.09022556390977
3 ay,22-06→23,OGN,≤−2,285,0.03808100574604433,0.09020380771670823,-0.07547537011854312,0.123815040499734,0.8190491521259962,52.98245614035088
3 ay,22-06→23,OGN,−2…−1,1271,-0.040212889484400584,-0.07115381187870293,-0.014572729256936274,0.03944346199466902,0.5325683126086526,48.78048780487805
3 ay,22-06→23,OGN,−1…0,5348,0.008702426335453666,-0.010689562422480016,-0.008416130682138779,-0.09478291589813509,-0.200357043966275,48.35452505609574
3 ay,22-06→23,OGN,0…1,5187,-0.002462488364045749,0.009941952981295065,0.002836848915807051,0.038196877140728676,-0.15469100941664338,49.16136495083864
3 ay,22-06→23,OGN,1…2,1387,-0.013768795632942421,0.04968019530326924,0.03964907246744623,0.14058087887879203,0.362528222266047,51.91059841384282
3 ay,22-06→23,OGN,2…3,255,-0.039703689495281316,-0.2631395631053548,-0.15508566336268412,-0.19491279216934607,0.7583658357039639,49.80392156862745
3 ay,22-06→23,OGN,≥3,100,0.3571160736353747,0.6852143712624624,0.5488073157627432,0.780689887549164,2.673584709067442,54.0
3 ay,2024+,OGN,≤−2,698,-0.033360073064011855,-0.2318948670664479,-0.18019602921402791,-0.20389358878276143,-0.3478956194933432,48.13218390804598
3 ay,2024+,OGN,−2…−1,2394,-0.029944096395730323,-0.08755071467807853,-0.11059997765812382,-0.19158634705599867,-0.4199955550286882,47.031772575250834
3 ay,2024+,OGN,−1…0,8778,-0.002437443566433824,6.608544481990837e-05,-0.03349268418021055,-0.12082731120135355,-0.33709068253607316,46.361770072992705
3 ay,2024+,OGN,0…1,8931,0.016813925741659606,0.035138824680375616,0.040804737099067116,0.10624524535408023,0.37434048169673545,48.69409259051676
3 ay,2024+,OGN,1…2,2324,0.02067926554050086,0.04350609232164367,0.12671176770797818,0.36565696572742284,0.2752154177278041,50.53809728798967
3 ay,2024+,OGN,2…3,444,-0.15018895473533606,-0.053560523948701866,0.1362527695003044,-0.06298470003479623,0.46811101471685723,47.74774774774775
3 ay,2024+,OGN,≥3,162,-0.09344989360925095,-0.12570702835792807,-0.21605232112318204,-0.6769840358573157,0.10134365084853421,46.2962962962963
3 ay,2024+,W,≤−2,211,-0.027125776977459812,-0.13688789256829573,-0.019764488224436435,0.40143936039123435,0.7109501798273075,50.71090047393365
3 ay,2024+,W,−2…−1,1052,-0.03780195039262637,-0.023730470765400493,-0.10116953782202129,-0.2729899559263583,-0.4422852548603846,45.04761904761905
3 ay,2024+,W,−1…0,4575,0.014066556750702543,0.016880365267788393,0.006373069049576095,0.07084508016995993,0.19921719846969482,45.97675948256961
3 ay,2024+,W,0…1,3435,-0.001816365182410772,-0.009324329025873433,0.0002416687245585295,-0.04723974747274217,-0.18286421032514993,44.389390848149226
3 ay,2024+,W,1…2,974,-0.004112023608824903,-0.06908954100209859,-0.02456231333212008,-0.08012428086255534,-0.06004842401816906,44.078269824922764
3 ay,2024+,W,2…3,253,-0.09693978316769167,0.19426962708918508,0.2543563712593244,0.4574810710169885,0.18907227670514684,45.41832669322709
3 ay,2024+,W,≥3,52,0.30509365740045813,0.5144234239879064,0.7738165003372208,0.07430460569604505,0.8188592881784094,46.15384615384615
3 ay,22-06→23,ALGO,≤−2,325,-0.09787624055543681,-0.40729986495284315,-0.3992237031401177,-0.9434198484948728,-1.5708809835382924,43.07692307692308
3 ay,22-06→23,ALGO,−2…−1,1119,0.037158309658880964,0.061953681769859575,0.025450687804504938,0.09433910934478011,0.2550641795915027,47.98927613941019
3 ay,22-06→23,ALGO,−1…0,4822,-0.0030270629427355078,-0.01831640245978056,-0.055500334980118755,-0.09330241508764105,-0.2512733510927382,47.92617171298216
3 ay,22-06→23,ALGO,0…1,5719,0.000534716190689588,0.007888450158991272,0.04019097067797037,0.08719275122030316,0.19612275741840512,50.708165763245326
3 ay,22-06→23,ALGO,1…2,1623,-0.007355824846123596,0.03596473090649306,0.03901075526778749,-0.09081775834820115,-0.29100959819011507,48.98336414048059
3 ay,22-06→23,ALGO,2…3,176,0.0777831176877996,0.12889847615847946,0.06307157182270255,0.33776450766864374,0.9498881408911988,57.38636363636363
3 ay,22-06→23,ALGO,≥3,106,0.00015811603539518505,0.23770794665906902,0.6096583527707782,2.266467520539294,5.851526575906441,68.86792452830188
3 ay,2024+,ALGO,≤−2,427,-0.05014252276305947,-0.10110350167297989,0.041676836943881315,0.2996101536855319,0.9658730068662875,50.35128805620609
3 ay,2024+,ALGO,−2…−1,2252,-0.022006912378642093,0.04177791554351791,0.054687884932091806,-0.024599096900603624,-0.20862171118033365,47.37777777777778
3 ay,2024+,ALGO,−1…0,9587,-0.003861905473428718,-0.04818166062321115,-0.07599540279042699,-0.1855131407029818,-0.46183951634167253,46.481520150344544
3 ay,2024+,ALGO,0…1,9074,0.004734877125890969,0.00486722931277551,-0.011563562728734772,0.03882909090247769,0.09828801569532115,47.958958517210945
3 ay,2024+,ALGO,1…2,2423,0.018828050042271595,0.11480948990819674,0.20964189544450004,0.3814265142068823,1.0505034138604068,50.82644628099173
3 ay,2024+,ALGO,2…3,386,0.05874098622396672,0.0477169035850817,0.19139582162196417,0.6497372435406391,2.003950404332875,50.77720207253886
3 ay,2024+,ALGO,≥3,116,-0.02836222519631414,0.6055999535615538,0.9542375691658911,1.5518406411164851,2.3860227766649365,58.26086956521739
3 ay,2024+,PENGU,≤−2,290,-0.010881992149841825,-0.40558919321460096,-0.7193010878315951,-1.1730587984546181,-1.914220788441471,39.10034602076124
3 ay,2024+,PENGU,−2…−1,1357,-0.04228130385784472,-0.1437265411783066,-0.26399159273600564,-0.7205696858587272,-1.5736851159788587,42.66764922623434
3 ay,2024+,PENGU,−1…0,5811,-0.013628598542805568,-0.024851776789685913,-0.05922399312217644,-0.10809148263141533,-0.7469822650282752,45.813232253618196
3 ay,2024+,PENGU,0…1,4627,0.01812896848467656,0.05252484404769244,0.0897583274340494,0.13295895777683833,0.6344569294261835,46.94540727902946
3 ay,2024+,PENGU,1…2,1476,0.025222108986251546,0.13389890759608744,0.28723010110979785,0.6497236786509496,2.148338552272662,49.047619047619044
3 ay,2024+,PENGU,2…3,263,0.051763436451794737,0.06978811521373257,0.22804729755057812,0.9765351859450787,2.7124278401700304,48.28897338403042
3 ay,2024+,PENGU,≥3,69,0.07261139620289432,-0.03333769629488008,0.16944120917395306,1.71781030489963,3.7046987109748852,50.72463768115942
3 ay,22-06→23,FIL,≤−2,211,0.009513176333132188,-0.08404414363900511,-0.14179043605193123,-0.2835669292469833,-0.7224885148445964,48.81516587677725
3 ay,22-06→23,FIL,−2…−1,977,0.029043261679413325,-0.032794319407753625,-0.023849398752116904,-0.25239832045456373,-0.5685597563406904,48.31115660184238
3 ay,22-06→23,FIL,−1…0,5746,-0.009263954709140017,-0.02060131585233281,-0.007804723316297876,-0.07036630085236904,-0.044356442570386366,49.89557953358859
3 ay,22-06→23,FIL,0…1,5412,-0.01261794428779422,-0.00734152750890283,-0.050801701521994494,-0.05235980511931608,-0.0856962367152657,48.11529933481153
3 ay,22-06→23,FIL,1…2,1280,0.04193463952016904,0.11413474008485026,0.16898346541775122,0.3133754787477746,0.2602759361557536,49.921875
3 ay,22-06→23,FIL,2…3,152,0.1628135964816114,-0.06619511865945862,-0.2791631276571359,-0.19324071551437036,-0.8390272809464475,54.60526315789473
3 ay,22-06→23,FIL,≥3,112,0.11350398326930208,0.6415184184153686,1.7780120809769675,5.556908813568804,10.901491599232301,79.46428571428571
3 ay,2024+,FIL,≤−2,270,-0.08388496033978078,-0.18841844529889837,-0.1567637927023593,-0.15552933539314415,-0.18869541172000023,48.51851851851852
3 ay,2024+,FIL,−2…−1,1404,-0.022723341258822593,-0.051249576874192466,-0.07071967477860741,0.0907407579557625,-0.3174292592801015,49.32287954383464
3 ay,2024+,FIL,−1…0,10720,-0.00431578389258482,-0.04741614202041344,-0.0775949322087561,-0.20451070273642385,-0.6042889177464115,46.73141576391483
3 ay,2024+,FIL,0…1,9849,0.006353248520041815,0.03530261909580117,0.05596254686347894,0.12823001596257283,0.4196850639003964,48.820898556617195
3 ay,2024+,FIL,1…2,1657,0.024937317951513827,0.14892899723352582,0.18941194654392376,0.43624366720326024,1.3589738922986636,50.48309178743962
3 ay,2024+,FIL,2…3,255,-0.022801435037977425,-0.17485313806166053,-0.032509955780317935,0.08524626217323764,1.2145551733787425,46.27450980392157
3 ay,2024+,FIL,≥3,110,0.024810614499871195,0.737153995929878,1.0582075749430038,0.8990912296661461,2.6216984236240615,50.0
3 ay,2024+,TRUMP,≤−2,381,-0.020397895015644707,-0.1381623498035382,-0.09062655831671898,-0.27188889117780085,-0.1345897952231171,41.732283464566926
3 ay,2024+,TRUMP,−2…−1,1819,0.010906508721821195,0.01622338203747162,0.047157084017440794,0.1524047107085883,0.21164045150016964,45.1346893897746
3 ay,2024+,TRUMP,−1…0,5301,-0.0160689424780384,-0.06467637366846422,-0.14055603321179153,-0.3059983392610529,-0.42891792718674127,42.97348484848485
3 ay,2024+,TRUMP,0…1,4441,0.0014444353341176548,0.04384145267111143,0.09851952024091332,0.18989070264409771,0.2210705194230449,43.0245661482984
3 ay,2024+,TRUMP,1…2,2089,0.029297052667486542,0.0749726055788831,0.09500908524491412,0.22136169108551174,0.34156777564993124,45.76352321685017
3 ay,2024+,TRUMP,2…3,346,0.04221457722158912,0.10217372277088518,0.22204261801621397,0.3316306549566187,0.5424405829483541,48.554913294797686
3 ay,2024+,TRUMP,≥3,47,-0.19447955814409357,-0.44711008826053894,-0.4258367680624049,0.4749553858232945,1.0030547017239697,38.297872340425535
3 ay,22-06→23,CRV,≤−2,376,0.10968583922176155,0.2820389684826096,0.4446324751621839,0.6147214025512571,1.3994955898218786,46.01063829787234
3 ay,22-06→23,CRV,−2…−1,1136,-0.04858063917611413,-0.0969880939895999,-0.18643913329671336,-0.12004238736800953,-0.14744983317290036,45.95070422535211
3 ay,22-06→23,CRV,−1…0,5132,-0.01705221002790339,-0.062183958773027084,-0.08735883273425904,-0.25205048527697665,-0.41182202872871704,46.41465315666407
3 ay,22-06→23,CRV,0…1,5390,0.00515885996813325,0.02567384531682155,0.057904609227853836,0.13776771585774758,0.2588382785817135,48.34879406307977
3 ay,22-06→23,CRV,1…2,1520,0.056254958129580104,0.08407246960535453,0.06701219824216005,0.02532458293279334,-0.2194457840914561,47.10526315789474
3 ay,22-06→23,CRV,2…3,215,-0.062121861892980065,-0.024653167478244392,-0.06343600091553094,-0.13028775137068463,0.15017510658224908,50.23255813953489
3 ay,22-06→23,CRV,≥3,121,0.01239736480722521,0.5156045454207833,0.7653961114622009,3.6835248524448096,5.461941673517016,68.59504132231406
3 ay,2024+,CRV,≤−2,557,-0.035328617953213036,-0.06844245199824653,0.08576893427307976,-0.0257442441003795,-0.5375731243770259,45.062836624775585
3 ay,2024+,CRV,−2…−1,2279,-0.06458288833926723,-0.058941721217649845,-0.07345303176512542,-0.1559168618159365,-0.5706132004006212,46.32967032967033
3 ay,2024+,CRV,−1…0,9445,0.004415830048568456,-0.02087178914014044,-0.05221534739573224,-0.10097228597160499,-0.28083111252050985,47.46211719826216
3 ay,2024+,CRV,0…1,9221,-0.010403477031716221,-0.004809640000626917,-0.016008681555389693,-0.007224111291108154,0.000790645014519132,47.779828465964606
3 ay,2024+,CRV,1…2,2227,0.07911811827801751,0.13443876142934777,0.2716561095588865,0.4173228548977892,1.3544994380191668,51.438848920863315
3 ay,2024+,CRV,2…3,369,0.1072708083856211,0.16938375275847128,0.05816323485354904,0.902068427686706,1.9094460611227444,52.30352303523035
3 ay,2024+,CRV,≥3,166,0.031514611813528055,0.31257991752918474,0.8062555164934951,0.7679390198947097,3.173388217645063,51.204819277108435
3 ay,22-06→23,MINA,≤−2,323,0.0770423971434956,0.05579097993246706,0.07478240763198853,-0.6949355467746159,-1.642915215518089,42.414860681114554
3 ay,22-06→23,MINA,−2…−1,1416,-0.0333862376591601,-0.023973188556449795,-0.052838937339915515,0.07360962233342933,-0.4239725124917732,48.728813559322035
3 ay,22-06→23,MINA,−1…0,5204,-0.016054653017938,-0.021374786002320487,-0.04514546183941916,-0.060138171044013075,-0.13557260426757084,47.156033820138354
3 ay,22-06→23,MINA,0…1,4853,-0.004068547780655611,-0.01904916516169469,-0.019393657816663513,-0.07578171139570788,0.0077298749390388236,46.03338141355862
3 ay,22-06→23,MINA,1…2,1753,0.04723481928035834,0.07642888448592881,0.15418968785099635,0.23474861083295648,0.41021883662596975,48.14603536794067
3 ay,22-06→23,MINA,2…3,280,0.062288879518294524,0.14386363340725708,0.07908087309151056,0.6006272580752028,1.8277465654184284,49.642857142857146
3 ay,22-06→23,MINA,≥3,60,0.4239961744883672,0.755731358427683,1.4547075856062326,3.6878449474874877,9.468846381791527,58.333333333333336
3 ay,2024+,MINA,≤−2,272,-0.0732273213631449,0.10703683663600173,-0.14118850919158468,0.2686124048410294,1.3685633314916736,51.470588235294116
3 ay,2024+,MINA,−2…−1,1554,-0.0066937284845764965,-0.006928417708391567,0.006683959718487448,0.17954886078962567,0.38879637959353125,50.644329896907216
3 ay,2024+,MINA,−1…0,10896,-0.015179353472381642,-0.05284623176157609,-0.07342776004746433,-0.15136085223420176,-0.3665798956412573,46.07329842931937
3 ay,2024+,MINA,0…1,8882,0.006888482636804944,0.04540587542811171,0.04959366100083757,0.08774092104445892,0.10765635741812464,48.61330326944758
3 ay,2024+,MINA,1…2,1532,0.061220148375205515,0.02604289376473325,0.12242927925387792,0.14498046971729336,0.8435403356706204,50.78431372549019
3 ay,2024+,MINA,2…3,250,0.15657898819455213,0.3737108882219876,0.4962181933621533,0.7689333989217564,2.1265361944254932,51.6
3 ay,2024+,MINA,≥3,112,0.013984330931950765,0.18533725041368507,0.6764216379357602,0.9270335191897098,2.1542903708335484,53.57142857142857
3 ay,22-06→23,INJ,≤−2,89,0.000686062314838833,-0.21097403726922717,-0.052882958369304636,1.128260945283109,2.2603484200319888,58.42696629213483
3 ay,22-06→23,INJ,−2…−1,790,0.030895004686458827,0.1383035715606671,0.17673839668153074,0.13275553709634347,0.14759006201270977,51.77215189873417
3 ay,22-06→23,INJ,−1…0,5333,-0.0453575575794523,-0.144560360198787,-0.20273830235142445,-0.48095746265064904,-0.9463976597331555,49.8406150384399
3 ay,22-06→23,INJ,0…1,3061,0.02513731310907709,0.08434152304423147,0.08222856759803593,0.1715697210048857,0.34031117420434476,51.813132963083966
3 ay,22-06→23,INJ,1…2,987,0.08676079407297953,0.23695520681324891,0.49049522278221774,1.160956211358034,2.527456243006526,58.662613981762924
3 ay,22-06→23,INJ,2…3,245,0.15727729336066767,0.4558331564320904,0.6399966655025302,1.4494798173856487,2.4923184068761346,58.36734693877551
3 ay,22-06→23,INJ,≥3,86,0.18968122410019328,0.8922552818050467,0.6240349186610284,3.877823232718409,6.77281087456319,65.11627906976744
3 ay,2024+,INJ,≤−2,195,-0.024910338277544092,0.0010554936461880078,0.20639855431874515,1.2000555852743946,2.813616125662078,52.820512820512825
3 ay,2024+,INJ,−2…−1,1823,-0.00785690860363046,-0.03231846312690273,-0.0013511107048410239,0.11331342254467286,0.4862240419972498,48.985189248491494
3 ay,2024+,INJ,−1…0,11839,-0.00865211650971615,-0.030769292698119843,-0.08268631963537922,-0.24773189296157963,-0.6456402788149576,45.63451776649746
3 ay,2024+,INJ,0…1,7820,0.015450458794760884,0.048089979170555866,0.10220065916514824,0.25204331148188014,0.5360832992339863,49.25774251343742
3 ay,2024+,INJ,1…2,2027,-0.01997534455067935,0.0309601814093925,0.10686728730007736,0.2678366600274537,0.9608431754519682,49.92599901332018
3 ay,2024+,INJ,2…3,421,0.07609308550752165,-0.07639312519323402,-0.1618403559743748,-0.0643581253296944,0.4083702184040648,48.69358669833729
3 ay,2024+,INJ,≥3,141,0.06544688017432489,0.11472430982023628,-0.05177190180282276,0.016547456362883132,-0.7354631983293286,35.46099290780142
3 ay,22-06→23,RLC,≤−2,310,-0.04518224649178371,-0.03861375725878656,0.11283994091576344,-0.39221994159872076,-1.3041934654003464,46.45161290322581
3 ay,22-06→23,RLC,−2…−1,1221,0.018451652457714178,-0.003656850552417152,-0.05614488254344098,-0.16781953047800868,-0.3205570988084545,48.239148239148236
3 ay,22-06→23,RLC,−1…0,5164,-0.015023977361291787,-0.03235661844369594,-0.051094521327230885,-0.1288079613382871,-0.37628183609769184,50.56158017041054
3 ay,22-06→23,RLC,0…1,5596,0.0034350270833707736,0.02833520675069714,0.019722427129772027,0.04974179275377888,0.200481075107572,50.89349535382416
3 ay,22-06→23,RLC,1…2,1189,-0.006923456290543455,-0.05691439321825639,0.067317173279002,0.2070964358309732,0.2173438269308858,53.57443229604711
3 ay,22-06→23,RLC,2…3,264,0.10527762888850165,-0.01877485556725484,-0.0596872532897173,0.2604373327483107,1.4994526503458663,54.92424242424242
3 ay,22-06→23,RLC,≥3,110,0.2752466527240329,0.8871710486121087,1.1161385605183896,3.62101773328582,8.751365339214583,69.0909090909091
3 ay,2024+,RLC,≤−2,649,0.0069226345279551835,0.00579465617613598,-0.07312234463283077,0.31680392914470135,0.7516311067060257,48.07395993836672
3 ay,2024+,RLC,−2…−1,2182,-0.009505061226349436,-0.09247002124181038,-0.0626120206500112,-0.17095348588339596,0.15276509671803584,47.04264099037139
3 ay,2024+,RLC,−1…0,8468,0.006745717884675544,0.00817898253125438,-0.03165051112927025,-0.11808301675108111,-0.2282313684259688,46.665878458264366
3 ay,2024+,RLC,0…1,8280,-0.0014663227674631967,0.014884721596044361,0.03042667844262556,0.0003610406615439264,-0.024764181371939118,47.53205903701912
3 ay,2024+,RLC,1…2,1991,-0.01499502482848329,0.009951554694216958,0.0366560784836207,0.34895904991324017,0.2785840583378262,49.974886991461574
3 ay,2024+,RLC,2…3,477,0.011128991635216533,0.05275905935130121,0.14385258217054808,0.4626852734426874,0.4175714120578791,50.524109014675055
3 ay,2024+,RLC,≥3,210,-0.01991660917598333,-0.1876898522642731,0.2795676820635807,1.17870120218893,2.6879308349556865,51.42857142857142
3 ay,2024+,POL,≤−2,344,-0.0057925874196588815,-0.061234657105736764,0.17720971365085786,0.25978536394624807,0.13288867358420614,50.0
3 ay,2024+,POL,−2…−1,1937,0.009700785859724045,0.017549803584417812,-0.0450268891236081,0.11076770135461105,-0.21961537689544433,48.21705426356589
3 ay,2024+,POL,−1…0,6234,-0.004173203729246787,-0.02608072757562161,-0.07458037072999674,-0.09689646698020493,-0.12515278598021579,46.96043743969122
3 ay,2024+,POL,0…1,6709,-0.00167766162007144,-0.014286332898675872,0.005685130339408957,-0.05242303629872748,-0.05622471996138269,46.64379474940334
3 ay,2024+,POL,1…2,1921,-0.002346114951341458,0.12090335303876872,0.21245882647431152,0.3570828624527088,0.539527479604722,51.06826472120897
3 ay,2024+,POL,2…3,340,0.06557806241678497,0.05431278211692467,0.057614483301021896,-0.10855031189212008,1.1525995011272143,47.94117647058824
3 ay,2024+,POL,≥3,86,0.031138447136414754,-0.05982169899602492,0.2955819067711954,0.022205729156678126,1.2385026460418025,45.348837209302324
6 ay,22-06→23,BTC,≤−2,117,0.04475870538583759,0.14945898883063202,0.3343444219894672,0.2558155619849347,0.046988604671627854,45.2991452991453
6 ay,22-06→23,BTC,−2…−1,628,-0.019575433669319863,-0.07236916052283703,-0.12282937567092082,-0.13829782221174391,-0.8398732940804272,53.503184713375795
6 ay,22-06→23,BTC,−1…0,4226,-0.008264815376465194,-0.011178512047918773,-0.01688749469819849,-0.047928302892648905,0.12021156331963254,51.46710837671557
6 ay,22-06→23,BTC,0…1,7565,0.0027539334868036344,-0.005531757148119094,-0.015104454359014937,-0.05020257945746916,-0.29042125511879613,49.821546596166556
6 ay,22-06→23,BTC,1…2,767,-0.002865994629533144,0.037717060691512254,0.030972046486542077,0.06479051369718951,0.6308881656558684,46.15384615384615
6 ay,22-06→23,BTC,2…3,146,0.05348235507209826,0.21142603954956546,0.5187964063367341,0.991736524674743,2.409672541509171,67.12328767123287
6 ay,22-06→23,BTC,≥3,107,0.14523365240923233,0.535066154491186,1.1602847232594815,4.156638099145504,12.852916600023029,78.50467289719626
6 ay,2024+,BTC,≤−2,1415,-0.019399907488533333,-0.11216259620790879,-0.2386241960499711,-0.48753558694159527,-0.670677771266863,53.28621908127208
6 ay,2024+,BTC,−2…−1,3072,-0.014460531793902711,-0.03161784864580555,-0.07513212840718522,-0.30396085936166606,-1.1472850516556805,48.47005208333333
6 ay,2024+,BTC,−1…0,7761,-0.007347595399815745,-0.02003773584786063,-0.033326022008942,-0.019111214495226462,0.059152245258408016,51.79354838709678
6 ay,2024+,BTC,0…1,9247,0.011258449295716434,0.024987183089933102,0.05732111232440039,0.12325218550142476,0.215621052466541,52.92970865374201
6 ay,2024+,BTC,1…2,2299,0.007937781027239719,0.056922326083329755,0.09071217708474152,0.1954703649346345,0.5774324596776181,52.71857329273597
6 ay,2024+,BTC,2…3,343,0.012319567623422746,0.15732294291868734,0.24531679582254046,0.48485571549225376,1.1466776731533312,55.39358600583091
6 ay,2024+,BTC,≥3,129,0.017846236902063464,-0.0358906605363079,0.03149749412571911,0.14002495880758287,2.454467301847086,57.36434108527132
6 ay,22-06→23,ETH,≤−2,123,0.05939999006696747,-0.004927401123836796,0.2806568017506056,0.29130117842141373,-0.032864473418623384,41.46341463414634
6 ay,22-06→23,ETH,−2…−1,592,0.004851877337412178,0.02643173961300016,-0.049878011985554874,-0.047897708487488797,-0.7565458855594118,51.520270270270274
6 ay,22-06→23,ETH,−1…0,4387,-0.01754854993401468,-0.04474792753059012,-0.05451315328336622,-0.11616551850815857,0.010992645057444385,48.91725552769547
6 ay,22-06→23,ETH,0…1,7331,0.0062375665896494455,0.006124522723489992,-0.003313504783569363,-0.007314682851307852,-0.138818273793764,49.74764697858409
6 ay,22-06→23,ETH,1…2,873,0.003522542027919205,0.08382988682736046,0.14705574856824413,0.21894298957591296,0.46448134557617365,50.28636884306987
6 ay,22-06→23,ETH,2…3,147,0.04017525804644587,0.12903773225275625,0.21752232713991237,0.170662619483061,1.1217150840090357,55.10204081632652
6 ay,22-06→23,ETH,≥3,103,0.11746053987006118,0.4292885887057157,0.95235002828111,3.2965323610991017,8.261992172421456,80.58252427184466
6 ay,2024+,ETH,≤−2,1434,-0.030474076149444092,-0.1257158141979188,-0.27216303774306666,-0.622119227216131,-1.1971201679501688,50.348675034867505
6 ay,2024+,ETH,−2…−1,3044,-0.018310106582602407,-0.05731985858418498,-0.12565091634275932,-0.49792156020811074,-1.754533335203184,45.926412614980286
6 ay,2024+,ETH,−1…0,7666,-0.00637796982931369,-0.02852491152835374,-0.04660397157543633,-0.06432480171696413,-0.08301582794520831,52.778140933455354
6 ay,2024+,ETH,0…1,9200,0.007638659890712993,0.030216285949464714,0.05944763804554597,0.17961913841289925,0.47728442256654224,52.05613577023499
6 ay,2024+,ETH,1…2,2454,0.022778782586043503,0.08923121014718473,0.20169509664709784,0.39314983170852125,1.0426938266697983,53.21923390383048
6 ay,2024+,ETH,2…3,351,0.05855883471812867,0.1761544602119317,0.23668319442227576,0.8328207081193207,1.5978938121489004,56.41025641025641
6 ay,2024+,ETH,≥3,117,0.01356919624642069,0.12388066955673403,0.039794507613790116,-0.07142108050839976,1.7872062555181576,47.863247863247864
6 ay,22-06→23,ADA,≤−2,95,0.0068113769263392476,-0.19771580677191994,-0.1543305950878994,-1.1986924719450298,-4.020043845532978,34.73684210526316
6 ay,22-06→23,ADA,−2…−1,621,-0.0430376075106579,-0.09423944813322889,-0.1466085326896926,-0.17165440845856803,-0.4804350453898851,43.31723027375201
6 ay,22-06→23,ADA,−1…0,4751,-0.010005113835637966,-0.030013463369597457,-0.05430912693327923,-0.06799407972173249,0.00795968838844482,47.926752262681546
6 ay,22-06→23,ADA,0…1,6991,0.006013955411798186,0.021057462408229095,0.02586094699614359,-0.004231102464555313,-0.010868516771339468,49.04877699899871
6 ay,22-06→23,ADA,1…2,846,-0.0008112894965184988,-0.012670008924637642,0.08505200525163478,0.2191946225103342,-0.14200613797700998,51.6548463356974
6 ay,22-06→23,ADA,2…3,127,0.09585663442794251,0.2550331227614516,0.2796884553444796,1.3721363875483181,3.3518774072449937,60.629921259842526
6 ay,22-06→23,ADA,≥3,123,0.16327288900046455,0.41476881842792257,0.613493143674696,1.734900087096154,3.356653753952194,60.16260162601627
6 ay,2024+,ADA,≤−2,358,0.05325037342147989,0.21819460204453384,0.5115784975654378,1.0729406675120186,3.7796411346223393,55.3072625698324
6 ay,2024+,ADA,−2…−1,1638,0.010218872999976307,-0.03864697098126318,-0.07518850905028644,-0.18027867314924598,-0.002257059737304195,46.52014652014652
6 ay,2024+,ADA,−1…0,11059,-0.011050009452509344,-0.06067994030458816,-0.10870329748744108,-0.21797088339040932,-0.6636780472026764,45.328625746876696
6 ay,2024+,ADA,0…1,9478,0.0020672720581541744,0.03836572277846644,0.046408738635095106,0.07543808643850196,0.06083563829368704,47.85042780183797
6 ay,2024+,ADA,1…2,1392,0.013553865481844552,0.09962159369417481,0.34966326180200885,1.038787983569326,2.616407882189233,50.39539899352984
6 ay,2024+,ADA,2…3,268,0.04895790782773929,0.3509669069997506,0.4586786366356085,0.5965594117955729,5.074477843166165,44.02985074626866
6 ay,2024+,ADA,≥3,73,0.4770237918468375,0.8189248273413736,1.2704762713119842,-0.0015655649290384152,5.785463510692587,47.94520547945205
6 ay,22-06→23,APT,≤−2,107,-0.21740780019139108,-0.3238271422844989,-0.5124267738037998,-0.7431542377382848,0.3607811043528829,50.467289719626166
6 ay,22-06→23,APT,−2…−1,718,-0.008118904478573571,0.028768707532065944,-0.04978056129592889,-0.32730725901639957,-0.5511210459174173,50.13927576601671
6 ay,22-06→23,APT,−1…0,4166,0.0035326838395360995,-0.018962472367157646,0.003040511661714352,0.006187737956231008,0.026586736576044226,47.767642822851656
6 ay,22-06→23,APT,0…1,3921,-0.004036553686265824,-0.0021319871620490956,-0.027936432055155343,-0.06086309635243759,-0.24216228730185593,46.6462637082377
6 ay,22-06→23,APT,1…2,444,0.03313929069031277,0.09472866338263945,0.27276472320346246,0.8704543213148328,1.9305518008854334,56.75675675675676
6 ay,22-06→23,APT,2…3,76,0.16623279700809893,0.6784096454198322,0.7964658765923598,1.5902403199987525,3.9039193842789683,50.0
6 ay,2024+,APT,≤−2,440,0.06718420609729099,0.04621585869593029,0.14345695742051037,0.05326045670626158,-0.5597280939401303,46.81818181818182
6 ay,2024+,APT,−2…−1,2796,0.002940841387677322,0.018054255848340573,0.009299741353524873,0.09196482200503141,0.29592167914406775,48.1216457960644
6 ay,2024+,APT,−1…0,8694,-0.004330936854101303,-0.03307653254992179,-0.07533014467611113,-0.2778830178525621,-0.6902247314272073,45.79256360078278
6 ay,2024+,APT,0…1,9078,-0.01172198995691723,-0.026534019623370184,-0.00881214428715904,0.0768925535229193,0.19120398477157735,48.55440300154491
6 ay,2024+,APT,1…2,2865,0.03555629583072088,0.12885760096686158,0.16791932665755754,0.4228682445039659,1.0737349193145544,50.66340782122904
6 ay,2024+,APT,2…3,320,-0.014529942011062473,0.17363935058737093,0.30991290324087434,0.32718156050358493,1.2708698195055306,48.4375
6 ay,2024+,APT,≥3,73,0.12392448763576935,0.44920936518104276,0.8941374553200949,1.6561702189751943,2.9036942626833584,60.273972602739725
6 ay,22-06→23,ARB,−2…−1,146,-0.045574268432700474,-0.02299071353610352,-0.10477186708567482,0.047251960097547056,0.24397469906315383,48.63013698630137
6 ay,22-06→23,ARB,−1…0,3328,-0.010163289204569156,-0.030850514597558495,-0.0192910475373493,0.03103342820036433,-0.03196379277876655,51.081730769230774
6 ay,22-06→23,ARB,0…1,2133,0.02141723741606011,0.04314447696251186,0.028996796625036923,-0.04653088514250561,0.10556253607486958,49.13267698077824
6 ay,22-06→23,ARB,1…2,83,-0.0307178211985763,-0.023746444385251524,0.16108375822586987,-0.44891294250555774,-1.3718963115072644,55.42168674698795
6 ay,2024+,ARB,≤−2,379,-0.037218916276885804,0.004231865640996596,0.1037660521543637,0.3820284181227763,1.4630510857912344,51.187335092348285
6 ay,2024+,ARB,−2…−1,1504,-0.005290512616681228,-0.03367172157899595,-0.11942137877207473,-0.10348200752584329,-0.14391399541215763,45.77511643379907
6 ay,2024+,ARB,−1…0,10948,-0.00589326473890209,-0.04820218517646869,-0.08954701204203688,-0.2723603819060177,-0.784068396747237,46.25651339244904
6 ay,2024+,ARB,0…1,9252,-0.005824303393337517,0.021208251650561078,0.04037249538997036,0.16042965770327028,0.4982891084225941,48.79342062547343
6 ay,2024+,ARB,1…2,1767,0.07531662960879247,0.14900622431172494,0.26237542201786607,0.5599079692087277,1.2505149183332915,48.78048780487805
6 ay,2024+,ARB,2…3,329,0.03608720031829909,0.23051002039892673,0.5789571436795555,1.3073376924079685,3.2884397527648774,55.62310030395137
6 ay,2024+,ARB,≥3,87,-0.051724981500021326,0.47621820768078466,1.0735893462069082,1.0383055995357489,4.136634182655905,50.57471264367817
6 ay,2024+,BNB,≤−2,170,-0.0787407851178386,-0.23857270873404576,-0.628915841107863,-1.5546359187526666,-1.1217824324372412,43.19526627218935
6 ay,2024+,BNB,−2…−1,1127,-0.01593443634395165,-0.0458083058317911,-0.09126684196578352,-0.21753263117733337,-0.70973476565925,49.77817213842059
6 ay,2024+,BNB,−1…0,2562,0.004242528077636021,0.02207976542338627,0.038629589325064634,0.05684854075431623,0.09239489399544792,52.68522148177185
6 ay,2024+,BNB,0…1,2646,0.008719238093781992,0.010499931517430202,0.0412758763439228,0.12885456992664673,0.220133656290434,51.7463933181473
6 ay,2024+,BNB,1…2,762,-0.0011136413527590779,0.014601186531336947,0.004829990883107268,0.04786258314340404,0.27821252808521496,49.14586070959264
6 ay,2024+,BNB,2…3,51,-0.021591674611422976,-0.0791860611880747,-0.1068457672362335,-0.2764459370409178,-0.44236478493278675,41.17647058823529
6 ay,22-06→23,DOGE,≤−2,107,0.08402161106843126,0.17003274884814737,0.7103352110712887,0.4762798845379988,0.09007047103835866,55.140186915887845
6 ay,22-06→23,DOGE,−2…−1,588,-0.04948476270483042,-0.07947174788212928,-0.24209398878196298,-0.351891323382375,-0.6931942969409571,47.44897959183674
6 ay,22-06→23,DOGE,−1…0,5093,-0.014917512917409063,-0.040206149529698865,-0.049820789658902145,-0.10462550279351306,-0.14256028373809143,50.65776556057333
6 ay,22-06→23,DOGE,0…1,6707,0.00614580811864906,0.024501540030747025,0.0337824194312766,0.007562837378136036,-0.08372493451630934,49.336514089756974
6 ay,22-06→23,DOGE,1…2,802,0.0864817606473341,0.11056675821437272,0.0767147128029762,0.44333573549892935,1.116577417276112,56.733167082294266
6 ay,22-06→23,DOGE,2…3,140,-0.12072662819526271,-0.06835455960832551,-0.01935382944861002,0.5463144992068318,1.5485212352112194,51.42857142857142
6 ay,22-06→23,DOGE,≥3,117,0.02055591650323169,-0.0865891243272231,0.29648144342906985,1.7610649245844199,4.89978893584745,72.64957264957265
6 ay,2024+,DOGE,≤−2,340,0.14867131751390283,0.28772667349823194,0.5234157243023027,1.1299421573294146,4.905029187078417,56.1764705882353
6 ay,2024+,DOGE,−2…−1,2503,-0.047984866010228305,-0.08818914421586113,-0.14509725876114885,-0.29539078074208397,-0.5565559843369301,43.42788653615661
6 ay,2024+,DOGE,−1…0,9675,-0.007747421482752881,-0.03592715853971798,-0.08656631829609984,-0.18923195647449037,-0.436060228118979,48.04966373512675
6 ay,2024+,DOGE,0…1,9334,0.0037770800986857422,0.01133356520871508,0.026900444304499872,0.0727196110011219,-0.04017054056139158,49.34005794613156
6 ay,2024+,DOGE,1…2,2056,0.02198413528270932,0.0871119221243202,0.19108395577175596,0.5755508296995694,1.5376171430463523,52.675097276264594
6 ay,2024+,DOGE,2…3,262,0.2424525127045094,0.5426596009340543,0.8527701962846548,1.0877648799612853,4.412796797815255,56.10687022900763
6 ay,2024+,DOGE,≥3,96,0.005432016256026852,0.45062038616149186,1.6114316687246086,0.3969655281224847,0.14711307496457388,51.041666666666664
6 ay,22-06→23,DOT,≤−2,88,0.129725593800208,0.09252673341561292,0.24767754411357928,-0.47643276865978695,0.8617274939812748,51.13636363636363
6 ay,22-06→23,DOT,−2…−1,769,-0.017670740610749223,-0.07549947944225438,-0.1336282710421171,-0.0582080991927464,-0.22428352749336503,48.37451235370611
6 ay,22-06→23,DOT,−1…0,5357,-0.00883645259892237,-0.004522589055683484,-0.03476540020663517,-0.054688490635273014,-0.09322768415545109,49.13197685271607
6 ay,22-06→23,DOT,0…1,5723,0.007698965079060716,0.014782475833619968,0.03927387238161962,0.03133565584219518,0.04145033822427736,49.06517560719902
6 ay,22-06→23,DOT,1…2,1369,-0.0025824968097860504,-0.0332134733167363,-0.02311962499175013,-0.054547140343021494,-0.3824971508614943,47.47991234477721
6 ay,22-06→23,DOT,2…3,140,0.027286054968455133,0.27693503407422393,0.34945688181156365,0.5730727841525673,1.514540714039665,56.42857142857143
6 ay,22-06→23,DOT,≥3,108,0.047815158677998945,-0.03479178031268805,0.2330110831149607,1.8033818816462437,6.207827139806385,66.66666666666666
6 ay,2024+,DOT,≤−2,510,0.04564724494001449,0.06666750964095194,0.10251044609298572,0.19006202830780192,0.673547030832217,48.03921568627451
6 ay,2024+,DOT,−2…−1,2141,-0.007230144592451006,-0.021955367266043965,-0.11138937065909807,-0.23770789923937885,-1.0016243270560592,44.511910322279306
6 ay,2024+,DOT,−1…0,10073,-0.0167434195913805,-0.06817133418545786,-0.0987492186425476,-0.2253584170741865,-0.5144507305458018,45.603576751117735
6 ay,2024+,DOT,0…1,8756,0.001222993805384996,0.015117069835412202,0.03620172581010889,0.07771032838995845,0.11293275431935101,47.37444228349159
6 ay,2024+,DOT,1…2,2238,0.04773474360487474,0.17774117492221397,0.2349113295875301,0.6893776908065757,2.035402395295057,52.19141323792486
6 ay,2024+,DOT,2…3,420,0.05888048957948806,0.2729117777614019,0.5808088373593198,0.9872459329193314,2.6148522214173466,53.80952380952381
6 ay,2024+,DOT,≥3,128,0.14509292343886168,0.42772516540916544,0.7336146622577799,0.3505910684372599,2.7239256084069168,43.75
6 ay,2024+,FLOKI,≤−2,331,0.008123420006268657,-0.014654776036892903,0.1669825004769326,0.6749736852492296,2.1057683253124404,50.755287009063444
6 ay,2024+,FLOKI,−2…−1,1349,0.0028410681469281294,0.01906085179587323,-0.08320362611254235,-0.029870947066137542,0.18654598723605934,45.80549368968077
6 ay,2024+,FLOKI,−1…0,6010,-0.0002633950041086626,-0.015108608636576516,-0.009986207495199604,-0.1336713253399581,-0.41766635811659963,45.983333333333334
6 ay,2024+,FLOKI,0…1,5755,-0.010991168426396155,-0.004508101767208345,-0.02221910145074178,0.004344413778001126,-0.13625446083838444,46.40557006092254
6 ay,2024+,FLOKI,1…2,1347,0.030970554940052877,0.01911634811876822,0.08256550837696817,0.23089922484383282,1.237280902950069,49.330357142857146
6 ay,2024+,FLOKI,2…3,275,0.015371982586104917,0.09985684645727874,0.278169334745371,0.6107873943833717,1.7144614257007966,49.81818181818182
6 ay,2024+,FLOKI,≥3,72,0.17189964912757966,0.5932190697397468,0.7924764870771748,1.6054733211136967,2.79868857183801,58.333333333333336
6 ay,22-06→23,LINK,≤−2,91,0.12025789992723063,-0.23548277569510803,-0.042384479306532837,-1.088740770903177,-4.385862855494387,45.05494505494506
6 ay,22-06→23,LINK,−2…−1,502,0.030652467484965095,0.006664924737167745,-0.03581912462624632,0.126816366531406,0.33154443212411144,50.199203187250994
6 ay,22-06→23,LINK,−1…0,5203,-0.019042564487134688,-0.053623571606259794,-0.05266317003209409,-0.08384685753136316,-0.2511963718530756,50.2402460119162
6 ay,22-06→23,LINK,0…1,6939,0.0068310319010945605,0.03613904144071127,0.034027349132952585,0.04041038649048824,0.16720743230328705,50.88629485516645
6 ay,22-06→23,LINK,1…2,577,0.012166049517271616,0.029721701420006512,-0.019494608237239718,-0.19241238851409148,-0.8365949767743753,50.25996533795494
6 ay,22-06→23,LINK,2…3,130,0.15310724501224102,0.2684343653540874,0.40563935123287453,0.6903059863499924,2.2303763776768064,64.61538461538461
6 ay,22-06→23,LINK,≥3,112,-0.014078815437686494,-0.05114387799021599,0.16289428138670786,1.8977079640958916,5.1086333698532,72.32142857142857
6 ay,2024+,LINK,≤−2,236,0.006208051386343435,0.15527882982100671,0.32610078187609054,0.6694872077168453,2.0213176263063266,50.847457627118644
6 ay,2024+,LINK,−2…−1,1790,-0.030369724224795766,-0.05699139646680443,-0.09486947075495517,-0.02995068254907636,-0.269113093819782,48.547486033519554
6 ay,2024+,LINK,−1…0,10934,-0.0021741632688175114,-0.02571184496980408,-0.053338248437554345,-0.12949217339218094,-0.2935693227595379,49.21288669229361
6 ay,2024+,LINK,0…1,8917,-0.008154154919054326,-0.0028160473107887965,0.0024623402656302976,0.012380814935605073,0.031509695127913656,48.426966292134836
6 ay,2024+,LINK,1…2,2037,0.04364958615954316,0.12451412393970182,0.23204706438870126,0.49234931292004325,1.133726895814967,51.00638193421698
6 ay,2024+,LINK,2…3,272,0.18214604148855348,0.2906790321992182,0.4335726052413021,0.2111473540343431,1.356297318970268,49.26470588235294
6 ay,2024+,LINK,≥3,80,0.13631710284939227,0.48594824187988706,0.7924903686971484,1.7488417947785746,3.3266333993303947,56.25
6 ay,22-06→23,NEAR,≤−2,209,-0.055894528144769494,-0.15130169877179186,-0.2024947670110962,-1.0472013481266127,-2.53845677236888,44.97607655502392
6 ay,22-06→23,NEAR,−2…−1,1253,-0.04541503052912343,-0.1463158008634891,-0.23527741001092015,-0.4293191858206225,-0.5869706868593219,43.335993615323225
6 ay,22-06→23,NEAR,−1…0,4328,-0.0011585623078403677,-0.018588727434874806,-0.01629592404970896,-0.05576155551040944,-0.17110203852799094,47.06561922365989
6 ay,22-06→23,NEAR,0…1,3265,0.0014387067264576554,0.019997096923636878,0.02234841112165396,0.0480521290389405,0.09360011109248462,49.218989280245026
6 ay,22-06→23,NEAR,1…2,1117,0.03149407832369618,0.11804441129837558,0.1848918647541725,0.4066174050416234,0.9196449411579115,51.02954341987467
6 ay,22-06→23,NEAR,2…3,292,0.054000689627154784,0.2040354332862585,0.18974203271286758,0.47022624570324695,0.10583018204025872,54.45205479452054
6 ay,22-06→23,NEAR,≥3,122,0.14718674576229082,0.3170761513757956,0.5963632093555252,2.0471321914079605,5.268780193957903,68.0327868852459
6 ay,2024+,NEAR,≤−2,264,0.025154681878581456,-0.060194121889932936,-0.023237600583221836,-0.13004877406469967,1.3039577362528425,47.34848484848485
6 ay,2024+,NEAR,−2…−1,1406,0.012290933899443359,0.04925052064360875,0.06342010907271525,0.08443711009700203,0.2691311994521382,49.217638691322904
6 ay,2024+,NEAR,−1…0,10477,-0.015612188045247655,-0.06726456728716966,-0.14554709324312598,-0.27495134710565694,-0.6878910837790688,46.74245319067635
6 ay,2024+,NEAR,0…1,9917,0.004394486961333829,0.021562870741174193,0.07794442733549081,0.15156598014246378,0.32462614501441583,49.505150474651586
6 ay,2024+,NEAR,1…2,1798,0.047086658477353396,0.18032234951427492,0.2856773958170476,0.44322237280060006,1.283182390575599,51.75292153589316
6 ay,2024+,NEAR,2…3,307,0.00938735322424787,0.20816296535265486,0.15591532841055353,0.7434348602989455,2.226594856439239,55.700325732899024
6 ay,2024+,NEAR,≥3,96,0.08845754289305492,0.5130480805330201,1.1163111971918547,2.794724579724809,3.0385451766692,62.5
6 ay,22-06→23,OP,≤−2,75,-0.011052518683751981,0.15946507623040146,-0.38865451153075203,-1.59975010728338,-3.7114794741810635,42.66666666666667
6 ay,22-06→23,OP,−2…−1,667,-0.11140977047184404,0.016704092806447718,0.07229990569911807,0.06782010488024082,-0.47577377745553867,52.92353823088456
6 ay,22-06→23,OP,−1…0,4890,-0.013606611994025576,-0.02459344114356775,-0.014641144712156821,-0.0972752214036028,-0.19241180902014493,48.466257668711656
6 ay,22-06→23,OP,0…1,6415,0.01565982227410207,0.013343212358677347,-0.0036166368905005955,-0.03352796371010455,0.030406133249170214,48.32424006235386
6 ay,22-06→23,OP,1…2,588,0.008385702903754625,-0.06121778974920633,-0.0659619327199791,0.21610836907932052,-0.25041472832639156,49.14965986394558
6 ay,22-06→23,OP,2…3,95,0.1831351622734055,-0.34583467662689676,-0.44931487633408157,-0.9291784182370281,-1.3066286535316896,53.68421052631579
6 ay,22-06→23,OP,≥3,71,0.26604499781747,1.1325924499160411,2.213964848585747,10.235256291111922,22.71709934905538,76.05633802816901
6 ay,2024+,OP,≤−2,475,-0.03298352997419953,0.05335860358179538,0.038313627318984855,0.286943100216803,1.0185948229499682,51.368421052631575
6 ay,2024+,OP,−2…−1,2643,-0.019251735017695337,-0.04869089763166756,-0.03936224313903585,-0.10294018632101978,-0.14065604762070472,45.47862277714718
6 ay,2024+,OP,−1…0,8420,-0.006105449298246621,-0.031032340773366696,-0.07033822298353448,-0.17614727232106742,-0.23749533052492217,46.05310155970949
6 ay,2024+,OP,0…1,9276,0.001509142576524322,-0.014250288234888577,-0.018438295838138996,0.014829384692695444,-0.1525536965463892,47.681190681622084
6 ay,2024+,OP,1…2,2816,0.003502277598537406,0.10701180394632444,0.20257562040530017,0.3780528687288746,0.8310724240819196,50.17755681818182
6 ay,2024+,OP,2…3,445,0.1524921794436908,0.3582186759296781,0.4834616894642738,0.6587180123776307,1.7390814787635946,48.31460674157304
6 ay,2024+,OP,≥3,100,0.26232559064264993,0.3594854041737239,0.6299426233040336,1.200094313488895,1.7323040096711457,56.00000000000001
6 ay,2024+,PEPE,≤−2,183,0.003829318261295976,0.3247585865302771,0.43099436348949466,0.5570046880973861,1.7850443961452176,49.72677595628415
6 ay,2024+,PEPE,−2…−1,2155,0.0227513415898326,-0.003903971192199007,0.01346165978430002,0.01809399691296376,0.9811465990092891,45.614849187935036
6 ay,2024+,PEPE,−1…0,4825,-0.007285516775247901,-0.023695711418857998,-0.07304910914825317,-0.053325878058496604,-0.3168062892591945,45.109034267912776
6 ay,2024+,PEPE,0…1,6878,-0.004393918648769121,-0.004299510930990598,-0.009597091206628314,-0.09114206621858799,-0.31445685803254575,44.99635833940277
6 ay,2024+,PEPE,1…2,1349,0.014243417063596006,0.046679832430419614,0.14683921198937333,0.46406502960469953,0.7311048466755734,50.55679287305123
6 ay,2024+,PEPE,2…3,160,0.002866210103112627,0.05725807283118308,0.5492187903459776,0.5322002106826309,1.0811603339596636,53.75
6 ay,22-06→23,SHIB,≤−2,151,0.1305854191180393,0.10984460783897854,0.1563606577836183,0.005485980834312267,-1.3216873601942465,47.019867549668874
6 ay,22-06→23,SHIB,−2…−1,1390,0.01684050394374434,0.03473371755151308,0.0993042005212822,0.463957284277005,0.8400892539579291,54.74820143884892
6 ay,22-06→23,SHIB,−1…0,4681,-0.009832497194228563,-0.015129747081389337,-0.03479759669997518,0.007168956498431259,0.24961886063492475,49.07071138645588
6 ay,22-06→23,SHIB,0…1,5655,-0.007782428794150268,-0.007279426523601931,-0.008475872013576448,-0.13815051728056973,-0.462557699695036,46.312997347480106
6 ay,22-06→23,SHIB,1…2,1403,0.029922613113548525,0.022390380780519855,0.03926874310079136,-0.0013462554874510164,0.14089506756634157,50.17818959372773
6 ay,22-06→23,SHIB,2…3,181,-0.015570568912637682,0.021774854161289235,-0.19814153827513795,-0.238175218619151,-0.1988559185411185,53.591160220994475
6 ay,22-06→23,SHIB,≥3,93,0.08328712046617139,0.1265177103268901,0.3219879591058032,1.5801375550581511,3.4136104837797854,76.34408602150538
6 ay,2024+,SHIB,≤−2,500,0.04451008841571287,0.13369864537136036,0.20174685340435686,0.4725186426145508,1.0445341104236432,52.400000000000006
6 ay,2024+,SHIB,−2…−1,2799,0.01052942488961505,-0.021230582006348957,-0.05125566221470055,-0.002609759678080532,0.3294548930708424,48.32022873481058
6 ay,2024+,SHIB,−1…0,8405,-0.019813951074598657,-0.06264453456752071,-0.11871151965521971,-0.3259758346239948,-0.65410590483903,44.74749880895665
6 ay,2024+,SHIB,0…1,9556,-0.00047269154723540805,0.014130338324761186,0.04968784681654169,0.1541736597984253,0.04205288139110335,47.37613910128836
6 ay,2024+,SHIB,1…2,2583,0.04431457655981552,0.12295720413099633,0.21656224229662707,0.4500398745917165,1.479801763763018,49.5733126454616
6 ay,2024+,SHIB,2…3,373,0.03566645873361438,0.1625677774088869,-0.08061499369448348,-0.2381104248107187,-0.7871426095411357,50.0
6 ay,2024+,SHIB,≥3,50,-0.1692406454153841,0.11650803253673997,0.7208743173260603,-0.7117150997673961,2.4741413430630805,42.0
6 ay,22-06→23,SUI,≤−2,103,0.11309906388931763,-0.09705055687793851,-0.10495737429647072,0.1456953270421718,0.33963568694123386,44.66019417475729
6 ay,22-06→23,SUI,−2…−1,452,-0.03180394824839403,-0.09368364772979278,-0.04424101979360741,0.008596482121603074,-0.2378579693958845,48.451327433628315
6 ay,22-06→23,SUI,−1…0,1601,-0.007853516107629448,0.03367223735493614,0.002704387987403163,-0.07681590758294732,-0.22838690225135044,47.09556527170518
6 ay,22-06→23,SUI,0…1,1678,-0.011170801804285148,-0.013290062343591008,0.03205309870143767,-0.029679519171355136,0.05124712686117522,46.96066746126341
6 ay,22-06→23,SUI,1…2,420,0.09181432334103751,0.06605740066725224,0.027210446936096925,0.3510371706421006,0.557065468068515,52.142857142857146
6 ay,22-06→23,SUI,2…3,89,0.014745493242568342,-0.04424814401398529,-0.5383423163890758,0.0790964893107107,1.2360124672584885,46.06741573033708
6 ay,22-06→23,SUI,≥3,22,-0.2650044981020328,-0.1396970328824698,0.4171274616304211,-0.026496664218694333,0.373248721298736,40.909090909090914
6 ay,2024+,SUI,≤−2,210,0.0075370480222585155,0.04391685303707784,0.0014188970604028296,0.07925083685426382,1.5344640452027447,50.0
6 ay,2024+,SUI,−2…−1,1710,-0.04239057310360214,-0.1404704062388009,-0.1942537997458698,-0.3128606725357851,-0.6313990536390323,44.587478057343475
6 ay,2024+,SUI,−1…0,10613,-0.01316725160604525,-0.055570597682381075,-0.118629032232235,-0.3040385411911644,-0.6998447526992799,45.660377358490564
6 ay,2024+,SUI,0…1,9564,0.013588210188285474,0.04110101352359943,0.09629545441373917,0.2675842963795425,0.5433325771173808,48.586979275696045
6 ay,2024+,SUI,1…2,1978,0.029755085570468066,0.1551147682569853,0.24187091418749235,0.45119026726022926,1.2536489490116614,49.266565503287815
6 ay,2024+,SUI,2…3,155,0.06350346156746768,0.5517625284418627,0.849534955614136,1.5914528036485827,2.4616419718900135,58.06451612903226
6 ay,2024+,SUI,≥3,36,0.33240468533683143,0.9737841857611211,1.6417832995305155,1.2685011028181288,4.246335747853457,63.888888888888886
6 ay,22-06→23,SOL,≤−2,95,-0.49816736602094486,-0.45364891877504754,-0.9106179707740834,-0.756212991613808,-5.033162254162982,44.21052631578947
6 ay,22-06→23,SOL,−2…−1,605,0.012968329273950788,-0.11790425589868186,-0.3124150538456269,-0.17392170664678142,1.239222088294475,50.247933884297524
6 ay,22-06→23,SOL,−1…0,5227,-0.0031006487898667685,0.004348954653887228,0.008216950927403158,-0.02750332999139852,0.3861930289040373,47.86684522670748
6 ay,22-06→23,SOL,0…1,6612,0.013035227403314587,0.004318827230689968,0.014744347489662954,-0.01954782755316806,-0.4409799239688186,48.457350272232304
6 ay,22-06→23,SOL,1…2,849,-0.03941618992668053,0.07631129535101987,0.202655714905714,0.42049091048678644,0.17628482838116766,49.705535924617195
6 ay,22-06→23,SOL,2…3,83,-0.09934293161325539,-0.05035929721273447,-0.110978289731943,-0.5294943447413849,1.568521517463419,56.62650602409639
6 ay,22-06→23,SOL,≥3,83,0.1350365875520366,0.03050822159979006,-0.33449779766561544,1.650894650378977,4.165014947984058,69.87951807228916
6 ay,2024+,SOL,≤−2,698,0.010904797311549008,0.07752921800548043,0.12171171169952527,0.7093120793361372,1.8927423394426823,59.02578796561605
6 ay,2024+,SOL,−2…−1,3191,-0.019702915401153168,-0.05428734910666105,-0.10013512920364386,-0.257461848612396,-0.8129956640629553,47.66530868066437
6 ay,2024+,SOL,−1…0,8375,-0.003394754809643177,-0.011067428019369214,-0.025078098148981404,-0.03595805189031995,0.06208450855420332,50.09564801530368
6 ay,2024+,SOL,0…1,9430,0.00270031949417173,0.012620942809133062,0.02598088405687365,0.050290410083517124,0.028208243634643936,50.29736618521665
6 ay,2024+,SOL,1…2,2195,0.008464394276965772,0.027925818646124357,0.06653112917794358,0.04985560724735616,0.1330311706652839,49.521640091116176
6 ay,2024+,SOL,2…3,281,0.06567621304574194,0.029079968631898753,0.04269173063198462,0.15515097477525733,-0.13659585976933805,54.092526690391466
6 ay,2024+,SOL,≥3,96,0.2206912750930011,0.24235182864290722,0.43123863655886674,0.006761358228918551,2.4680081094308624,47.91666666666667
6 ay,22-06→23,ZEC,≤−2,119,0.042547153211129084,-0.21018703514437015,-0.44181575969201875,-0.7368178204023095,0.6650702497571442,41.17647058823529
6 ay,22-06→23,ZEC,−2…−1,1087,-0.014844222305039415,-0.058400091046880244,-0.14858361870420403,-0.1707358921083416,-0.05918633213269817,49.494020239190434
6 ay,22-06→23,ZEC,−1…0,6622,-0.012118744371134372,-0.01546311092465237,-0.015387946259470722,-0.01264131883706147,0.018839472735517275,49.95469646632437
6 ay,22-06→23,ZEC,0…1,4607,0.01812921024685252,0.036239933039867556,0.05995581862423781,0.054394789240953825,-0.008201772817387383,50.379856739743865
6 ay,22-06→23,ZEC,1…2,883,-0.019201800014192884,-0.030540072632135054,-0.015900144933095058,-0.15639291937221597,-0.7746192076093869,49.263873159682895
6 ay,22-06→23,ZEC,2…3,154,0.04896861657367987,0.08413060975046456,0.10116374310853316,0.4828671864544014,0.6653653218640383,59.09090909090909
6 ay,22-06→23,ZEC,≥3,83,0.2074172830366427,0.4571478965195275,0.4605976409684358,2.0496223584009368,5.780063409328656,66.26506024096386
6 ay,2024+,ZEC,≤−2,126,-0.026544220681839592,-0.2558295662380572,0.02964379317458596,0.25606687139295503,-0.0872491410640313,46.03174603174603
6 ay,2024+,ZEC,−2…−1,850,0.030789729117292518,-0.05906357191405177,-0.17825919230226855,-0.5608319983596687,-2.3048479210084647,47.294117647058826
6 ay,2024+,ZEC,−1…0,15107,-0.000807642847630791,-0.022623302266702783,-0.04061936776532083,-0.0702839900776163,-0.23827189549016012,49.529302572262004
6 ay,2024+,ZEC,0…1,6845,0.007713889863647153,0.09220607227303526,0.1419017449223916,0.3968716716778402,1.0799485558908422,51.921671781382436
6 ay,2024+,ZEC,1…2,766,0.008346895911923164,-0.028138581414710682,0.06965934944175979,-0.2544033049220736,0.29933641725577825,51.82767624020887
6 ay,2024+,ZEC,2…3,159,-0.008182357321912881,-0.18637336453528852,-0.30229638870306313,-0.7649283304228782,-0.2740630687403097,45.28301886792453
6 ay,2024+,ZEC,≥3,412,-0.16631445704208103,-0.37831886912491,-0.5231916743316164,-2.171577267094529,-4.825781432959421,41.019417475728154
6 ay,22-06→23,XRP,−1…0,771,-0.013818381256532676,-0.0620620200493337,-0.05663885735945918,-0.020964364111188148,-0.23115437629065805,52.39948119325552
6 ay,22-06→23,XRP,0…1,2238,0.005615011947156,0.022286952989274623,0.02278681540259539,0.005542697196320189,0.0703086820765122,50.402144772117964
6 ay,2024+,XRP,≤−2,458,0.06049155838566001,0.09873949560541748,0.14620654700668015,0.3529952586256287,0.8041033824245779,53.930131004366814
6 ay,2024+,XRP,−2…−1,2301,-0.042769595347224576,-0.15887353904611404,-0.29577658013900093,-0.5858324042012973,-1.1217004259933303,44.024337244676225
6 ay,2024+,XRP,−1…0,9515,-0.005861943494961515,-0.016850021011005814,-0.044567219892535856,-0.14749975180938635,-0.4671615820622286,47.23216165017891
6 ay,2024+,XRP,0…1,9288,-0.003099380732095446,-0.008097354583316705,0.008445953231548026,0.010949093789477969,-0.1182909998153743,48.21043553255714
6 ay,2024+,XRP,1…2,2297,0.04583511620639404,0.16106013967067712,0.3019390716295318,0.7353194099352375,1.6172743766741147,55.33304309969525
6 ay,2024+,XRP,2…3,289,0.1657271747969056,0.5642455569916556,0.8908741931782255,2.278579749928044,9.59391867139362,58.47750865051903
6 ay,2024+,XRP,≥3,118,0.01765905916078713,0.19308389334433912,0.0671070172823408,1.1760097370152,10.730539687436476,45.76271186440678
6 ay,22-06→23,UNI,≤−2,114,-0.05539032352090542,0.2946866380928348,0.6047559544084999,1.0408043677532364,2.1305700985317486,58.77192982456141
6 ay,22-06→23,UNI,−2…−1,812,-0.03293514920084027,-0.04056762139431898,-0.08670854670545201,0.15267011476188191,-0.3437262944267917,52.58620689655172
6 ay,22-06→23,UNI,−1…0,5211,-0.015763040046338345,-0.019393453140954406,-0.052087652881032225,-0.0997167816455447,0.046643710427551194,49.76012281711763
6 ay,22-06→23,UNI,0…1,5834,0.017231045944573028,0.0021294929985758533,0.01322427698373567,-0.047961776268944774,-0.15447596949095646,49.914295509084674
6 ay,22-06→23,UNI,1…2,1294,0.006025840639363219,0.05993448434316335,0.12974200652761575,0.2340911406234524,-0.0010286958244793386,52.39567233384853
6 ay,22-06→23,UNI,2…3,184,0.013260253802516083,-0.04062218118216258,-0.06289515628564057,-0.16885883733300575,0.5038561606381741,51.08695652173913
6 ay,22-06→23,UNI,≥3,105,0.042245649393301166,0.17049250086562076,0.37552419687644023,2.7139943895234895,5.742807520511023,74.28571428571429
6 ay,2024+,UNI,≤−2,438,0.029601996480812805,0.0678370292627095,0.052084254900732624,0.2143294831240466,0.2596127313882533,50.68493150684932
6 ay,2024+,UNI,−2…−1,2107,-0.024128576933285694,-0.10768430493577491,-0.16472369360164157,-0.4802468736550817,-1.2700261134455617,45.60987185571903
6 ay,2024+,UNI,−1…0,9948,-0.014714443241703202,-0.049504045762225064,-0.05104426493918719,-0.09614967808796802,-0.32057223310574146,47.24821410604689
6 ay,2024+,UNI,0…1,9168,0.005761401252254425,0.0214124449812803,0.014012803225582387,0.05579856042639819,0.14518148519988092,48.74344405594406
6 ay,2024+,UNI,1…2,2110,0.04253880246155707,0.16395795705164382,0.26928334773270574,0.6197462536907467,1.7987788622169214,54.644549763033176
6 ay,2024+,UNI,2…3,384,0.11732898930394886,0.3653115225450632,0.39806738779929973,0.3442392381749205,1.530542179491113,48.95833333333333
6 ay,2024+,UNI,≥3,111,-0.030524020729363756,0.06368899589184508,-0.1597394720348261,-0.6926611537819944,0.5004258284189017,36.03603603603604
6 ay,2024+,PUMP,≤−2,109,0.05830771042500535,-0.30876231660304976,-0.009985683947748335,0.45935470801594214,2.047934493659558,55.04587155963303
6 ay,2024+,PUMP,−2…−1,518,0.09784073362307745,0.013692536056553812,0.07655076058565517,0.5489619830668642,2.4063415921127107,52.90697674418605
6 ay,2024+,PUMP,−1…0,4563,-0.0005831065291062967,0.012708185278388781,-0.05303117396727823,-0.16982410769005737,-0.33933275570594046,49.50603732162459
6 ay,2024+,PUMP,0…1,2601,-0.011399632901457735,-0.0466334687782434,0.014977520735313119,0.04364169274346328,-0.22189386566691766,48.743718592964825
6 ay,2024+,PUMP,1…2,429,-0.02671531702412101,0.20407598998966617,0.3844578950042278,0.646492596466502,1.5042208092784595,51.86915887850467
6 ay,2024+,PUMP,2…3,87,-0.17840889088859774,-0.06496577990747543,-0.13989707431323745,0.3127100526626684,-0.3331702629333363,50.57471264367817
6 ay,22-06→23,AVAX,≤−2,161,0.10708480524138966,0.05886173584650166,0.16216253306696782,-0.7194205159970263,-2.4105310270066895,42.2360248447205
6 ay,22-06→23,AVAX,−2…−1,839,-0.014914197777789493,-0.055509960294083754,-0.16310166603475654,-0.30757900616959755,-0.837477898803207,46.722288438617404
6 ay,22-06→23,AVAX,−1…0,4763,-0.0010793669943317717,0.008186474009281556,0.03176893020537287,0.20385783714508351,0.5911349246208187,49.50661347889985
6 ay,22-06→23,AVAX,0…1,6113,-0.004820980674711719,-0.021819767604294625,-0.03026175014031366,-0.1313997030197173,-0.36068320149200433,48.339604122362175
6 ay,22-06→23,AVAX,1…2,1363,0.009748776432952737,0.06868184800773687,0.06213066163415217,0.010356342896235965,-0.19832448877709874,49.96331621423331
6 ay,22-06→23,AVAX,2…3,205,0.03564298477748857,-0.01886693893169253,-0.01585115634250831,-0.43804493538209827,0.492710449947378,47.3170731707317
6 ay,22-06→23,AVAX,≥3,111,0.08369048642087294,0.37605895964636155,0.5673350383945014,2.5391037105862493,5.849827505942369,72.97297297297297
6 ay,2024+,AVAX,≤−2,391,0.06829680528756608,0.1436735084119306,0.36831973665172374,1.0381769641564162,2.220655476436124,57.289002557544755
6 ay,2024+,AVAX,−2…−1,2435,0.007505956453732275,-0.024606910273434285,-0.07834830825372575,-0.06710441268154432,0.062099676965937656,48.02793755135579
6 ay,2024+,AVAX,−1…0,8895,-0.024860663472826252,-0.06785053573447417,-0.12771864899445523,-0.27598724888421294,-0.44696175627552853,46.376322304749046
6 ay,2024+,AVAX,0…1,10181,0.007425718756265773,0.01446774287155903,0.03067070779651818,0.06690864958578509,-0.1387524826019836,47.649026165650206
6 ay,2024+,AVAX,1…2,1992,0.032298779868468484,0.1464150013969189,0.3227355659756509,0.6094984685397596,1.2353303135213554,52.459839357429715
6 ay,2024+,AVAX,2…3,314,0.031224244284197723,0.39392960656861703,0.5711537719497337,0.9621507439858616,5.2441358908157945,52.547770700636946
6 ay,2024+,AVAX,≥3,58,0.45503943022461085,0.7685220077060586,0.8225441215651096,0.2310004557755793,4.333059103084499,48.275862068965516
6 ay,2024+,MET,≤−2,231,-0.04283414748324393,-0.3234613716776791,-0.5201710351947348,-0.9023104032185557,-0.8490740450565369,48.05194805194805
6 ay,2024+,MET,−2…−1,597,0.004929929064757029,-0.06758532886222687,-0.11385423697289135,0.04478184035568312,0.029051146399205335,48.743718592964825
6 ay,2024+,MET,−1…0,2629,-0.03347162398870903,0.016626617611056653,0.04328358212339989,0.2092791524421018,0.0507320274044442,47.97709923664122
6 ay,2024+,MET,0…1,2361,0.02221483803224689,-0.019401458808532744,0.0019360013410912522,-0.17245540757927547,-0.24030181855910432,46.41943734015345
6 ay,2024+,MET,1…2,596,0.05133218426490615,0.07374845952672787,0.03447619760241398,-0.11110643167095,0.45070399774288106,44.537815126050425
6 ay,2024+,MET,2…3,174,0.0635038929819613,0.3237626350636443,0.23376104421527472,0.6394745462462664,1.893969631663938,45.97701149425287
6 ay,2024+,MET,≥3,41,0.019233776595800035,0.41184832419471284,0.21387752403780022,-0.17542177972726694,0.34963605273880816,41.46341463414634
6 ay,22-06→23,SAND,≤−2,148,0.09246738178339493,0.2525413300103638,0.3803641502812219,0.2913075255996142,1.0365496888218853,55.4054054054054
6 ay,22-06→23,SAND,−2…−1,849,-0.009455132897547227,-0.14133369285803551,-0.14454781391772967,-0.15274177135363348,0.13371108874082,45.34746760895171
6 ay,22-06→23,SAND,−1…0,5384,-0.011785759066801432,-0.03150204483938052,-0.0924136311845415,-0.19581250720101412,-0.3824786778099355,46.87964338781575
6 ay,22-06→23,SAND,0…1,5312,-0.004705533533362284,0.0160083451835563,0.05432959760658851,0.07555951260223258,-0.054178615523717645,49.56701807228915
6 ay,22-06→23,SAND,1…2,970,0.06984877290126297,0.0934703044726164,0.12187738429901716,0.38058595723916855,0.7314697237741027,51.1340206185567
6 ay,22-06→23,SAND,2…3,178,0.008407867590345137,0.15219790675475542,0.26086254466316977,0.007993191218758224,2.6080347097719234,52.80898876404494
6 ay,22-06→23,SAND,≥3,97,0.13961490851183486,0.5095819119002851,1.1415337305754008,3.8026339315336064,9.344083796946428,74.22680412371135
6 ay,2024+,SAND,≤−2,651,-0.007831775000898922,0.021100637801900114,-0.021466545439157388,0.5171944504797986,1.0913332641479208,51.07692307692307
6 ay,2024+,SAND,−2…−1,2032,-0.004164438739617474,-0.06233373292219921,-0.11668537292033765,-0.14762624289637746,-0.21129980976960483,48.12992125984252
6 ay,2024+,SAND,−1…0,8877,-0.004733946517344334,-0.04668464338664299,-0.0793340533129785,-0.2595348155983529,-0.6946549854341686,45.623731107602076
6 ay,2024+,SAND,0…1,9492,-0.000865057030479001,0.0033937368101664422,0.0035844629948046354,-0.04765066169356345,-0.18631471828725882,47.92787092692186
6 ay,2024+,SAND,1…2,2484,0.018985713271285762,0.12542664854977822,0.17295140528882705,0.5997251191996023,2.128906406248687,50.98750503829101
6 ay,2024+,SAND,2…3,503,0.06827670124147672,0.2676299135842372,0.7929708251887049,1.8690220704772502,3.980382260470436,54.980079681274894
6 ay,2024+,SAND,≥3,191,-0.09274503602944625,0.2556070766646168,0.4838799378914002,1.5211514794493963,1.8586139515015285,50.78534031413613
6 ay,2024+,ENA,≤−2,142,0.04658684463466572,0.19092445787851417,0.13882832070147275,0.32177160647147074,0.6768721677000383,49.29577464788733
6 ay,2024+,ENA,−2…−1,658,-0.005033556787243328,-0.2771520342412497,-0.4042556913536302,-0.5873307074126208,0.4619782515682869,39.66565349544073
6 ay,2024+,ENA,−1…0,5296,-0.02258421200269468,-0.08700975110830778,-0.08955089309135708,-0.1797279095750404,-0.5172308704875519,43.59508041627247
6 ay,2024+,ENA,0…1,3831,0.02195944219179273,0.14177369721188174,0.15202535724465904,0.27450240906425344,0.4139146807903224,44.60450497642745
6 ay,2024+,ENA,1…2,588,0.02164719530973182,0.003503421190832273,0.006638957410022529,0.03778801725921135,0.6797924483190828,44.122657580919935
6 ay,2024+,ENA,2…3,114,0.0632371343721655,0.16470314196258387,0.4874327791507251,0.8911741056424979,0.4298766559157019,51.75438596491229
6 ay,2024+,ENA,≥3,37,0.32955025872546173,1.4083708556764112,2.1239658516629145,3.211038580565488,8.649794821902525,62.16216216216216
6 ay,2024+,WLD,≤−2,126,0.11566717466187121,0.14553230016489557,0.3583899931520708,0.908093009749137,4.251768480904448,51.587301587301596
6 ay,2024+,WLD,−2…−1,833,-0.009501763387562508,-0.07968420759042488,-0.01962765559109148,0.33628036247515614,2.033141250462788,45.01800720288116
6 ay,2024+,WLD,−1…0,6229,-0.010368805306154152,-0.03063222537728982,-0.04944471420755497,-0.17755572549410453,-0.7093757472500146,43.737926593689636
6 ay,2024+,WLD,0…1,3796,0.02598812386472712,0.052102668536051895,0.03965053393312885,0.10841331782332975,0.3655573169747613,46.6754617414248
6 ay,2024+,WLD,1…2,443,-0.09352524607473849,0.03527893623438285,0.14793698734765992,0.40181097928562737,1.5498345171642447,50.34013605442177
6 ay,2024+,WLD,2…3,72,0.0037831875443455763,0.15270229677055688,0.3606556107426542,1.2711849902758536,0.7889577748312355,61.111111111111114
6 ay,2024+,WLD,≥3,26,0.015993532818377617,0.549614691082087,1.4192421022634576,1.1086334570745253,2.690399396264265,42.30769230769231
6 ay,22-06→23,QNT,≤−2,118,0.33812941557378223,0.32570716155518636,0.27378988490386813,-0.8083942035257786,-0.796921000363807,40.67796610169492
6 ay,22-06→23,QNT,−2…−1,1099,8.412321939945419e-05,-0.034387246362785825,-0.015794187847447478,0.1493912153654778,-0.08181432519747713,45.040946314831665
6 ay,22-06→23,QNT,−1…0,5363,-0.021081023205692634,-0.01616652949744266,-0.024514621673402136,-0.12189743754590095,-0.11333360450275012,45.10535148237926
6 ay,22-06→23,QNT,0…1,5725,0.0026121873483203944,-0.008480412025562241,-0.0017287580883002993,0.019361006278700334,-0.03342559133273585,48.68122270742358
6 ay,22-06→23,QNT,1…2,1024,0.05161180564343151,0.13012200769871884,0.11830319227075564,0.41869711441960433,0.7769654551144056,54.39453125
6 ay,22-06→23,QNT,2…3,135,-0.04467404586692478,-0.270255924798222,-0.12201944024212408,-0.7302285936892475,-0.7391213346296774,46.666666666666664
6 ay,22-06→23,QNT,≥3,91,0.12408285319044002,0.415925375764728,0.23900898530874867,1.581744856317176,3.157022053856832,68.13186813186813
6 ay,2024+,QNT,≤−2,452,-0.0498519733001396,-0.0759935623464344,-0.2469798428448337,-0.42506637206089665,-0.7979186435268953,45.35398230088495
6 ay,2024+,QNT,−2…−1,2490,0.0019743000424042507,-0.02665651619220393,-0.03182099396504757,-0.025756744413360445,-0.09801486453839764,44.41767068273093
6 ay,2024+,QNT,−1…0,9630,-0.01574456909824361,-0.034240794561255505,-0.06053803128384308,-0.13192263716968966,-0.38552434581550743,44.748336106489184
6 ay,2024+,QNT,0…1,9165,0.013275371269645645,0.016962520023927834,0.012564632715523496,0.056537670842874796,0.14635951316445198,46.39501857111645
6 ay,2024+,QNT,1…2,2081,0.022659547969542334,0.10537619584552815,0.26480027062593514,0.4142035275596761,1.0921143538796272,48.58241230177799
6 ay,2024+,QNT,2…3,349,0.0207834174494161,0.07167019466256691,0.06979509658379551,0.2959184002350827,1.6984109989720928,49.28366762177651
6 ay,2024+,QNT,≥3,98,-0.07011136323265464,0.31256747213624947,0.8465526550469119,0.42911705464410543,1.1255702457964523,46.93877551020408
6 ay,2024+,TAO,≤−2,37,-0.12684804820994824,-0.06331959361679856,-0.09714607832402411,-0.3996587929938438,-1.433835954679059,51.35135135135135
6 ay,2024+,TAO,−2…−1,427,0.01791255725592124,-0.16394111411899775,-0.31357544479428834,-0.5407821894147834,-0.5674112134093238,41.88235294117647
6 ay,2024+,TAO,−1…0,8534,-0.012474252661233157,-0.03601018385500713,-0.06526499207286904,-0.1655108288683785,-0.5583810228005218,45.79373460049278
6 ay,2024+,TAO,0…1,3795,0.010367134883774772,0.0512434403949875,0.08793035993798143,0.26628094946901304,0.9516632727865407,48.797250859106526
6 ay,2024+,TAO,1…2,295,0.17252733003487225,0.3076038467785489,0.7346404549926877,1.6497553829811475,3.641202756671407,60.67796610169491
6 ay,2024+,TAO,2…3,41,-0.08421661724952402,0.11719695518696137,0.4321554682986956,3.390181930663131,8.302286593248562,58.536585365853654
6 ay,2024+,TAO,≥3,56,0.29856193596546593,1.5967642004403648,2.249168365391798,0.3973655590953948,1.796220009483553,51.78571428571429
6 ay,22-06→23,LTC,≤−2,110,0.06447364101432149,0.27389865844727834,0.7435339662441169,2.3718083932279774,0.8824487303991713,54.54545454545454
6 ay,22-06→23,LTC,−2…−1,592,-0.013916999725748495,0.016957921330094213,-0.060430418228119336,0.1893963977355017,0.330378030775667,50.0
6 ay,22-06→23,LTC,−1…0,4879,-0.009712962547274629,-0.0285426868914903,-0.017081219116112836,-0.01696588452290246,0.09313061584364374,50.6251281000205
6 ay,22-06→23,LTC,0…1,6917,0.0023388768376733024,-0.007153808637629669,-0.03019108104931658,-0.14108504421511914,-0.37382752370237454,50.93248518143704
6 ay,22-06→23,LTC,1…2,807,0.03858998445657205,0.13392546492451432,0.22819112415955403,0.2751215288140879,0.22976690378386874,50.06195786864932
6 ay,22-06→23,LTC,2…3,138,-0.04998220353813401,0.19531163467289545,0.048293465480788084,1.039294564129389,5.534612175176564,67.3913043478261
6 ay,22-06→23,LTC,≥3,111,0.0730966048634528,0.1220168113018617,0.49857938339389435,2.8846350189720757,8.013776402316525,71.17117117117117
6 ay,2024+,LTC,≤−2,460,0.03559256332206884,0.0855233511905746,0.21830191440273145,0.5513293061583457,0.9987514547394768,58.47826086956521
6 ay,2024+,LTC,−2…−1,2160,-0.014048994436461097,-0.058787362482422785,-0.13287223091538236,-0.3163129154160398,-1.1308728085072237,50.55555555555556
6 ay,2024+,LTC,−1…0,9872,-0.01070223405333392,-0.04779740903729992,-0.09034110209998153,-0.20608500445008235,-0.45245408298519635,48.84334415584416
6 ay,2024+,LTC,0…1,9184,0.005913590524420882,0.022281037467912344,0.0514879676075655,0.12088167806725925,0.3082459429654815,52.56675749318801
6 ay,2024+,LTC,1…2,2168,0.01597735807412357,0.10166220787743488,0.17264519857840946,0.4248620793642903,0.9217046872345973,53.73616236162362
6 ay,2024+,LTC,2…3,294,0.09594645833867876,0.4680812821086607,0.7589427582758785,1.4244284024286773,3.2166833208904433,58.50340136054422
6 ay,2024+,LTC,≥3,128,0.019114941628572444,-0.025402019102456437,0.059481487066569624,0.09238973189767609,5.382963206301648,51.5625
6 ay,2024+,RAY,≤−2,49,-0.2960321742896636,-0.30387414538196,-0.6766023237691886,-0.40200606972750247,-0.13278993801427474,44.89795918367347
6 ay,2024+,RAY,−2…−1,279,-0.07871140624507221,-0.24699335717749366,-0.21213013677870812,-0.3221337185352152,-0.6857731212047903,52.32974910394266
6 ay,2024+,RAY,−1…0,1764,-0.009940017277517185,-0.057854481705046056,-0.08877569322805184,-0.12231103039248943,0.1455249187686719,50.42832667047401
6 ay,2024+,RAY,0…1,1659,0.019756318615421112,0.04521366514512702,-0.022168249741421654,0.05652443056303937,-0.17137789719613056,50.51608986035215
6 ay,2024+,RAY,1…2,206,0.05452759373023219,0.43399899306101625,1.3338572302482041,1.2469836040991662,1.2632498539680885,57.28155339805825
6 ay,2024+,RAY,2…3,43,0.12360636996424261,0.35894644687000604,0.08574555264755047,-0.6783831773069716,-0.3302405591953099,53.48837209302325
6 ay,22-06→23,AAVE,≤−2,93,0.15055196577740984,0.16257827893068807,0.46256211316634926,-0.45202107054953267,-2.2970965421161114,49.46236559139785
6 ay,22-06→23,AAVE,−2…−1,851,-0.0357789437674684,-0.049272841272345796,-0.08529804187828065,-0.2491483094583145,-0.015664050663731326,48.766157461809634
6 ay,22-06→23,AAVE,−1…0,5210,-0.018416359768642386,-0.06141251064156947,-0.08930912082760924,-0.03606767784570847,0.03803060894822302,51.381957773512475
6 ay,22-06→23,AAVE,0…1,5860,0.01613298534681883,0.0418848924368384,0.044072651372903435,0.013729416043441363,-0.06429413259345435,49.19795221843003
6 ay,22-06→23,AAVE,1…2,1290,0.021272741435691366,0.10604816495235216,0.17743350435166438,0.12340842403753419,-0.10630335641670799,50.542635658914726
6 ay,22-06→23,AAVE,2…3,147,-0.11499537055284373,-0.32612208338013116,-0.3745011705993599,-0.9353789363155588,-1.287186943677784,45.57823129251701
6 ay,22-06→23,AAVE,≥3,103,0.07105797679913772,0.12099934187632219,0.609394087815877,3.2992740883657765,7.1061363146332175,76.69902912621359
6 ay,2024+,AAVE,≤−2,815,0.009441418447763972,0.04417655546218373,0.02531781212127606,-0.3831164618217617,-0.17321167877215976,48.09815950920245
6 ay,2024+,AAVE,−2…−1,3189,0.001183016681409318,-0.009022858592400701,-0.025478581238166716,-0.10229554002574426,-0.9450573599131769,49.027603513174405
6 ay,2024+,AAVE,−1…0,8310,-0.005653874378394068,-0.01989140510803685,-0.04111929080029394,0.0027805380300081244,0.060849596119715195,49.63855421686747
6 ay,2024+,AAVE,0…1,8962,0.0032163127414874234,-0.00760248542219788,0.006397070503804541,-0.0040765528630848195,0.04098690442988018,48.273550117331546
6 ay,2024+,AAVE,1…2,2462,-0.013421223653486771,0.05115883652065644,0.07907489335739347,0.31402273002918374,0.8580056445128221,51.80820804550995
6 ay,2024+,AAVE,2…3,397,0.09472178465845564,0.13756961355064168,0.2315157841025227,-0.16444911272477544,-0.14198023462123457,51.385390428211586
6 ay,2024+,AAVE,≥3,131,0.016227010160939262,0.3476662105230856,0.443411214534959,-0.4256712743557044,1.7644804312403124,41.221374045801525
6 ay,2024+,ONDO,≤−2,65,-0.001616367588208793,-0.08483367215515583,-0.006055310446858987,0.5539188770891688,0.9736311313499028,43.07692307692308
6 ay,2024+,ONDO,−2…−1,645,0.02363484504797063,-0.03704941415078319,0.0417911494713927,0.26900690132957794,0.9058672303205171,48.68217054263566
6 ay,2024+,ONDO,−1…0,6343,-0.015310456495657517,-0.02723184707020536,-0.03897205221055483,-0.14512155681005265,-0.4159833563285732,45.69850039463299
6 ay,2024+,ONDO,0…1,4002,0.01235398912559626,0.029289545911046714,0.028037974379174258,0.073658185364378,0.21192780182134408,48.657465495608534
6 ay,2024+,ONDO,1…2,810,0.025890848399287163,0.0292878854486486,0.029747347301185553,0.35284842048292686,1.1757386303949096,51.11111111111111
6 ay,2024+,ONDO,2…3,98,0.0941184553297703,0.3452339199141564,0.454374416722428,0.6885429760039011,1.3633743614720473,63.26530612244898
6 ay,2024+,ONDO,≥3,25,0.09343990462007029,1.09612790504976,1.591612599455472,2.5207433242684045,2.88913535031322,56.00000000000001
6 ay,2024+,ORCA,≤−2,246,-0.19039396700521816,-0.028291632870083558,-0.07279016403674428,-0.4831780431727018,-1.089342598254392,52.84552845528455
6 ay,2024+,ORCA,−2…−1,958,-0.01794650061236352,-0.11952596806881634,-0.18214803054706863,-0.44465266533462555,-0.938517365746478,43.03664921465968
6 ay,2024+,ORCA,−1…0,6104,-0.014251183468998,0.04027790349348448,0.07974904524499303,0.06809736041575921,0.374296053823859,45.60367454068241
6 ay,2024+,ORCA,0…1,6693,0.0242912387807669,-0.018369165820133225,-0.03454387522222135,-0.009057286669234043,-0.25916675588670607,46.07094746295465
6 ay,2024+,ORCA,1…2,772,-0.03175730537342707,-0.015143935488221726,-0.05425717429236196,0.24937021121894223,1.114413038356181,50.649350649350644
6 ay,2024+,ORCA,2…3,134,-0.08782975538609397,0.2511902519427468,0.15650794591291428,-0.030318258472322765,-0.6200146266521456,56.71641791044776
6 ay,2024+,ORCA,≥3,65,0.3804584294339926,-0.36294027465388634,-0.6543164972439014,0.014506171606817105,-2.4743367357571753,56.92307692307692
6 ay,2024+,PAXG,≤−2,206,0.008307154800985475,-0.10503133234141403,-0.18919341905767684,-0.26888775185901936,0.16589928568106369,54.36893203883495
6 ay,2024+,PAXG,−2…−1,1965,-0.0013598676713505492,0.028926316451510944,0.04585692965643559,0.07757542980056548,0.10957801619870644,56.74300254452926
6 ay,2024+,PAXG,−1…0,5433,0.002901731685311975,0.010063197751092164,0.023368962862649025,0.09760008434548278,0.2715437918700031,57.43268166728145
6 ay,2024+,PAXG,0…1,3136,-0.00046372993339560356,-0.020606032143396135,-0.037756995635171396,-0.14713081175934548,-0.4303004204480777,47.006083893691965
6 ay,2024+,PAXG,1…2,528,-0.01606243205206369,-0.04404477538462459,-0.11100645540192489,-0.307393979546979,-0.688208456959481,35.984848484848484
6 ay,2024+,PAXG,2…3,40,-0.05759486175443152,-0.017047463327332528,-0.0019918839038018978,-0.06568005872400454,-0.5171718419643484,56.41025641025641
6 ay,22-06→23,HBAR,≤−2,65,-0.1264528076462357,-0.13769177656899087,-0.05001625972739407,-0.020686504424193508,0.47503816866876153,49.23076923076923
6 ay,22-06→23,HBAR,−2…−1,708,-0.08983328995681268,-0.15022700834245875,-0.23178283777821068,-0.36755429058836775,-0.19248094892002562,44.91525423728814
6 ay,22-06→23,HBAR,−1…0,4069,-0.00878324091200024,-0.03679547933025403,-0.0639593353416611,-0.17001710899350703,-0.4516261740439962,44.482673875645126
6 ay,22-06→23,HBAR,0…1,4093,0.005983260433292063,0.0262899278656904,0.04529431416250752,0.043146612857723796,0.20065847414548918,49.54800879550452
6 ay,22-06→23,HBAR,1…2,582,0.08334110212752022,0.09426250256711034,0.2545500126503893,0.9167040837270972,1.4250794047018904,60.65292096219931
6 ay,22-06→23,HBAR,2…3,35,-0.08492852386563622,0.6952615257919503,0.8380043772560358,4.1715870014364445,6.554145411146926,82.85714285714286
6 ay,22-06→23,HBAR,≥3,26,1.443803884652837,3.0089187741231394,2.489844350032375,3.740241108177204,2.422288286646164,65.38461538461539
6 ay,2024+,HBAR,≤−2,367,0.08029929413145243,0.04695064512979508,0.05531096279224013,-0.009748381058631832,-0.1148463209592426,47.41144414168937
6 ay,2024+,HBAR,−2…−1,2348,-0.025686457735327017,0.014996392600183045,-0.03945873320338239,-0.17938321523713244,-0.6619891471336248,44.16524701873935
6 ay,2024+,HBAR,−1…0,10273,-0.008880307605687886,-0.04446254502767638,-0.08964667034415547,-0.1499222591500678,-0.5641562675090559,44.01676086532839
6 ay,2024+,HBAR,0…1,8695,0.010160985714630357,0.02942708584395071,0.08862149875740334,0.18010391786163996,0.44354935476130536,46.74038240036858
6 ay,2024+,HBAR,1…2,2312,0.00999601321330346,0.02208972461967278,0.061503344634731553,0.21807359046943234,1.4002419294361266,48.37732583297274
6 ay,2024+,HBAR,2…3,225,0.0693288153440038,0.11144414325734855,-0.02188013184921848,-0.6918131155056476,0.4737852528879938,43.111111111111114
6 ay,2024+,HBAR,≥3,45,-0.11086431694720061,1.605153067807143,1.8929239180324136,1.139985270276775,5.002518784510348,57.77777777777777
6 ay,2024+,STRK,≤−2,709,0.02475072476824686,0.02006497963709157,0.023377543242664275,0.18385592341787013,0.8905483458314621,48.09590973201692
6 ay,2024+,STRK,−2…−1,2464,-0.006987368291030923,0.03167643455779463,0.0434123992504607,0.18972570689122895,0.38726315554645674,47.72727272727273
6 ay,2024+,STRK,−1…0,9077,-0.014880886645000794,-0.07423114053254644,-0.11889673173794396,-0.2724027785746557,-0.5700687711457146,43.90997352162401
6 ay,2024+,STRK,0…1,6214,0.0025906016892553265,0.05476783764640992,0.10213633458352514,0.18908920230641327,0.36265669464978667,46.3882618510158
6 ay,2024+,STRK,1…2,2440,0.037208674202027114,0.0413454118691868,0.04820948759149668,0.16604716191293245,0.23959452114627536,46.10655737704918
6 ay,2024+,STRK,2…3,650,0.01589940872177595,0.07374400773126875,0.06742572262782145,0.10227511437991739,0.6440151724086043,47.69230769230769
6 ay,2024+,STRK,≥3,114,0.15373527429237532,0.8093188283647669,1.3979281861352342,1.9899619420924977,2.916556795434661,56.14035087719298
6 ay,22-06→23,XLM,≤−2,70,0.0027350894933530026,-0.03349277284389857,-0.33673632926730723,-1.608073597450306,-2.6267758907940983,24.285714285714285
6 ay,22-06→23,XLM,−2…−1,717,-0.019552637907645085,-0.021726194736062694,-0.03158576677610876,-0.3005430281049866,-0.621768652454648,43.65411436541143
6 ay,22-06→23,XLM,−1…0,5386,-0.002223031793956802,-0.015200443521816822,-0.015036009015725885,-0.0025208148547950613,0.1710841648725685,47.14073523950984
6 ay,22-06→23,XLM,0…1,6096,-0.001216403242053438,0.007121185707553577,-0.00933282430745064,0.008685759082401545,-0.18180170774923401,49.917979002624676
6 ay,22-06→23,XLM,1…2,1045,0.01966996977618197,0.014456193382042692,0.08062448315428741,-0.10005745511050602,0.06735659288699078,52.44019138755981
6 ay,22-06→23,XLM,2…3,129,0.03215096862912586,0.07335769193653283,0.15665441569217373,0.9073450325395322,1.599206154714719,57.36434108527132
6 ay,22-06→23,XLM,≥3,111,0.07669941578187851,0.286586956000372,0.7174268003926088,2.4882500523178552,4.863072982667942,85.58558558558559
6 ay,2024+,XLM,≤−2,323,0.18249735988310112,0.4525942981635011,0.8642211549216421,2.363029783648925,6.926516595160084,49.53560371517028
6 ay,2024+,XLM,−2…−1,2314,-0.027371771173687186,-0.024168742767658617,-0.03848793567777387,-0.011590413147571421,0.11187353433395192,45.59204840103717
6 ay,2024+,XLM,−1…0,10055,-0.004001733653264854,-0.050155495462851356,-0.08641672010543845,-0.23466898385043466,-0.7106776073293363,45.23999203345947
6 ay,2024+,XLM,0…1,9171,-0.00734196596180964,-0.009823259948438896,-0.01780971734944238,-0.1320840618840758,-0.401694551257017,45.791025221094
6 ay,2024+,XLM,1…2,2112,0.01287245503654251,0.1955482065346003,0.29366172130961143,1.0021573635462795,2.819640745395661,52.5094696969697
6 ay,2024+,XLM,2…3,233,0.2663042298458992,0.37109450136501504,0.7825968897986365,2.8547190218526945,9.247258038417263,54.506437768240346
6 ay,2024+,XLM,≥3,58,0.39164446003650755,0.07772745341801397,0.6742885412360569,0.8303374245823154,3.765294462709126,43.103448275862064
6 ay,22-06→23,FET,≤−2,120,0.08783588725141495,-0.31356998929295476,-0.20076527404324965,-1.061427903711012,-2.630324372442881,40.833333333333336
6 ay,22-06→23,FET,−2…−1,894,0.002269051940696049,-0.035354606092833425,0.19189993444989345,0.45866568887520326,1.0757783459065666,50.671140939597315
6 ay,22-06→23,FET,−1…0,5469,-0.022350225155199376,-0.044060631305406196,-0.0908659446841887,-0.11781219477068434,-0.3774983735797193,48.52806728835253
6 ay,22-06→23,FET,0…1,5818,0.014046155425746549,0.005337484643643236,-0.0010247719046345806,-0.06764759205501138,-0.11510223021837136,48.36713647301478
6 ay,22-06→23,FET,1…2,1043,-0.01601337294181067,0.212917460854842,0.22433913055900753,0.23541839906147838,0.11218508991397876,50.52732502396932
6 ay,22-06→23,FET,2…3,140,-0.0703046372094254,-0.4480980134872115,-0.23425042998852733,0.6018061802717564,5.125359782363462,50.0
6 ay,22-06→23,FET,≥3,70,0.7784086769895432,1.7115761961615308,2.2035801847332377,6.077407870123563,17.90767208084973,71.42857142857143
6 ay,2024+,FET,≤−2,241,-0.16562221429110885,-0.16445213574512074,-0.14219392423729393,-0.11381407982958179,2.292364173643697,46.88796680497925
6 ay,2024+,FET,−2…−1,1530,0.005650439035718413,-0.10256017152771772,-0.15495072664891446,-0.47479103796008354,-0.5848128134060336,44.44444444444444
6 ay,2024+,FET,−1…0,10877,-0.007609969943016381,-0.012938869955560166,-0.03822750843069421,-0.1367264145080141,-0.5558019330443726,45.1324990798675
6 ay,2024+,FET,0…1,10063,0.0054761876777979805,0.009516664852501916,0.019255789514639784,0.09733708237468797,0.4607537821221868,46.85572139303483
6 ay,2024+,FET,1…2,1248,0.013060260122397499,0.09006044791905013,0.18243078454331887,0.5260276226726932,0.8278721013629929,47.55020080321285
6 ay,2024+,FET,2…3,210,0.0651460760991986,0.05299625667039697,0.485108706723503,2.1902441177645944,3.2844954974379363,59.523809523809526
6 ay,2024+,FET,≥3,96,0.3016097290850747,1.2291451729038751,1.7082346511843192,1.5282168892424088,0.3315518671827931,52.083333333333336
6 ay,2024+,ZRO,≤−2,362,-0.10620943132148017,-0.1673964893362275,-0.00027476141041815074,-0.2184363334930957,-0.524827817441898,47.790055248618785
6 ay,2024+,ZRO,−2…−1,1155,-0.01752375615175682,0.024385271762876717,0.04123850935163681,0.03281957076329003,-0.45566283730758766,48.91587163920208
6 ay,2024+,ZRO,−1…0,8396,0.004928303441358888,0.007525019424626717,0.024082548898369523,0.03966774047845538,-0.007106197212493814,49.67195514732196
6 ay,2024+,ZRO,0…1,7649,0.004124347787910846,0.017647964040823732,0.006595599966523641,0.0014380970118052549,0.15335000577321967,47.428347074990185
6 ay,2024+,ZRO,1…2,1205,-0.004070712485542191,-0.08979694083253807,-0.17734013680718275,-0.12403518100411216,-0.3901159205536581,48.37905236907731
6 ay,2024+,ZRO,2…3,196,-0.07738070691810062,-0.31899613098053153,-0.5584530944347447,-0.6911467344449559,-0.24121136054011508,43.87755102040816
6 ay,2024+,ZRO,≥3,100,0.0584346032253098,0.05039503633296944,0.23155601038867776,-0.17611097364510023,1.2258358681683814,39.0
6 ay,22-06→23,OGN,≤−2,205,-0.0223927903222918,0.015404258622923384,-0.23508781064484957,-0.033041678021971214,1.018237354626797,51.707317073170735
6 ay,22-06→23,OGN,−2…−1,1114,-0.020096340569730878,-0.009953681908560132,0.04411032045050336,0.1260214016262059,0.6299499049078024,49.730700179533216
6 ay,22-06→23,OGN,−1…0,5222,0.004337946516705741,-0.006812156033901403,0.02285220089015088,-0.00097871324516185,0.02757956930861021,48.48716966679433
6 ay,22-06→23,OGN,0…1,5367,-0.001824686582797246,-0.009587994027883831,-0.03688790290215038,-0.02575679646966276,-0.2787135592111697,49.822992360722935
6 ay,22-06→23,OGN,1…2,1276,0.004314765687212528,0.09824909270515511,0.09022054775060769,0.03542405643282028,0.024539980254507106,52.429467084639505
6 ay,22-06→23,OGN,2…3,220,-0.09514117831692243,-0.35021067237429865,-0.3459890708584697,-0.7648438065909593,0.23711971789788142,47.72727272727273
6 ay,22-06→23,OGN,≥3,93,0.3176731161637118,0.5015363119966668,0.41605873856875913,1.42793345423181,3.8478812564378106,61.29032258064516
6 ay,2024+,OGN,≤−2,746,-0.04820216665977719,-0.2565608903986835,-0.23769812717308517,-0.29282846116322453,-0.5956300128057481,47.8494623655914
6 ay,2024+,OGN,−2…−1,2479,-0.02903563124837262,-0.08011164595491958,-0.11241113705476374,-0.17777890251017983,-0.3728035866443928,47.13478611783696
6 ay,2024+,OGN,−1…0,8681,0.0045906543711158555,0.009549258351393733,-0.017889756091177118,-0.09973950144265221,-0.38724786266279204,46.516724336793544
6 ay,2024+,OGN,0…1,8887,0.011757382876989976,0.028143018736937645,0.026912897737215828,0.08357050114347521,0.42505014520902196,48.51864368592993
6 ay,2024+,OGN,1…2,2311,0.012168029165433684,0.0351725292451209,0.14945458655822644,0.4073746131428303,0.3425487835906705,50.69264069264069
6 ay,2024+,OGN,2…3,435,-0.11633804616984966,0.014446991289417815,0.15634835569877112,0.05874506622912208,0.5051245278573442,48.735632183908045
6 ay,2024+,OGN,≥3,192,-0.0723486280324782,-0.16002640529048115,-0.21607618624408112,-0.9651188843061255,-0.3030614299775738,43.22916666666667
6 ay,2024+,W,≤−2,156,-0.012983442381055598,-0.03253960739917533,0.02160025010293138,0.18985525334105174,0.229009943448858,48.717948717948715
6 ay,2024+,W,−2…−1,958,-0.011780729603186955,-0.03218100589933177,-0.08998827447002507,-0.24077775245165475,-0.40162359192351843,44.20062695924764
6 ay,2024+,W,−1…0,4444,0.011823435031685075,0.008866263331030126,0.013873266942420002,0.0704674575676939,0.17215886604401456,45.834274102506214
6 ay,2024+,W,0…1,3429,-0.011152797597018923,-0.017559415021352474,-0.01984107861424312,-0.04364226938895904,-0.09341787695014131,43.87963774466842
6 ay,2024+,W,1…2,798,-0.01891968099897898,-0.03540745983636685,-0.08443055198274402,-0.16959521217669915,-0.5199068305019126,43.09045226130653
6 ay,2024+,W,2…3,180,0.002778834176992089,0.4154424908864215,0.646898317231153,0.7261600708775884,1.0965138218352048,45.2513966480447
6 ay,2024+,W,≥3,47,0.289560416455926,0.2172032446620985,0.8512880198724436,0.9172158368443415,2.5825971035871436,48.93617021276596
6 ay,22-06→23,ALGO,≤−2,182,-0.09239369136325477,-0.3124369118563028,-0.1430521747479477,-1.179060120523498,-2.0966126346608647,46.15384615384615
6 ay,22-06→23,ALGO,−2…−1,1147,-0.000509919664493795,-0.010872971266524176,0.03536626188623527,0.3142208104646316,0.7051411059585144,51.002615518744555
6 ay,22-06→23,ALGO,−1…0,4587,0.006365454888962732,0.008484366721651738,-0.018001208448997323,-0.032806863071529344,0.17421517298740252,48.7028558971005
6 ay,22-06→23,ALGO,0…1,6155,7.684209386147008e-05,-0.005741096911450194,-0.0026264650340449033,-0.015009061164196268,-0.279526383620075,49.66693744922827
6 ay,22-06→23,ALGO,1…2,1187,-0.029830736112841198,-0.00475032949797304,-0.0143234946692036,-0.19499708460371454,-0.35383673970162827,49.11541701769166
6 ay,22-06→23,ALGO,2…3,177,0.14237284150788443,0.3719465516484536,0.33111527593906026,0.4742260386483448,1.3321210480027088,59.887005649717516
6 ay,22-06→23,ALGO,≥3,119,-0.017325076983661286,0.04670234294644934,0.35800347220035805,2.055185338579239,5.700548976399681,68.90756302521008
6 ay,2024+,ALGO,≤−2,266,-0.049179019742946445,0.04331263866497173,0.28709138320534594,0.49538010772359486,1.7161465151433852,52.255639097744364
6 ay,2024+,ALGO,−2…−1,1855,-0.008076259457835381,0.040470892281881186,0.0889356089238058,0.15076086244677267,0.15177557763443203,48.89368591473286
6 ay,2024+,ALGO,−1…0,10388,-0.004245796284323106,-0.03249078805174291,-0.05632033423610424,-0.13960328961669372,-0.3135727122988442,46.92166875421524
6 ay,2024+,ALGO,0…1,9567,0.0017863797924148753,-0.007711794887853634,-0.029211044143242756,-0.03113718364676893,-0.18390578793915574,47.28909357337241
6 ay,2024+,ALGO,1…2,1868,0.01838351227882244,0.11861551981888578,0.22807660048858755,0.508788743297795,1.6798147986122507,51.445396145610275
6 ay,2024+,ALGO,2…3,249,0.06309516696338113,0.16109697891981237,0.3461112266479813,0.9470430850912573,3.6503383103375975,54.43548387096774
6 ay,2024+,ALGO,≥3,72,0.06964857370776845,0.87426012314383,1.5377911543644784,2.0835020991893862,3.1572652363399074,61.111111111111114
6 ay,2024+,PENGU,≤−2,157,0.0017703749150393498,-0.014650901538053165,-0.09268274185296044,0.15891924284780826,0.6879489779925703,48.717948717948715
6 ay,2024+,PENGU,−2…−1,808,-0.016971266697603512,-0.14107476421048032,-0.2765615014875031,-0.6070629495420526,-0.7267227052573256,42.82178217821782
6 ay,2024+,PENGU,−1…0,6514,-0.01774915923529537,-0.05481564328867366,-0.1147804195162944,-0.26148809007260143,-1.0947976987989816,44.936222529583524
6 ay,2024+,PENGU,0…1,4768,0.007024252596882627,0.04765627217489812,0.10397267201460009,0.11590821967703792,0.5424023149617824,46.64704645785159
6 ay,2024+,PENGU,1…2,908,0.07446200279812328,0.229180764191679,0.4109062191736301,1.2494918241728503,4.302985553652891,51.108647450110865
6 ay,2024+,PENGU,2…3,158,0.11419784172763311,0.18010054028477981,0.5244457817388478,2.1395828606071117,5.625955373233721,57.59493670886076
6 ay,2024+,PENGU,≥3,40,0.2478814650157523,0.23879016953107912,0.8670565541485141,3.7686836266158297,7.7872800049528275,65.0
6 ay,22-06→23,FIL,≤−2,104,0.15532491080728622,-0.016509947266745973,0.09377572957621257,0.4096868467932386,-0.6362033620831551,51.92307692307693
6 ay,22-06→23,FIL,−2…−1,600,-0.015051219413054259,-0.010770977537168542,0.07277379851572989,-0.06401202913735929,0.6447937707981851,51.83333333333333
6 ay,22-06→23,FIL,−1…0,6101,0.008994877822318233,-0.01531591183920532,-0.023907430860300442,-0.09544977210798718,-0.049846014839264374,50.22127520078675
6 ay,22-06→23,FIL,0…1,5333,-0.027980694944825316,-0.02081755304340384,-0.04855128180016774,-0.04727394675559521,-0.20473032461625496,48.52803300206263
6 ay,22-06→23,FIL,1…2,1175,0.05901350468919793,0.14008965743436552,0.19084938542709537,0.24396883304553574,0.05657955404493112,49.1063829787234
6 ay,22-06→23,FIL,2…3,120,0.0831000025376388,-0.16640608089251308,-0.5677684768773315,-0.6952716606159282,-0.8632415337781418,51.66666666666667
6 ay,22-06→23,FIL,≥3,121,0.06535015831686311,0.5620280311671826,1.6136401312567452,5.181983665617721,9.19284506562942,80.16528925619835
6 ay,2024+,FIL,≤−2,134,-0.07318646400119186,-0.0024719254729595468,0.14749111088430908,1.4039312566149054,1.7686584314139184,58.2089552238806
6 ay,2024+,FIL,−2…−1,1043,-0.029675243754197802,-0.012371272316196783,0.10674428407136417,0.2086456996883991,-0.4490075339353177,49.32821497120921
6 ay,2024+,FIL,−1…0,11794,-0.004701432011199197,-0.03714970952021864,-0.06949483216243438,-0.13237761973306914,-0.47434764493881004,47.30991174473863
6 ay,2024+,FIL,0…1,10028,0.005058651590351192,0.025464804958659375,0.03622398291823944,0.06318709919261616,0.3567841570858558,48.527209186220674
6 ay,2024+,FIL,1…2,1013,0.013956706614984759,0.08681802200834077,0.21356561962993462,0.4426969080427846,1.946800688581785,49.60474308300395
6 ay,2024+,FIL,2…3,166,0.2655763880286638,0.3564391019198138,0.14360585405076273,0.27123103131330756,0.9828370110826875,45.78313253012048
6 ay,2024+,FIL,≥3,87,-0.14649046655550552,0.5616758241449961,0.977735277060459,0.32815911403931686,1.4731375235056547,39.08045977011494
6 ay,2024+,TRUMP,≤−2,371,-0.04668739431113335,-0.16726146973827433,-0.15385810351458204,-0.29821158579005014,-0.3800578625562816,39.62264150943396
6 ay,2024+,TRUMP,−2…−1,1563,0.013266615147225314,0.052466169031456684,0.0642337678734082,0.05163958200663846,0.31708791130084385,46.257197696737045
6 ay,2024+,TRUMP,−1…0,5767,-0.0030869444408959563,5.803268163510249e-05,-0.01716304062701605,-0.052904163589702236,-0.1763392734095378,43.334493560737904
6 ay,2024+,TRUMP,0…1,3618,-0.012269551720759747,-0.041530189155160595,-0.06128196573243051,-0.04198676522834145,0.1130253761008451,41.975650249031546
6 ay,2024+,TRUMP,1…2,2150,0.010480019268669644,0.03173152400244552,0.11399462319689938,0.23908520150949497,0.15615392622417051,46.6046511627907
6 ay,2024+,TRUMP,2…3,367,0.10888709966166875,0.20489117428385142,0.08087808550469276,-0.08531506559011301,-0.35581891879376165,46.049046321525886
6 ay,2024+,TRUMP,≥3,48,-0.07751729920168539,-0.2801378008106004,0.050252103945907796,0.06101606249052753,0.9544750604985768,50.0
6 ay,22-06→23,CRV,≤−2,256,0.11570360843230641,0.41618079020480603,0.6032451891725322,0.7181003246785456,1.7723527241583121,46.484375
6 ay,22-06→23,CRV,−2…−1,976,-0.0143190171851742,-0.0576908609776248,-0.11585632054406086,-0.03644654359203341,0.5165754158574424,46.51639344262295
6 ay,22-06→23,CRV,−1…0,4633,-0.0176412581989571,-0.06280384662796311,-0.09985435876295659,-0.18877006780288574,-0.2124888215548757,46.85948629397799
6 ay,22-06→23,CRV,0…1,5915,-0.0006540356257475088,0.02218796103909232,0.04143851112534883,0.05038052081045223,-0.057592648942945406,48.89264581572274
6 ay,22-06→23,CRV,1…2,1462,0.05537043195728731,0.03405820858227942,0.07216884487323041,0.02295526359539922,-0.2531134720286157,47.5376196990424
6 ay,22-06→23,CRV,2…3,197,-0.06738815765001885,0.03465349615000738,-0.14137705777625986,-0.10579660413884494,0.8753888094045434,48.73096446700508
6 ay,22-06→23,CRV,≥3,115,0.01982350010107835,0.4597616540348655,0.8565380908037838,3.613829761773392,4.911492401330526,73.04347826086956
6 ay,2024+,CRV,≤−2,434,0.02252213643963946,0.04343950462152845,0.21784463010044663,0.3160663320349843,0.10814160606132002,48.15668202764977
6 ay,2024+,CRV,−2…−1,1782,-0.05678482998846569,0.007451200509678036,0.03052595149011288,-0.1081608486781779,-0.5363321718038189,47.80652418447694
6 ay,2024+,CRV,−1…0,10265,-0.000275184670749426,-0.03732379481646323,-0.07751785233130051,-0.1433805183564545,-0.355699236624751,46.96304962464658
6 ay,2024+,CRV,0…1,9869,-0.007116085503662868,-0.0023496072893239343,0.005934188443239085,0.0360132025385218,0.04396768023644726,48.067755350441224
6 ay,2024+,CRV,1…2,1513,0.07420568299870711,0.15839660018745821,0.26718651988293673,0.5705704121330722,2.1023891245314847,51.98675496688742
6 ay,2024+,CRV,2…3,287,0.20398894324260317,0.36004878351895764,0.28158172519846975,0.9149402261507597,2.4408239481416225,53.65853658536586
6 ay,2024+,CRV,≥3,114,-0.05625041840025543,0.2734304057316012,0.9060118674991235,0.40866532083575446,2.2490958591221464,46.49122807017544
6 ay,22-06→23,MINA,≤−2,264,0.10694170615360926,-0.039288691840352476,-0.04352031201900276,-0.6272586688978244,-1.5431325850017206,42.803030303030305
6 ay,22-06→23,MINA,−2…−1,1057,-0.04061778449815687,0.013973738834747817,-0.009291070662818271,0.13847126989051886,0.17539338467764293,48.06054872280038
6 ay,22-06→23,MINA,−1…0,5199,-0.013321784441776882,-0.015521633610747992,-0.028644626047235416,-0.07131783239715134,-0.3770874758810227,47.547605308713216
6 ay,22-06→23,MINA,0…1,4866,-0.005173316694838017,-0.010814534059010504,-0.018358618208323046,-0.05884640151627347,0.07617287131918091,47.16399506781751
6 ay,22-06→23,MINA,1…2,1869,0.029869926827059416,0.022010269905970062,0.06573213179973407,0.0972118490852763,0.2413874166842328,47.351524879614765
6 ay,22-06→23,MINA,2…3,232,0.11298330607605418,0.1754776610027228,0.20254114306573903,0.8822180770093085,2.805118393323962,50.86206896551724
6 ay,22-06→23,MINA,≥3,66,0.4105255134918202,0.7132493449099785,1.3594480539384548,4.3938881351391155,10.755700622249904,60.60606060606061
6 ay,2024+,MINA,≤−2,204,-0.1677267281805791,0.05706519421028827,-0.25848351238466766,-0.10474434346733646,0.4138490044861216,51.9607843137255
6 ay,2024+,MINA,−2…−1,1430,-0.04647932560834459,-0.04437954694190327,-0.04457370372295443,0.12682872292197006,0.27964557656526784,49.93006993006993
6 ay,2024+,MINA,−1…0,10766,-0.01258650273011658,-0.042581623414775324,-0.06667239955967315,-0.13347787475779815,-0.2799710896584598,46.62017666201766
6 ay,2024+,MINA,0…1,9681,0.01396141618921407,0.03610450304224559,0.056197304352946974,0.10985037950448284,0.16910792840745775,48.20024824162184
6 ay,2024+,MINA,1…2,1160,0.07927440268849996,0.11305414603514417,0.1645769119015897,0.08443851396818439,0.65683804095287,51.423641069887836
6 ay,2024+,MINA,2…3,173,0.06546522702207494,0.11479697090641719,0.4402919151044053,0.4534424129146371,0.5990487741529993,52.601156069364166
6 ay,2024+,MINA,≥3,84,-0.027160213875173485,0.1151106548544909,0.27272406506729735,0.4430246563850138,0.27924576662894635,46.42857142857143
6 ay,22-06→23,INJ,≤−2,60,0.16601847273216527,-0.21762245482728684,-0.2701950325972442,0.2379604764318548,0.3103529023890536,56.666666666666664
6 ay,22-06→23,INJ,−2…−1,529,0.10479138010504431,0.35508938303795085,0.37117413352721357,0.4013519072735181,1.0741846051746602,52.17391304347826
6 ay,22-06→23,INJ,−1…0,5061,-0.05688609148675485,-0.14703956117887662,-0.20133340590646412,-0.4852836902605755,-1.1111960547477513,49.21952183362972
6 ay,22-06→23,INJ,0…1,3172,0.0211744310470827,0.035213039939201225,0.026002710435163445,0.058929829073976585,0.3179046274182428,51.16645649432535
6 ay,22-06→23,INJ,1…2,975,0.11077460930404212,0.3129862608657731,0.6126138523587444,1.209691823490161,2.589095398344747,57.74358974358974
6 ay,22-06→23,INJ,2…3,180,0.16636040330702742,0.4781289232734912,0.619115664858136,3.006838123627202,5.320623502608059,68.88888888888889
6 ay,22-06→23,INJ,≥3,74,0.23499119766102217,0.8981312103831383,0.6430949917293901,4.348948120225855,7.384117307721446,67.56756756756756
6 ay,2024+,INJ,≤−2,102,0.10219991934406483,0.05115161001713128,0.33617213702885773,2.617870380453825,7.018415142058565,61.76470588235294
6 ay,2024+,INJ,−2…−1,1476,-0.004697080239903427,0.05042745267139937,0.12705219450171382,0.287046094461886,0.6420821769884268,49.796747967479675
6 ay,2024+,INJ,−1…0,12864,-0.011641865274370063,-0.04096697300955436,-0.10401903135911278,-0.24656274048563015,-0.6140474219242169,45.574153367068895
6 ay,2024+,INJ,0…1,7946,0.013812330185802376,0.05315304407878599,0.15081892979928105,0.28735935303776977,0.6214410248079041,50.012594458438286
6 ay,2024+,INJ,1…2,1607,0.014467464092939888,0.04069851647477388,0.008884995654956818,0.17950762064471323,0.8616847891636583,48.66210329807094
6 ay,2024+,INJ,2…3,191,-0.09431070011560483,-0.4141879206773806,-0.7747894454346405,-0.592133587599052,-0.5720442962079411,37.696335078534034
6 ay,2024+,INJ,≥3,80,0.39071903860363805,0.4812401273688896,0.6330678866916913,0.24238866301697914,0.3212061464120914,36.25
6 ay,22-06→23,RLC,≤−2,188,0.04537116839964035,0.0906125618001753,0.18448406006935622,-0.1483883427308731,-0.10427545354615916,47.87234042553192
6 ay,22-06→23,RLC,−2…−1,989,0.0005058484487787811,0.0440086466868788,0.02441100373694431,-0.17559450697246554,-0.3966926287190502,49.3427704752275
6 ay,22-06→23,RLC,−1…0,4938,-0.006429573149444466,-0.022090657021771216,-0.04148802984782975,-0.08650900437741425,-0.2744959925561839,50.344268934791415
6 ay,22-06→23,RLC,0…1,6133,-0.007304388267663704,-0.009737436865780465,-0.01741439656351956,-0.05823181459752484,-0.09251788166854732,51.24735039947823
6 ay,22-06→23,RLC,1…2,992,0.023244613147051334,-0.018321248390352547,0.0628766374834549,0.3742906762133025,0.7253772657035295,55.443548387096776
6 ay,22-06→23,RLC,2…3,193,0.12209865570590878,0.0962735661823593,0.21122826898780966,1.064504031022097,3.3207870667768375,60.62176165803109
6 ay,22-06→23,RLC,≥3,85,0.24580335164056896,1.2686768424660728,1.7612261085357337,4.813312112712981,11.46258850728969,77.64705882352942
6 ay,2024+,RLC,≤−2,698,-0.007186672082120437,-0.03287346727534792,-0.11025330321008686,0.1222841786514364,0.5755781949441824,46.13180515759313
6 ay,2024+,RLC,−2…−1,2207,-0.010238515076067248,-0.07504519903199962,-0.07097419947420444,-0.19418153230864307,-0.0932002787651601,46.443135478024466
6 ay,2024+,RLC,−1…0,8476,0.00766338960612974,0.008644750755833801,-0.01644372373472815,-0.08995723352445545,-0.18231571761027293,47.065076178103226
6 ay,2024+,RLC,0…1,8108,-0.008388716915514807,0.01638695990560763,0.017743833769682447,-0.027119416479072175,0.0025837194589889466,47.39248640632724
6 ay,2024+,RLC,1…2,2051,0.01224872102902402,-0.0034709832466039187,0.0725112205307607,0.47081664875936885,0.3139595068830728,50.46318868844466
6 ay,2024+,RLC,2…3,501,0.0029884528439655506,0.04055000309718529,0.05910212344061525,0.20110360731120425,0.229989129625796,48.902195608782435
6 ay,2024+,RLC,≥3,216,0.018766015291548522,-0.1420847973232631,0.23565598076511363,1.1940955816588465,2.646963881788949,51.388888888888886
6 ay,2024+,POL,≤−2,210,-0.01111827203488713,0.0016199072495629114,0.3155054702097339,0.6024489052655315,1.3287212361898908,53.333333333333336
6 ay,2024+,POL,−2…−1,1289,0.015459581892464264,0.02246859623617671,0.02398786279045749,0.19971543586981208,0.43284620167222215,51.16459627329193
6 ay,2024+,POL,−1…0,6750,0.002835532816021552,-0.013612697498769352,-0.05885574621113181,-0.04617141485376727,-0.11787455534972317,46.8884598247438
6 ay,2024+,POL,0…1,6823,-0.005555732179240242,-0.02024277582543383,-0.016259125564356935,-0.1176818719578341,-0.32493243410531514,46.47990613083016
6 ay,2024+,POL,1…2,1608,-0.008574605568318027,0.09572021902956006,0.20596558696230283,0.4236141791554242,0.9750582554463803,52.42839352428393
6 ay,2024+,POL,2…3,288,0.03828627297893495,0.14535749545210383,0.15176910253561587,0.18821601378596614,1.87348062184231,46.875
6 ay,2024+,POL,≥3,63,0.062430938973166,0.07862753910726328,0.5749010412048139,-0.08017771398604841,0.9608319967966565,49.2063492063492
