aile,sinyal,canli,H,donem,grup,n,isabet,net
BTC,BTC 1s Çok güçlü ↑,📨,1,22-06→23,tümü,679,64.06480117820324,-0.027618303404625198
BTC,BTC 1s Çok güçlü ↑,📨,1,22-06→23,✅ z>0,361,67.31301939058172,0.031460983438591786
BTC,BTC 1s Çok güçlü ↑,📨,1,22-06→23,⚠️ −1<z≤0,207,59.90338164251207,-0.03988704993888734
BTC,BTC 1s Çok güçlü ↑,📨,1,22-06→23,⛔ z≤−1,111,61.261261261261254,-0.1968794927542565
BTC,BTC 1s Çok güçlü ↑,📨,1,2024+,tümü,1258,60.9697933227345,0.01294752004710725
BTC,BTC 1s Çok güçlü ↑,📨,1,2024+,✅ z>0,579,60.79447322970639,0.025698751666352694
BTC,BTC 1s Çok güçlü ↑,📨,1,2024+,⚠️ −1<z≤0,350,60.57142857142858,-0.0237706368870133
BTC,BTC 1s Çok güçlü ↑,📨,1,2024+,⛔ z≤−1,329,61.702127659574465,0.02956877177780357
BTC,BTC 1s Çok güçlü ↑,📨,1,2026,tümü,304,58.55263157894737,-0.026492592710251738
BTC,BTC 1s Çok güçlü ↑,📨,1,2026,✅ z>0,159,58.490566037735846,-0.01041658294781403
BTC,BTC 1s Çok güçlü ↑,📨,1,2026,⚠️ −1<z≤0,60,56.666666666666664,-0.03725436491455236
BTC,BTC 1s Çok güçlü ↑,📨,1,2026,⛔ z≤−1,85,60.0,-0.04896764235695246
BTC,BTC 1s Güçlü ↑,📨,1,22-06→23,tümü,1376,59.883720930232556,-0.02394287119536394
BTC,BTC 1s Güçlü ↑,📨,1,22-06→23,✅ z>0,683,62.51830161054173,-0.005238354769003961
BTC,BTC 1s Güçlü ↑,📨,1,22-06→23,⚠️ −1<z≤0,432,60.18518518518518,-0.017432476108097346
BTC,BTC 1s Güçlü ↑,📨,1,22-06→23,⛔ z≤−1,261,52.490421455938694,-0.08366576543637175
BTC,BTC 1s Güçlü ↑,📨,1,2024+,tümü,2385,55.59748427672956,-0.030819257713480104
BTC,BTC 1s Güçlü ↑,📨,1,2024+,✅ z>0,1108,55.95667870036101,-0.024664801544686664
BTC,BTC 1s Güçlü ↑,📨,1,2024+,⚠️ −1<z≤0,650,56.30769230769231,-0.014380545962917417
BTC,BTC 1s Güçlü ↑,📨,1,2024+,⛔ z≤−1,627,54.22647527910686,-0.058736801689379434
BTC,BTC 1s Güçlü ↑,📨,1,2026,tümü,671,54.54545454545454,-0.04660844498918505
BTC,BTC 1s Güçlü ↑,📨,1,2026,✅ z>0,354,55.932203389830505,-0.021246661556647846
BTC,BTC 1s Güçlü ↑,📨,1,2026,⚠️ −1<z≤0,126,57.14285714285714,-0.024998804786547875
BTC,BTC 1s Güçlü ↑,📨,1,2026,⛔ z≤−1,191,50.26178010471204,-0.10786962823866385
BTC,BTC 1s Çok güçlü ↓,,1,22-06→23,tümü,739,60.757780784844385,-0.06524404339496957
BTC,BTC 1s Çok güçlü ↓,,1,22-06→23,✅ z>0,336,57.738095238095234,-0.11579878296932708
BTC,BTC 1s Çok güçlü ↓,,1,22-06→23,⚠️ −1<z≤0,274,65.32846715328468,-0.01211588500734389
BTC,BTC 1s Çok güçlü ↓,,1,22-06→23,⛔ z≤−1,129,58.91472868217055,-0.046412437978111495
BTC,BTC 1s Çok güçlü ↓,,1,2024+,tümü,1233,57.420924574209245,-0.03795958571624918
BTC,BTC 1s Çok güçlü ↓,,1,2024+,✅ z>0,660,56.515151515151516,-0.05054327332302677
BTC,BTC 1s Çok güçlü ↓,,1,2024+,⚠️ −1<z≤0,354,59.6045197740113,0.0014722377336933504
BTC,BTC 1s Çok güçlü ↓,,1,2024+,⛔ z≤−1,219,56.62100456621004,-0.06377525549162108
BTC,BTC 1s Çok güçlü ↓,,1,2026,tümü,374,56.951871657754005,-0.06301888425476647
BTC,BTC 1s Çok güçlü ↓,,1,2026,✅ z>0,222,55.85585585585585,-0.07251456995425787
BTC,BTC 1s Çok güçlü ↓,,1,2026,⚠️ −1<z≤0,65,61.53846153846154,-0.04812318011714143
BTC,BTC 1s Çok güçlü ↓,,1,2026,⛔ z≤−1,87,56.32183908045977,-0.04991748820486455
BTC,BTC 1s Güçlü ↓,,1,22-06→23,tümü,1398,60.08583690987125,-0.03206017859226893
BTC,BTC 1s Güçlü ↓,,1,22-06→23,✅ z>0,742,60.512129380053906,-0.03784521564773354
BTC,BTC 1s Güçlü ↓,,1,22-06→23,⚠️ −1<z≤0,453,59.38189845474614,-0.034238578697257584
BTC,BTC 1s Güçlü ↓,,1,22-06→23,⛔ z≤−1,203,60.09852216748769,-0.006053711879389154
BTC,BTC 1s Güçlü ↓,,1,2024+,tümü,2408,53.779069767441854,-0.033046358586855326
BTC,BTC 1s Güçlü ↓,,1,2024+,✅ z>0,1392,53.66379310344828,-0.04108318925534184
BTC,BTC 1s Güçlü ↓,,1,2024+,⚠️ −1<z≤0,613,55.791190864600324,-0.009633769053219006
BTC,BTC 1s Güçlü ↓,,1,2024+,⛔ z≤−1,403,51.1166253101737,-0.04089908586622461
BTC,BTC 1s Güçlü ↓,,1,2026,tümü,654,51.223241590214066,-0.04900632354315272
BTC,BTC 1s Güçlü ↓,,1,2026,✅ z>0,408,52.450980392156865,-0.05690134188898094
BTC,BTC 1s Güçlü ↓,,1,2026,⚠️ −1<z≤0,124,52.41935483870967,-0.019169455874391002
BTC,BTC 1s Güçlü ↓,,1,2026,⛔ z≤−1,122,45.90163934426229,-0.05292930801715719
BTC,BTC 4s Çok güçlü ↑,📨,4,22-06→23,tümü,377,59.15119363395226,0.0005968832707007627
BTC,BTC 4s Çok güçlü ↑,📨,4,22-06→23,✅ z>0,193,60.62176165803109,0.018808814047957964
BTC,BTC 4s Çok güçlü ↑,📨,4,22-06→23,⚠️ −1<z≤0,114,55.26315789473685,0.053170930191215715
BTC,BTC 4s Çok güçlü ↑,📨,4,22-06→23,⛔ z≤−1,70,61.42857142857143,-0.13523660228571854
BTC,BTC 4s Çok güçlü ↑,📨,4,2024+,tümü,672,60.56547619047619,0.08439881456552269
BTC,BTC 4s Çok güçlü ↑,📨,4,2024+,✅ z>0,296,62.16216216216216,0.17708364223692846
BTC,BTC 4s Çok güçlü ↑,📨,4,2024+,⚠️ −1<z≤0,184,62.5,0.03626161262983225
BTC,BTC 4s Çok güçlü ↑,📨,4,2024+,⛔ z≤−1,192,56.25,-0.01235880957285787
BTC,BTC 4s Çok güçlü ↑,📨,4,2026,tümü,178,56.74157303370787,0.07764812192963341
BTC,BTC 4s Çok güçlü ↑,📨,4,2026,✅ z>0,89,58.42696629213483,0.19946252745322132
BTC,BTC 4s Çok güçlü ↑,📨,4,2026,⚠️ −1<z≤0,35,62.857142857142854,0.16361798682242035
BTC,BTC 4s Çok güçlü ↑,📨,4,2026,⛔ z≤−1,54,50.0,-0.17884127367864186
BTC,BTC 4s Güçlü ↑,📨,4,22-06→23,tümü,826,59.80629539951574,0.01706274668990974
BTC,BTC 4s Güçlü ↑,📨,4,22-06→23,✅ z>0,432,62.03703703703704,0.04616344530247381
BTC,BTC 4s Güçlü ↑,📨,4,22-06→23,⚠️ −1<z≤0,255,57.25490196078431,-0.002241492075134544
BTC,BTC 4s Güçlü ↑,📨,4,22-06→23,⛔ z≤−1,139,57.55395683453237,-0.0379654613355679
BTC,BTC 4s Güçlü ↑,📨,4,2024+,tümü,1405,55.729537366548044,-0.004426706596986214
BTC,BTC 4s Güçlü ↑,📨,4,2024+,✅ z>0,651,58.06451612903226,0.004568680400877831
BTC,BTC 4s Güçlü ↑,📨,4,2024+,⚠️ −1<z≤0,414,56.28019323671497,0.05947663141483744
BTC,BTC 4s Güçlü ↑,📨,4,2024+,⛔ z≤−1,340,50.588235294117645,-0.09946193857494057
BTC,BTC 4s Güçlü ↑,📨,4,2026,tümü,386,52.84974093264248,-0.02679442745242966
BTC,BTC 4s Güçlü ↑,📨,4,2026,✅ z>0,198,56.56565656565656,0.03166014577966601
BTC,BTC 4s Güçlü ↑,📨,4,2026,⚠️ −1<z≤0,89,55.0561797752809,0.09142199631909756
BTC,BTC 4s Güçlü ↑,📨,4,2026,⛔ z≤−1,99,43.43434343434344,-0.2499789447819333
BTC,BTC 4s Çok güçlü ↓,,4,22-06→23,tümü,374,60.6951871657754,-0.09463337298921524
BTC,BTC 4s Çok güçlü ↓,,4,22-06→23,✅ z>0,154,58.44155844155844,-0.20979009300044998
BTC,BTC 4s Çok güçlü ↓,,4,22-06→23,⚠️ −1<z≤0,138,63.76811594202898,-0.01854175983920311
BTC,BTC 4s Çok güçlü ↓,,4,22-06→23,⛔ z≤−1,82,59.756097560975604,-0.006420052659599574
BTC,BTC 4s Çok güçlü ↓,,4,2024+,tümü,644,57.298136645962735,0.01826539146262643
BTC,BTC 4s Çok güçlü ↓,,4,2024+,✅ z>0,360,60.83333333333333,-0.0036257146751268576
BTC,BTC 4s Çok güçlü ↓,,4,2024+,⚠️ −1<z≤0,166,57.22891566265061,0.0894721282325416
BTC,BTC 4s Çok güçlü ↓,,4,2024+,⛔ z≤−1,118,46.61016949152542,-0.015120372047667838
BTC,BTC 4s Çok güçlü ↓,,4,2026,tümü,187,52.94117647058824,-0.07850020976789339
BTC,BTC 4s Çok güçlü ↓,,4,2026,✅ z>0,116,53.44827586206896,-0.12088473088663257
BTC,BTC 4s Çok güçlü ↓,,4,2026,⚠️ −1<z≤0,30,56.666666666666664,0.038069174206811836
BTC,BTC 4s Çok güçlü ↓,,4,2026,⛔ z≤−1,41,48.78048780487805,-0.043877699267098516
BTC,BTC 4s Güçlü ↓,,4,22-06→23,tümü,774,52.97157622739018,-0.0742801719165904
BTC,BTC 4s Güçlü ↓,,4,22-06→23,✅ z>0,386,51.554404145077726,-0.16479488204668297
BTC,BTC 4s Güçlü ↓,,4,22-06→23,⚠️ −1<z≤0,264,55.3030303030303,-0.052830094397675026
BTC,BTC 4s Güçlü ↓,,4,22-06→23,⛔ z≤−1,124,52.41935483870967,0.16181545425455524
BTC,BTC 4s Güçlü ↓,,4,2024+,tümü,1362,55.359765051395,-0.03759886486921198
BTC,BTC 4s Güçlü ↓,,4,2024+,✅ z>0,764,54.581151832460726,-0.05759421441361619
BTC,BTC 4s Güçlü ↓,,4,2024+,⚠️ −1<z≤0,384,56.510416666666664,0.0034260203406522834
BTC,BTC 4s Güçlü ↓,,4,2024+,⛔ z≤−1,214,56.074766355140184,-0.039828345563899234
BTC,BTC 4s Güçlü ↓,,4,2026,tümü,378,57.407407407407405,-0.02344399554730115
BTC,BTC 4s Güçlü ↓,,4,2026,✅ z>0,228,53.07017543859649,-0.05338263527094963
BTC,BTC 4s Güçlü ↓,,4,2026,⚠️ −1<z≤0,80,66.25,0.06595934890266586
BTC,BTC 4s Güçlü ↓,,4,2026,⛔ z≤−1,70,61.42857142857143,-0.028104819818808295
BTC,BTC 8s Çok güçlü ↑,📨,8,22-06→23,tümü,277,58.844765342960294,0.1618794603826888
BTC,BTC 8s Çok güçlü ↑,📨,8,22-06→23,✅ z>0,143,57.34265734265735,0.041633569527685294
BTC,BTC 8s Çok güçlü ↑,📨,8,22-06→23,⚠️ −1<z≤0,87,58.620689655172406,0.23500136213087827
BTC,BTC 8s Çok güçlü ↑,📨,8,22-06→23,⛔ z≤−1,47,63.829787234042556,0.3923806718757316
BTC,BTC 8s Çok güçlü ↑,📨,8,2024+,tümü,506,56.916996047430835,0.09333032313008534
BTC,BTC 8s Çok güçlü ↑,📨,8,2024+,✅ z>0,208,61.53846153846154,0.3203943281067371
BTC,BTC 8s Çok güçlü ↑,📨,8,2024+,⚠️ −1<z≤0,137,55.47445255474452,0.0396938333565129
BTC,BTC 8s Çok güçlü ↑,📨,8,2024+,⛔ z≤−1,161,52.17391304347826,-0.15437845908211434
BTC,BTC 8s Çok güçlü ↑,📨,8,2026,tümü,114,50.0,-0.042477229376505096
BTC,BTC 8s Çok güçlü ↑,📨,8,2026,✅ z>0,44,45.45454545454545,0.18406363956277863
BTC,BTC 8s Çok güçlü ↑,📨,8,2026,⚠️ −1<z≤0,31,61.29032258064516,0.17071787629225357
BTC,BTC 8s Çok güçlü ↑,📨,8,2026,⛔ z≤−1,39,46.15384615384615,-0.4675245757626593
BTC,BTC 8s Güçlü ↑,📨,8,22-06→23,tümü,573,53.752181500872595,-0.0562423882958958
BTC,BTC 8s Güçlü ↑,📨,8,22-06→23,✅ z>0,285,52.63157894736842,-0.06736545053437733
BTC,BTC 8s Güçlü ↑,📨,8,22-06→23,⚠️ −1<z≤0,182,54.94505494505495,-0.014450342841140926
BTC,BTC 8s Güçlü ↑,📨,8,22-06→23,⛔ z≤−1,106,54.71698113207547,-0.0980921952279538
BTC,BTC 8s Güçlü ↑,📨,8,2024+,tümü,944,56.144067796610166,0.039259088564590316
BTC,BTC 8s Güçlü ↑,📨,8,2024+,✅ z>0,401,58.104738154613464,0.16786635851263862
BTC,BTC 8s Güçlü ↑,📨,8,2024+,⚠️ −1<z≤0,283,56.53710247349824,0.03926531061841285
BTC,BTC 8s Güçlü ↑,📨,8,2024+,⛔ z≤−1,260,52.69230769230769,-0.1590996656292527
BTC,BTC 8s Güçlü ↑,📨,8,2026,tümü,230,55.21739130434783,0.00650909756257575
BTC,BTC 8s Güçlü ↑,📨,8,2026,✅ z>0,100,60.0,0.19695880090537582
BTC,BTC 8s Güçlü ↑,📨,8,2026,⚠️ −1<z≤0,59,54.23728813559322,0.10748393639506253
BTC,BTC 8s Güçlü ↑,📨,8,2026,⛔ z≤−1,71,49.29577464788733,-0.3456385901190682
BTC,BTC 8s Çok güçlü ↓,,8,22-06→23,tümü,287,56.79442508710801,-0.03000010915268937
BTC,BTC 8s Çok güçlü ↓,,8,22-06→23,✅ z>0,146,57.534246575342465,-0.02479539056179804
BTC,BTC 8s Çok güçlü ↓,,8,22-06→23,⚠️ −1<z≤0,90,58.88888888888889,-0.029181271350913217
BTC,BTC 8s Çok güçlü ↓,,8,22-06→23,⛔ z≤−1,51,50.98039215686274,-0.046344899670924394
BTC,BTC 8s Çok güçlü ↓,,8,2024+,tümü,409,50.61124694376527,-0.11795097482188643
BTC,BTC 8s Çok güçlü ↓,,8,2024+,✅ z>0,251,45.41832669322709,-0.24507572831550212
BTC,BTC 8s Çok güçlü ↓,,8,2024+,⚠️ −1<z≤0,114,57.89473684210527,0.09036402977130514
BTC,BTC 8s Çok güçlü ↓,,8,2024+,⛔ z≤−1,44,61.36363636363637,0.06751272070706145
BTC,BTC 8s Çok güçlü ↓,,8,2026,tümü,84,42.857142857142854,-0.33880992191189974
BTC,BTC 8s Çok güçlü ↓,,8,2026,✅ z>0,60,40.0,-0.36527240939493205
BTC,BTC 8s Çok güçlü ↓,,8,2026,⚠️ −1<z≤0,15,46.666666666666664,-0.42941550314932697
BTC,BTC 8s Çok güçlü ↓,,8,2026,⛔ z≤−1,9,55.55555555555556,-0.011384036629305944
BTC,BTC 8s Güçlü ↓,📨,8,22-06→23,tümü,545,60.0,0.040681205402905984
BTC,BTC 8s Güçlü ↓,📨,8,22-06→23,✅ z>0,280,58.92857142857143,-0.05562630793150366
BTC,BTC 8s Güçlü ↓,📨,8,22-06→23,⚠️ −1<z≤0,185,61.08108108108108,0.07721130117779113
BTC,BTC 8s Güçlü ↓,📨,8,22-06→23,⛔ z≤−1,80,61.25000000000001,0.293281655593918
BTC,BTC 8s Güçlü ↓,📨,8,2024+,tümü,938,52.345415778251606,-0.03212163057976256
BTC,BTC 8s Güçlü ↓,📨,8,2024+,✅ z>0,550,54.0,-0.04140603765974781
BTC,BTC 8s Güçlü ↓,📨,8,2024+,⚠️ −1<z≤0,247,49.797570850202426,-0.020361162592685854
BTC,BTC 8s Güçlü ↓,📨,8,2024+,⛔ z≤−1,141,50.35460992907801,-0.016507529152926137
BTC,BTC 8s Güçlü ↓,📨,8,2026,tümü,254,53.54330708661418,-0.055292218971852124
BTC,BTC 8s Güçlü ↓,📨,8,2026,✅ z>0,164,54.268292682926834,-0.10139837914859141
BTC,BTC 8s Güçlü ↓,📨,8,2026,⚠️ −1<z≤0,46,47.82608695652174,-0.021327630974578883
BTC,BTC 8s Güçlü ↓,📨,8,2026,⛔ z≤−1,44,56.81818181818182,0.08104958150793584
BTC,BTC ⭐ en güçlü (8s),📨,8,22-06→23,tümü,169,62.1301775147929,0.17204804093348344
BTC,BTC ⭐ en güçlü (8s),📨,8,22-06→23,✅ z>0,92,61.95652173913043,0.0780317407872915
BTC,BTC ⭐ en güçlü (8s),📨,8,22-06→23,⚠️ −1<z≤0,50,57.99999999999999,0.39426739168393155
BTC,BTC ⭐ en güçlü (8s),📨,8,22-06→23,⛔ z≤−1,27,70.37037037037037,0.08088256226412285
BTC,BTC ⭐ en güçlü (8s),📨,8,2024+,tümü,306,61.76470588235294,0.1993505567171113
BTC,BTC ⭐ en güçlü (8s),📨,8,2024+,✅ z>0,125,68.8,0.4179147160719973
BTC,BTC ⭐ en güçlü (8s),📨,8,2024+,⚠️ −1<z≤0,82,63.41463414634146,0.23440040035261692
BTC,BTC ⭐ en güçlü (8s),📨,8,2024+,⛔ z≤−1,99,51.515151515151516,-0.10564547457048659
BTC,BTC ⭐ en güçlü (8s),📨,8,2026,tümü,71,60.56338028169014,0.15564030485256247
BTC,BTC ⭐ en güçlü (8s),📨,8,2026,✅ z>0,27,59.25925925925925,0.22828635566991728
BTC,BTC ⭐ en güçlü (8s),📨,8,2026,⚠️ −1<z≤0,22,77.27272727272727,0.38189250401622826
BTC,BTC ⭐ en güçlü (8s),📨,8,2026,⛔ z≤−1,22,45.45454545454545,-0.15976841122331137
BTC,BTC 🟢 A sınıfı (4s),📨,4,22-06→23,tümü,855,59.53216374269006,0.008974139217793043
BTC,BTC 🟢 A sınıfı (4s),📨,4,22-06→23,✅ z>0,439,61.731207289293856,0.024212634021061205
BTC,BTC 🟢 A sınıfı (4s),📨,4,22-06→23,⚠️ −1<z≤0,259,55.5984555984556,-0.026691175157190647
BTC,BTC 🟢 A sınıfı (4s),📨,4,22-06→23,⛔ z≤−1,157,59.87261146496815,0.025201000392863493
BTC,BTC 🟢 A sınıfı (4s),📨,4,2024+,tümü,1495,57.859531772575245,0.025995936647424406
BTC,BTC 🟢 A sınıfı (4s),📨,4,2024+,✅ z>0,665,60.150375939849624,0.0912714607205542
BTC,BTC 🟢 A sınıfı (4s),📨,4,2024+,⚠️ −1<z≤0,419,56.324582338902154,-0.03512976477979224
BTC,BTC 🟢 A sınıfı (4s),📨,4,2024+,⛔ z≤−1,411,55.71776155717762,-0.017304682843153497
BTC,BTC 🟢 A sınıfı (4s),📨,4,2026,tümü,389,54.24164524421594,-0.025373862817156805
BTC,BTC 🟢 A sınıfı (4s),📨,4,2026,✅ z>0,179,54.7486033519553,0.03658324490841933
BTC,BTC 🟢 A sınıfı (4s),📨,4,2026,⚠️ −1<z≤0,94,56.38297872340425,0.04371016596953315
BTC,BTC 🟢 A sınıfı (4s),📨,4,2026,⛔ z≤−1,116,51.724137931034484,-0.17696197478980316
coin tek başına,ADA tek başına ⭐,📨,8,22-06→23,tümü,166,59.036144578313255,0.26443933724427576
coin tek başına,ADA tek başına ⭐,📨,8,22-06→23,✅ z>0,78,52.56410256410257,0.26123445722839467
coin tek başına,ADA tek başına ⭐,📨,8,22-06→23,⚠️ −1<z≤0,60,66.66666666666666,0.4623315362556276
coin tek başına,ADA tek başına ⭐,📨,8,22-06→23,⛔ z≤−1,28,60.71428571428571,-0.15068749487866667
coin tek başına,ADA tek başına ⭐,📨,8,2024+,tümü,341,53.665689149560116,0.1859291013176174
coin tek başına,ADA tek başına ⭐,📨,8,2024+,✅ z>0,158,55.69620253164557,0.4680993475746748
coin tek başına,ADA tek başına ⭐,📨,8,2024+,⚠️ −1<z≤0,114,50.877192982456144,-0.14406289010674023
coin tek başına,ADA tek başına ⭐,📨,8,2024+,⛔ z≤−1,69,53.62318840579711,0.08500429137213422
coin tek başına,ADA tek başına ⭐,📨,8,2026,tümü,86,45.348837209302324,-0.08284410647988794
coin tek başına,ADA tek başına ⭐,📨,8,2026,✅ z>0,36,47.22222222222222,0.4199881730812268
coin tek başına,ADA tek başına ⭐,📨,8,2026,⚠️ −1<z≤0,30,53.333333333333336,0.09374359280925305
coin tek başına,ADA tek başına ⭐,📨,8,2026,⛔ z≤−1,20,30.0,-1.2528237586236062
coin 🤝 ortak,ADA 🤝 ortak ⭐,📨,4,22-06→23,tümü,95,53.68421052631579,0.02453914944449401
coin 🤝 ortak,ADA 🤝 ortak ⭐,📨,4,22-06→23,✅ z>0,51,54.90196078431373,-0.08778787605321406
coin 🤝 ortak,ADA 🤝 ortak ⭐,📨,4,22-06→23,⚠️ −1<z≤0,32,59.375,0.318606490537241
coin 🤝 ortak,ADA 🤝 ortak ⭐,📨,4,22-06→23,⛔ z≤−1,12,33.33333333333333,-0.28225056843757224
coin 🤝 ortak,ADA 🤝 ortak ⭐,📨,4,2024+,tümü,161,63.975155279503106,0.2580265069560073
coin 🤝 ortak,ADA 🤝 ortak ⭐,📨,4,2024+,✅ z>0,70,65.71428571428571,0.40444656627424613
coin 🤝 ortak,ADA 🤝 ortak ⭐,📨,4,2024+,⚠️ −1<z≤0,49,59.183673469387756,-0.15094204212425133
coin 🤝 ortak,ADA 🤝 ortak ⭐,📨,4,2024+,⛔ z≤−1,42,66.66666666666666,0.49112304868591095
coin 🤝 ortak,ADA 🤝 ortak ⭐,📨,4,2026,tümü,41,68.29268292682927,0.5625598121002858
coin 🤝 ortak,ADA 🤝 ortak ⭐,📨,4,2026,✅ z>0,19,73.68421052631578,0.6952338921903379
coin 🤝 ortak,ADA 🤝 ortak ⭐,📨,4,2026,⚠️ −1<z≤0,11,72.72727272727273,0.7215997628455744
coin 🤝 ortak,ADA 🤝 ortak ⭐,📨,4,2026,⛔ z≤−1,11,54.54545454545454,0.17435554119945232
coin 🔇 sessiz,ADA 🔇 sessiz ⭐,📨,4,22-06→23,tümü,124,57.25806451612904,0.3126368815163277
coin 🔇 sessiz,ADA 🔇 sessiz ⭐,📨,4,22-06→23,✅ z>0,65,60.0,0.2237822223092696
coin 🔇 sessiz,ADA 🔇 sessiz ⭐,📨,4,22-06→23,⚠️ −1<z≤0,44,61.36363636363637,0.46856460849959025
coin 🔇 sessiz,ADA 🔇 sessiz ⭐,📨,4,22-06→23,⛔ z≤−1,15,33.33333333333333,0.24028573892934169
coin 🔇 sessiz,ADA 🔇 sessiz ⭐,📨,4,2024+,tümü,272,59.55882352941176,0.31014754681544765
coin 🔇 sessiz,ADA 🔇 sessiz ⭐,📨,4,2024+,✅ z>0,117,61.53846153846154,0.5280872217860167
coin 🔇 sessiz,ADA 🔇 sessiz ⭐,📨,4,2024+,⚠️ −1<z≤0,97,60.824742268041234,0.10354385970858479
coin 🔇 sessiz,ADA 🔇 sessiz ⭐,📨,4,2024+,⛔ z≤−1,58,53.44827586206896,0.21603747229491563
coin 🔇 sessiz,ADA 🔇 sessiz ⭐,📨,4,2026,tümü,67,50.74626865671642,-0.3294990497969541
coin 🔇 sessiz,ADA 🔇 sessiz ⭐,📨,4,2026,✅ z>0,15,60.0,-0.023340498410850896
coin 🔇 sessiz,ADA 🔇 sessiz ⭐,📨,4,2026,⚠️ −1<z≤0,29,62.06896551724138,-0.1711334581782793
coin 🔇 sessiz,ADA 🔇 sessiz ⭐,📨,4,2026,⛔ z≤−1,23,30.434782608695656,-0.7288460249157858
coin tek başına,ADA tek başına 4s ÇG↑,,4,22-06→23,tümü,413,58.83777239709443,0.1573025328689363
coin tek başına,ADA tek başına 4s ÇG↑,,4,22-06→23,✅ z>0,218,59.174311926605505,0.03048586280203523
coin tek başına,ADA tek başına 4s ÇG↑,,4,22-06→23,⚠️ −1<z≤0,141,61.702127659574465,0.27008783481527315
coin tek başına,ADA tek başına 4s ÇG↑,,4,22-06→23,⛔ z≤−1,54,50.0,0.3747711717606201
coin tek başına,ADA tek başına 4s ÇG↑,,4,2024+,tümü,799,54.81852315394244,0.03378991871939735
coin tek başına,ADA tek başına 4s ÇG↑,,4,2024+,✅ z>0,363,53.168044077134994,-0.007307263871797552
coin tek başına,ADA tek başına 4s ÇG↑,,4,2024+,⚠️ −1<z≤0,260,58.46153846153847,0.12826273692038107
coin tek başına,ADA tek başına 4s ÇG↑,,4,2024+,⛔ z≤−1,176,52.84090909090909,-0.021009259983170794
coin tek başına,ADA tek başına 4s ÇG↑,,4,2026,tümü,233,54.506437768240346,-0.05278298430412559
coin tek başına,ADA tek başına 4s ÇG↑,,4,2026,✅ z>0,100,55.00000000000001,0.0661767014277604
coin tek başına,ADA tek başına 4s ÇG↑,,4,2026,⚠️ −1<z≤0,76,59.210526315789465,0.05923483360588681
coin tek başına,ADA tek başına 4s ÇG↑,,4,2026,⛔ z≤−1,57,47.368421052631575,-0.4108412778892054
coin 🤝 ortak,ADA 🤝 ortak 4s ÇG↑,📨,4,22-06→23,tümü,159,53.459119496855344,0.015471342951613046
coin 🤝 ortak,ADA 🤝 ortak 4s ÇG↑,📨,4,22-06→23,✅ z>0,87,56.32183908045977,-0.03414860354190363
coin 🤝 ortak,ADA 🤝 ortak 4s ÇG↑,📨,4,22-06→23,⚠️ −1<z≤0,56,53.57142857142857,0.1708985440291822
coin 🤝 ortak,ADA 🤝 ortak 4s ÇG↑,📨,4,22-06→23,⛔ z≤−1,16,37.5,-0.25871540176138175
coin 🤝 ortak,ADA 🤝 ortak 4s ÇG↑,📨,4,2024+,tümü,272,61.76470588235294,0.1582432566051882
coin 🤝 ortak,ADA 🤝 ortak 4s ÇG↑,📨,4,2024+,✅ z>0,126,63.49206349206349,0.2245678783884877
coin 🤝 ortak,ADA 🤝 ortak 4s ÇG↑,📨,4,2024+,⚠️ −1<z≤0,80,58.75,-0.13781298855945628
coin 🤝 ortak,ADA 🤝 ortak 4s ÇG↑,📨,4,2024+,⛔ z≤−1,66,62.121212121212125,0.39047957885482143
coin 🤝 ortak,ADA 🤝 ortak 4s ÇG↑,📨,4,2026,tümü,73,61.64383561643836,0.2726976033612154
coin 🤝 ortak,ADA 🤝 ortak 4s ÇG↑,📨,4,2026,✅ z>0,33,66.66666666666666,0.3334656760516004
coin 🤝 ortak,ADA 🤝 ortak 4s ÇG↑,📨,4,2026,⚠️ −1<z≤0,22,63.63636363636363,0.3007226768997811
coin 🤝 ortak,ADA 🤝 ortak 4s ÇG↑,📨,4,2026,⛔ z≤−1,18,50.0,0.1270366024372625
coin 🔇 sessiz,ADA 🔇 sessiz 4s ÇG↑,,4,22-06→23,tümü,245,61.224489795918366,0.2428281932586113
coin 🔇 sessiz,ADA 🔇 sessiz 4s ÇG↑,,4,22-06→23,✅ z>0,128,64.0625,0.15701693301248648
coin 🔇 sessiz,ADA 🔇 sessiz 4s ÇG↑,,4,22-06→23,⚠️ −1<z≤0,86,61.627906976744185,0.3542448106701227
coin 🔇 sessiz,ADA 🔇 sessiz 4s ÇG↑,,4,22-06→23,⛔ z≤−1,31,48.38709677419355,0.2880543937139016
coin 🔇 sessiz,ADA 🔇 sessiz 4s ÇG↑,,4,2024+,tümü,474,55.06329113924051,0.1444389774661574
coin 🔇 sessiz,ADA 🔇 sessiz 4s ÇG↑,,4,2024+,✅ z>0,206,57.76699029126213,0.2396147544910502
coin 🔇 sessiz,ADA 🔇 sessiz 4s ÇG↑,,4,2024+,⚠️ −1<z≤0,165,56.36363636363636,0.1438161343733181
coin 🔇 sessiz,ADA 🔇 sessiz 4s ÇG↑,,4,2024+,⛔ z≤−1,103,47.57281553398058,-0.04491481823102126
coin 🔇 sessiz,ADA 🔇 sessiz 4s ÇG↑,,4,2026,tümü,136,52.20588235294118,-0.20639930978218146
coin 🔇 sessiz,ADA 🔇 sessiz 4s ÇG↑,,4,2026,✅ z>0,48,60.416666666666664,0.0035672242127531757
coin 🔇 sessiz,ADA 🔇 sessiz 4s ÇG↑,,4,2026,⚠️ −1<z≤0,49,59.183673469387756,-0.07063654552709099
coin 🔇 sessiz,ADA 🔇 sessiz 4s ÇG↑,,4,2026,⛔ z≤−1,39,33.33333333333333,-0.6353933887631124
coin tek başına,ADA tek başına A,,4,22-06→23,tümü,779,58.921694480102694,0.16767557839186037
coin tek başına,ADA tek başına A,,4,22-06→23,✅ z>0,435,59.310344827586206,0.19770038310398286
coin tek başına,ADA tek başına A,,4,22-06→23,⚠️ −1<z≤0,234,60.256410256410255,0.08331796263257618
coin tek başına,ADA tek başına A,,4,22-06→23,⛔ z≤−1,110,54.54545454545454,0.22839277873639868
coin tek başına,ADA tek başına A,,4,2024+,tümü,1315,51.33079847908745,-0.030015786042080467
coin tek başına,ADA tek başına A,,4,2024+,✅ z>0,592,50.16891891891891,-0.02031992187675204
coin tek başına,ADA tek başına A,,4,2024+,⚠️ −1<z≤0,461,53.79609544468546,0.05668157596383474
coin tek başına,ADA tek başına A,,4,2024+,⛔ z≤−1,262,49.61832061068702,-0.20447164661689482
coin tek başına,ADA tek başına A,,4,2026,tümü,352,47.72727272727273,-0.14227583409384192
coin tek başına,ADA tek başına A,,4,2026,✅ z>0,151,50.331125827814574,-0.018740311268681736
coin tek başına,ADA tek başına A,,4,2026,⚠️ −1<z≤0,114,46.49122807017544,-0.035027640592044225
coin tek başına,ADA tek başına A,,4,2026,⛔ z≤−1,87,44.827586206896555,-0.49722017898814214
coin 🤝 ortak,ADA 🤝 ortak A,📨,4,22-06→23,tümü,236,55.50847457627118,0.03996795436341156
coin 🤝 ortak,ADA 🤝 ortak A,📨,4,22-06→23,✅ z>0,135,55.55555555555556,0.014152565150024466
coin 🤝 ortak,ADA 🤝 ortak A,📨,4,22-06→23,⚠️ −1<z≤0,72,58.333333333333336,0.15582821472391117
coin 🤝 ortak,ADA 🤝 ortak A,📨,4,22-06→23,⛔ z≤−1,29,48.275862068965516,-0.12751001812447518
coin 🤝 ortak,ADA 🤝 ortak A,📨,4,2024+,tümü,367,58.31062670299727,0.10945981326801521
coin 🤝 ortak,ADA 🤝 ortak A,📨,4,2024+,✅ z>0,163,62.57668711656442,0.2862487454730136
coin 🤝 ortak,ADA 🤝 ortak A,📨,4,2024+,⚠️ −1<z≤0,121,54.54545454545454,-0.17125262210538655
coin 🤝 ortak,ADA 🤝 ortak A,📨,4,2024+,⛔ z≤−1,83,55.42168674698795,0.17150329195195357
coin 🤝 ortak,ADA 🤝 ortak A,📨,4,2026,tümü,92,58.69565217391305,0.23580888836622513
coin 🤝 ortak,ADA 🤝 ortak A,📨,4,2026,✅ z>0,43,67.44186046511628,0.35371295772255346
coin 🤝 ortak,ADA 🤝 ortak A,📨,4,2026,⚠️ −1<z≤0,28,64.28571428571429,0.2627346960639733
coin 🤝 ortak,ADA 🤝 ortak A,📨,4,2026,⛔ z≤−1,21,33.33333333333333,-0.04151480676992103
coin 🔇 sessiz,ADA 🔇 sessiz A,,4,22-06→23,tümü,489,60.122699386503065,0.20178796486827835
coin 🔇 sessiz,ADA 🔇 sessiz A,,4,22-06→23,✅ z>0,273,62.27106227106227,0.2563923164767475
coin 🔇 sessiz,ADA 🔇 sessiz A,,4,22-06→23,⚠️ −1<z≤0,145,57.931034482758626,0.1730311649367874
coin 🔇 sessiz,ADA 🔇 sessiz A,,4,22-06→23,⛔ z≤−1,71,56.33802816901409,0.050559063473265706
coin 🔇 sessiz,ADA 🔇 sessiz A,,4,2024+,tümü,889,50.168728908886386,-0.03952596585904008
coin 🔇 sessiz,ADA 🔇 sessiz A,,4,2024+,✅ z>0,396,47.72727272727273,-0.03867924687225132
coin 🔇 sessiz,ADA 🔇 sessiz A,,4,2024+,⚠️ −1<z≤0,316,51.89873417721519,-0.03233618243189027
coin 🔇 sessiz,ADA 🔇 sessiz A,,4,2024+,⛔ z≤−1,177,52.54237288135594,-0.05425631773332101
coin 🔇 sessiz,ADA 🔇 sessiz A,,4,2026,tümü,237,46.41350210970464,-0.23819164560337255
coin 🔇 sessiz,ADA 🔇 sessiz A,,4,2026,✅ z>0,93,47.31182795698925,-0.037619083886456496
coin 🔇 sessiz,ADA 🔇 sessiz A,,4,2026,⚠️ −1<z≤0,80,47.5,-0.19238710618055244
coin 🔇 sessiz,ADA 🔇 sessiz A,,4,2026,⛔ z≤−1,64,43.75,-0.5869043236267911
coin tek başına,APT tek başına ⭐,,8,22-06→23,tümü,14,78.57142857142857,2.0952160414206116
coin tek başına,APT tek başına ⭐,,8,22-06→23,✅ z>0,4,75.0,1.924042577166031
coin tek başına,APT tek başına ⭐,,8,22-06→23,⚠️ −1<z≤0,6,83.33333333333334,2.65673495008404
coin tek başına,APT tek başına ⭐,,8,22-06→23,⛔ z≤−1,4,75.0,1.4241111426800495
coin tek başına,APT tek başına ⭐,,8,2024+,tümü,257,46.69260700389105,-0.23571328387038634
coin tek başına,APT tek başına ⭐,,8,2024+,✅ z>0,127,45.66929133858268,-0.22636624951514003
coin tek başına,APT tek başına ⭐,,8,2024+,⚠️ −1<z≤0,74,48.64864864864865,-0.16989429427705735
coin tek başına,APT tek başına ⭐,,8,2024+,⛔ z≤−1,56,46.42857142857143,-0.3438861158886472
coin tek başına,APT tek başına ⭐,,8,2026,tümü,50,40.0,-0.7329543029487751
coin tek başına,APT tek başına ⭐,,8,2026,✅ z>0,18,38.88888888888889,-0.3205164701704485
coin tek başına,APT tek başına ⭐,,8,2026,⚠️ −1<z≤0,19,36.84210526315789,-0.8496555651562602
coin tek başına,APT tek başına ⭐,,8,2026,⛔ z≤−1,13,46.15384615384615,-1.1334586881847488
coin 🤝 ortak,APT 🤝 ortak ⭐,📨,4,22-06→23,tümü,6,83.33333333333334,3.3992461091479567
coin 🤝 ortak,APT 🤝 ortak ⭐,📨,4,22-06→23,✅ z>0,1,0.0,-0.43313222079588876
coin 🤝 ortak,APT 🤝 ortak ⭐,📨,4,22-06→23,⚠️ −1<z≤0,3,100.0,5.070839151389331
coin 🤝 ortak,APT 🤝 ortak ⭐,📨,4,22-06→23,⛔ z≤−1,2,100.0,2.8080457107578187
coin 🤝 ortak,APT 🤝 ortak ⭐,📨,4,2024+,tümü,94,60.63829787234043,0.34637360267478307
coin 🤝 ortak,APT 🤝 ortak ⭐,📨,4,2024+,✅ z>0,49,57.14285714285714,0.4003772789070321
coin 🤝 ortak,APT 🤝 ortak ⭐,📨,4,2024+,⚠️ −1<z≤0,24,79.16666666666666,0.6423913224115787
coin 🤝 ortak,APT 🤝 ortak ⭐,📨,4,2024+,⛔ z≤−1,21,47.61904761904761,-0.11794094061394551
coin 🤝 ortak,APT 🤝 ortak ⭐,📨,4,2026,tümü,13,69.23076923076923,1.2065096129098027
coin 🤝 ortak,APT 🤝 ortak ⭐,📨,4,2026,✅ z>0,7,57.14285714285714,1.2835385337990706
coin 🤝 ortak,APT 🤝 ortak ⭐,📨,4,2026,⚠️ −1<z≤0,5,80.0,1.1167571734144177
coin 🤝 ortak,APT 🤝 ortak ⭐,📨,4,2026,⛔ z≤−1,1,100.0,1.1160693641618602
coin 🔇 sessiz,APT 🔇 sessiz ⭐,,4,22-06→23,tümü,7,57.14285714285714,-0.19686559189598915
coin 🔇 sessiz,APT 🔇 sessiz ⭐,,4,22-06→23,✅ z>0,4,75.0,0.49346817862544023
coin 🔇 sessiz,APT 🔇 sessiz ⭐,,4,22-06→23,⚠️ −1<z≤0,2,0.0,-1.730671774619279
coin 🔇 sessiz,APT 🔇 sessiz ⭐,,4,22-06→23,⛔ z≤−1,1,100.0,0.10941169146487355
coin 🔇 sessiz,APT 🔇 sessiz ⭐,,4,2024+,tümü,231,48.917748917748916,-0.12773590571974847
coin 🔇 sessiz,APT 🔇 sessiz ⭐,,4,2024+,✅ z>0,114,44.73684210526316,-0.18671638540759533
coin 🔇 sessiz,APT 🔇 sessiz ⭐,,4,2024+,⚠️ −1<z≤0,72,52.77777777777778,0.131983674350821
coin 🔇 sessiz,APT 🔇 sessiz ⭐,,4,2024+,⛔ z≤−1,45,53.333333333333336,-0.3938700186234471
coin 🔇 sessiz,APT 🔇 sessiz ⭐,,4,2026,tümü,54,40.74074074074074,-0.5514868624402395
coin 🔇 sessiz,APT 🔇 sessiz ⭐,,4,2026,✅ z>0,17,29.411764705882355,-1.1513213289071815
coin 🔇 sessiz,APT 🔇 sessiz ⭐,,4,2026,⚠️ −1<z≤0,23,47.82608695652174,-0.18453875517385898
coin 🔇 sessiz,APT 🔇 sessiz ⭐,,4,2026,⛔ z≤−1,14,42.857142857142854,-0.42595975795371954
coin tek başına,APT tek başına 4s ÇG↑,,4,22-06→23,tümü,44,59.09090909090909,0.5856982335641225
coin tek başına,APT tek başına 4s ÇG↑,,4,22-06→23,✅ z>0,22,63.63636363636363,0.5338448576306868
coin tek başına,APT tek başına 4s ÇG↑,,4,22-06→23,⚠️ −1<z≤0,15,53.333333333333336,0.8339496214423484
coin tek başına,APT tek başına 4s ÇG↑,,4,22-06→23,⛔ z≤−1,7,57.14285714285714,0.2166987267587228
coin tek başına,APT tek başına 4s ÇG↑,,4,2024+,tümü,716,52.0949720670391,-0.0060661104680754625
coin tek başına,APT tek başına 4s ÇG↑,,4,2024+,✅ z>0,359,51.81058495821726,0.10792761981721338
coin tek başına,APT tek başına 4s ÇG↑,,4,2024+,⚠️ −1<z≤0,222,52.25225225225225,-0.06222610336629418
coin tek başına,APT tek başına 4s ÇG↑,,4,2024+,⛔ z≤−1,135,52.59259259259259,-0.21685300490521733
coin tek başına,APT tek başına 4s ÇG↑,,4,2026,tümü,199,46.733668341708544,-0.10014485650232324
coin tek başına,APT tek başına 4s ÇG↑,,4,2026,✅ z>0,90,50.0,-0.05980291337271678
coin tek başına,APT tek başına 4s ÇG↑,,4,2026,⚠️ −1<z≤0,70,41.42857142857143,-0.12278694450522824
coin tek başına,APT tek başına 4s ÇG↑,,4,2026,⛔ z≤−1,39,48.717948717948715,-0.15260200320645706
coin 🤝 ortak,APT 🤝 ortak 4s ÇG↑,📨,4,22-06→23,tümü,11,90.9090909090909,2.317574913780761
coin 🤝 ortak,APT 🤝 ortak 4s ÇG↑,📨,4,22-06→23,✅ z>0,5,80.0,0.7039199104687377
coin 🤝 ortak,APT 🤝 ortak 4s ÇG↑,📨,4,22-06→23,⚠️ −1<z≤0,4,100.0,4.08940826943226
coin 🤝 ortak,APT 🤝 ortak 4s ÇG↑,📨,4,22-06→23,⛔ z≤−1,2,100.0,2.8080457107578187
coin 🤝 ortak,APT 🤝 ortak 4s ÇG↑,📨,4,2024+,tümü,188,58.51063829787234,0.12952472908845236
coin 🤝 ortak,APT 🤝 ortak 4s ÇG↑,📨,4,2024+,✅ z>0,86,54.65116279069767,0.2779140615604274
coin 🤝 ortak,APT 🤝 ortak 4s ÇG↑,📨,4,2024+,⚠️ −1<z≤0,61,70.49180327868852,-0.04519116747729763
coin 🤝 ortak,APT 🤝 ortak 4s ÇG↑,📨,4,2024+,⛔ z≤−1,41,48.78048780487805,0.07821221928164544
coin 🤝 ortak,APT 🤝 ortak 4s ÇG↑,📨,4,2026,tümü,38,57.89473684210527,0.37016463506279673
coin 🤝 ortak,APT 🤝 ortak 4s ÇG↑,📨,4,2026,✅ z>0,16,62.5,0.670759930650224
coin 🤝 ortak,APT 🤝 ortak 4s ÇG↑,📨,4,2026,⚠️ −1<z≤0,15,60.0,0.1650052517290617
coin 🤝 ortak,APT 🤝 ortak 4s ÇG↑,📨,4,2026,⛔ z≤−1,7,42.857142857142854,0.12271692372096722
coin 🔇 sessiz,APT 🔇 sessiz 4s ÇG↑,,4,22-06→23,tümü,30,40.0,-0.15897080991721116
coin 🔇 sessiz,APT 🔇 sessiz 4s ÇG↑,,4,22-06→23,✅ z>0,16,43.75,0.14468667223298018
coin 🔇 sessiz,APT 🔇 sessiz 4s ÇG↑,,4,22-06→23,⚠️ −1<z≤0,11,36.36363636363637,-0.5089055853090076
coin 🔇 sessiz,APT 🔇 sessiz 4s ÇG↑,,4,22-06→23,⛔ z≤−1,3,33.33333333333333,-0.49538320494831206
coin 🔇 sessiz,APT 🔇 sessiz 4s ÇG↑,,4,2024+,tümü,514,50.778210116731515,0.05279997849131937
coin 🔇 sessiz,APT 🔇 sessiz 4s ÇG↑,,4,2024+,✅ z>0,256,52.34375,0.20859844277694387
coin 🔇 sessiz,APT 🔇 sessiz 4s ÇG↑,,4,2024+,⚠️ −1<z≤0,172,48.25581395348838,0.011534145542788105
coin 🔇 sessiz,APT 🔇 sessiz 4s ÇG↑,,4,2024+,⛔ z≤−1,86,51.162790697674424,-0.32844052836882603
coin 🔇 sessiz,APT 🔇 sessiz 4s ÇG↑,,4,2026,tümü,147,48.29931972789115,-0.0661335126257342
coin 🔇 sessiz,APT 🔇 sessiz 4s ÇG↑,,4,2026,✅ z>0,67,50.74626865671642,-0.0947384846091377
coin 🔇 sessiz,APT 🔇 sessiz 4s ÇG↑,,4,2026,⚠️ −1<z≤0,54,46.2962962962963,0.0415502308118392
coin 🔇 sessiz,APT 🔇 sessiz 4s ÇG↑,,4,2026,⛔ z≤−1,26,46.15384615384615,-0.2160715519619238
coin tek başına,APT tek başına A,,4,22-06→23,tümü,0,,
coin tek başına,APT tek başına A,,4,22-06→23,✅ z>0,0,,
coin tek başına,APT tek başına A,,4,22-06→23,⚠️ −1<z≤0,0,,
coin tek başına,APT tek başına A,,4,22-06→23,⛔ z≤−1,0,,
coin tek başına,APT tek başına A,,4,2024+,tümü,1089,50.13774104683195,-0.08199908747588809
coin tek başına,APT tek başına A,,4,2024+,✅ z>0,537,48.78957169459962,-0.08479637338243104
coin tek başına,APT tek başına A,,4,2024+,⚠️ −1<z≤0,352,51.42045454545454,-0.057708620412445
coin tek başına,APT tek başına A,,4,2024+,⛔ z≤−1,200,51.5,-0.11723959684848022
coin tek başına,APT tek başına A,,4,2026,tümü,310,46.45161290322581,-0.0736651281703133
coin tek başına,APT tek başına A,,4,2026,✅ z>0,144,45.13888888888889,-0.08137980260553265
coin tek başına,APT tek başına A,,4,2026,⚠️ −1<z≤0,110,47.27272727272727,0.0048588455466080085
coin tek başına,APT tek başına A,,4,2026,⛔ z≤−1,56,48.214285714285715,-0.20807091370941588
coin 🤝 ortak,APT 🤝 ortak A,,4,22-06→23,tümü,0,,
coin 🤝 ortak,APT 🤝 ortak A,,4,22-06→23,✅ z>0,0,,
coin 🤝 ortak,APT 🤝 ortak A,,4,22-06→23,⚠️ −1<z≤0,0,,
coin 🤝 ortak,APT 🤝 ortak A,,4,22-06→23,⛔ z≤−1,0,,
coin 🤝 ortak,APT 🤝 ortak A,,4,2024+,tümü,245,56.734693877551024,0.1831069826135783
coin 🤝 ortak,APT 🤝 ortak A,,4,2024+,✅ z>0,109,61.46788990825688,0.5374389616375823
coin 🤝 ortak,APT 🤝 ortak A,,4,2024+,⚠️ −1<z≤0,83,55.42168674698795,0.005537372752684955
coin 🤝 ortak,APT 🤝 ortak A,,4,2024+,⛔ z≤−1,53,49.056603773584904,-0.2675327927668418
coin 🤝 ortak,APT 🤝 ortak A,,4,2026,tümü,54,61.111111111111114,0.43758846623693415
coin 🤝 ortak,APT 🤝 ortak A,,4,2026,✅ z>0,22,59.09090909090909,0.5436035975354749
coin 🤝 ortak,APT 🤝 ortak A,,4,2026,⚠️ −1<z≤0,20,60.0,0.3389216754833537
coin 🤝 ortak,APT 🤝 ortak A,,4,2026,⛔ z≤−1,12,66.66666666666666,0.4076720434455776
coin 🔇 sessiz,APT 🔇 sessiz A,,4,22-06→23,tümü,0,,
coin 🔇 sessiz,APT 🔇 sessiz A,,4,22-06→23,✅ z>0,0,,
coin 🔇 sessiz,APT 🔇 sessiz A,,4,22-06→23,⚠️ −1<z≤0,0,,
coin 🔇 sessiz,APT 🔇 sessiz A,,4,22-06→23,⛔ z≤−1,0,,
coin 🔇 sessiz,APT 🔇 sessiz A,,4,2024+,tümü,813,49.20049200492005,-0.0662409626951426
coin 🔇 sessiz,APT 🔇 sessiz A,,4,2024+,✅ z>0,412,48.786407766990294,-0.0476633426963122
coin 🔇 sessiz,APT 🔇 sessiz A,,4,2024+,⚠️ −1<z≤0,271,48.708487084870846,-0.1082423019578014
coin 🔇 sessiz,APT 🔇 sessiz A,,4,2024+,⛔ z≤−1,130,51.53846153846153,-0.03756108961312432
coin 🔇 sessiz,APT 🔇 sessiz A,,4,2026,tümü,242,45.45454545454545,-0.11039799161991111
coin 🔇 sessiz,APT 🔇 sessiz A,,4,2026,✅ z>0,126,45.23809523809524,-0.059155730213143534
coin 🔇 sessiz,APT 🔇 sessiz A,,4,2026,⚠️ −1<z≤0,79,46.835443037974684,-0.07182160383766295
coin 🔇 sessiz,APT 🔇 sessiz A,,4,2026,⛔ z≤−1,37,43.24324324324324,-0.3672644665401903
coin tek başına,ARB tek başına ⭐,,8,22-06→23,tümü,0,,
coin tek başına,ARB tek başına ⭐,,8,22-06→23,✅ z>0,0,,
coin tek başına,ARB tek başına ⭐,,8,22-06→23,⚠️ −1<z≤0,0,,
coin tek başına,ARB tek başına ⭐,,8,22-06→23,⛔ z≤−1,0,,
coin tek başına,ARB tek başına ⭐,,8,2024+,tümü,195,49.743589743589745,-0.28195129493882576
coin tek başına,ARB tek başına ⭐,,8,2024+,✅ z>0,93,48.38709677419355,0.04092857653861976
coin tek başına,ARB tek başına ⭐,,8,2024+,⚠️ −1<z≤0,72,54.166666666666664,-0.24235766584827928
coin tek başına,ARB tek başına ⭐,,8,2024+,⛔ z≤−1,30,43.333333333333336,-1.3779036063362187
coin tek başına,ARB tek başına ⭐,,8,2026,tümü,56,50.0,0.4334933027851026
coin tek başına,ARB tek başına ⭐,,8,2026,✅ z>0,27,48.148148148148145,1.175084220508381
coin tek başına,ARB tek başına ⭐,,8,2026,⚠️ −1<z≤0,24,58.333333333333336,-0.050163057376287
coin tek başına,ARB tek başına ⭐,,8,2026,⛔ z≤−1,5,20.0,-1.2495471241459286
coin 🤝 ortak,ARB 🤝 ortak ⭐,,4,22-06→23,tümü,0,,
coin 🤝 ortak,ARB 🤝 ortak ⭐,,4,22-06→23,✅ z>0,0,,
coin 🤝 ortak,ARB 🤝 ortak ⭐,,4,22-06→23,⚠️ −1<z≤0,0,,
coin 🤝 ortak,ARB 🤝 ortak ⭐,,4,22-06→23,⛔ z≤−1,0,,
coin 🤝 ortak,ARB 🤝 ortak ⭐,,4,2024+,tümü,91,58.24175824175825,0.06808585948342054
coin 🤝 ortak,ARB 🤝 ortak ⭐,,4,2024+,✅ z>0,38,65.78947368421053,0.8361204287525175
coin 🤝 ortak,ARB 🤝 ortak ⭐,,4,2024+,⚠️ −1<z≤0,32,56.25,-0.7075764668765229
coin 🤝 ortak,ARB 🤝 ortak ⭐,,4,2024+,⛔ z≤−1,21,47.61904761904761,-0.13972933997884165
coin 🤝 ortak,ARB 🤝 ortak ⭐,,4,2026,tümü,17,64.70588235294117,0.5088168943777645
coin 🤝 ortak,ARB 🤝 ortak ⭐,,4,2026,✅ z>0,8,75.0,0.9628402551388415
coin 🤝 ortak,ARB 🤝 ortak ⭐,,4,2026,⚠️ −1<z≤0,8,62.5,0.17302695568049953
coin 🤝 ortak,ARB 🤝 ortak ⭐,,4,2026,⛔ z≤−1,1,0.0,-0.43705048213273257
coin 🔇 sessiz,ARB 🔇 sessiz ⭐,,4,22-06→23,tümü,0,,
coin 🔇 sessiz,ARB 🔇 sessiz ⭐,,4,22-06→23,✅ z>0,0,,
coin 🔇 sessiz,ARB 🔇 sessiz ⭐,,4,22-06→23,⚠️ −1<z≤0,0,,
coin 🔇 sessiz,ARB 🔇 sessiz ⭐,,4,22-06→23,⛔ z≤−1,0,,
coin 🔇 sessiz,ARB 🔇 sessiz ⭐,,4,2024+,tümü,183,49.18032786885246,-0.03305939035584207
coin 🔇 sessiz,ARB 🔇 sessiz ⭐,,4,2024+,✅ z>0,84,53.57142857142857,0.22292035740792854
coin 🔇 sessiz,ARB 🔇 sessiz ⭐,,4,2024+,⚠️ −1<z≤0,73,49.31506849315068,-0.13792158820076203
coin 🔇 sessiz,ARB 🔇 sessiz ⭐,,4,2024+,⛔ z≤−1,26,34.61538461538461,-0.5656500968742105
coin 🔇 sessiz,ARB 🔇 sessiz ⭐,,4,2026,tümü,62,46.774193548387096,0.2566587908798612
coin 🔇 sessiz,ARB 🔇 sessiz ⭐,,4,2026,✅ z>0,30,56.666666666666664,0.6591145866696763
coin 🔇 sessiz,ARB 🔇 sessiz ⭐,,4,2026,⚠️ −1<z≤0,26,42.30769230769231,-0.02927723800469187
coin 🔇 sessiz,ARB 🔇 sessiz ⭐,,4,2026,⛔ z≤−1,6,16.666666666666664,-0.5165640629028179
coin tek başına,ARB tek başına 4s ÇG↑,,4,22-06→23,tümü,0,,
coin tek başına,ARB tek başına 4s ÇG↑,,4,22-06→23,✅ z>0,0,,
coin tek başına,ARB tek başına 4s ÇG↑,,4,22-06→23,⚠️ −1<z≤0,0,,
coin tek başına,ARB tek başına 4s ÇG↑,,4,22-06→23,⛔ z≤−1,0,,
coin tek başına,ARB tek başına 4s ÇG↑,,4,2024+,tümü,587,53.4923339011925,0.025099338594521008
coin tek başına,ARB tek başına 4s ÇG↑,,4,2024+,✅ z>0,273,52.74725274725275,0.16356767868406
coin tek başına,ARB tek başına 4s ÇG↑,,4,2024+,⚠️ −1<z≤0,217,56.68202764976959,-0.06360490521649534
coin tek başına,ARB tek başına 4s ÇG↑,,4,2024+,⛔ z≤−1,97,48.45360824742268,-0.16616907313180504
coin tek başına,ARB tek başına 4s ÇG↑,,4,2026,tümü,171,54.97076023391813,0.39482948622247677
coin tek başına,ARB tek başına 4s ÇG↑,,4,2026,✅ z>0,89,59.55056179775281,0.7555586224093528
coin tek başına,ARB tek başına 4s ÇG↑,,4,2026,⚠️ −1<z≤0,66,56.060606060606055,0.14823269261187463
coin tek başına,ARB tek başına 4s ÇG↑,,4,2026,⛔ z≤−1,16,25.0,-0.5945145601732859
coin 🤝 ortak,ARB 🤝 ortak 4s ÇG↑,📨,4,22-06→23,tümü,0,,
coin 🤝 ortak,ARB 🤝 ortak 4s ÇG↑,📨,4,22-06→23,✅ z>0,0,,
coin 🤝 ortak,ARB 🤝 ortak 4s ÇG↑,📨,4,22-06→23,⚠️ −1<z≤0,0,,
coin 🤝 ortak,ARB 🤝 ortak 4s ÇG↑,📨,4,22-06→23,⛔ z≤−1,0,,
coin 🤝 ortak,ARB 🤝 ortak 4s ÇG↑,📨,4,2024+,tümü,191,61.78010471204188,0.28585633886481937
coin 🤝 ortak,ARB 🤝 ortak 4s ÇG↑,📨,4,2024+,✅ z>0,92,66.30434782608695,0.6156477367092258
coin 🤝 ortak,ARB 🤝 ortak 4s ÇG↑,📨,4,2024+,⚠️ −1<z≤0,55,58.18181818181818,-0.14605356854390564
coin 🤝 ortak,ARB 🤝 ortak 4s ÇG↑,📨,4,2024+,⛔ z≤−1,44,56.81818181818182,0.1361798912692398
coin 🤝 ortak,ARB 🤝 ortak 4s ÇG↑,📨,4,2026,tümü,48,66.66666666666666,0.857716280005767
coin 🤝 ortak,ARB 🤝 ortak 4s ÇG↑,📨,4,2026,✅ z>0,27,74.07407407407408,1.3163114931820783
coin 🤝 ortak,ARB 🤝 ortak 4s ÇG↑,📨,4,2026,⚠️ −1<z≤0,15,53.333333333333336,0.2708645527503317
coin 🤝 ortak,ARB 🤝 ortak 4s ÇG↑,📨,4,2026,⛔ z≤−1,6,66.66666666666666,0.26116713885095333
coin 🔇 sessiz,ARB 🔇 sessiz 4s ÇG↑,,4,22-06→23,tümü,0,,
coin 🔇 sessiz,ARB 🔇 sessiz 4s ÇG↑,,4,22-06→23,✅ z>0,0,,
coin 🔇 sessiz,ARB 🔇 sessiz 4s ÇG↑,,4,22-06→23,⚠️ −1<z≤0,0,,
coin 🔇 sessiz,ARB 🔇 sessiz 4s ÇG↑,,4,22-06→23,⛔ z≤−1,0,,
coin 🔇 sessiz,ARB 🔇 sessiz 4s ÇG↑,,4,2024+,tümü,379,50.131926121372025,0.003105739917057403
coin 🔇 sessiz,ARB 🔇 sessiz 4s ÇG↑,,4,2024+,✅ z>0,176,49.43181818181818,0.00611502245647002
coin 🔇 sessiz,ARB 🔇 sessiz 4s ÇG↑,,4,2024+,⚠️ −1<z≤0,142,54.22535211267606,0.09563017767126324
coin 🔇 sessiz,ARB 🔇 sessiz 4s ÇG↑,,4,2024+,⛔ z≤−1,61,42.62295081967213,-0.22096153693595674
coin 🔇 sessiz,ARB 🔇 sessiz 4s ÇG↑,,4,2026,tümü,119,50.42016806722689,0.27251823873502856
coin 🔇 sessiz,ARB 🔇 sessiz 4s ÇG↑,,4,2026,✅ z>0,68,55.88235294117647,0.520923557242948
coin 🔇 sessiz,ARB 🔇 sessiz 4s ÇG↑,,4,2026,⚠️ −1<z≤0,42,50.0,0.07439604289784665
coin 🔇 sessiz,ARB 🔇 sessiz 4s ÇG↑,,4,2026,⛔ z≤−1,9,11.11111111111111,-0.6797516983068465
coin tek başına,ARB tek başına A,,4,22-06→23,tümü,0,,
coin tek başına,ARB tek başına A,,4,22-06→23,✅ z>0,0,,
coin tek başına,ARB tek başına A,,4,22-06→23,⚠️ −1<z≤0,0,,
coin tek başına,ARB tek başına A,,4,22-06→23,⛔ z≤−1,0,,
coin tek başına,ARB tek başına A,,4,2024+,tümü,846,51.30023640661938,0.05838913733367072
coin tek başına,ARB tek başına A,,4,2024+,✅ z>0,373,50.134048257372655,0.09329481200570419
coin tek başına,ARB tek başına A,,4,2024+,⚠️ −1<z≤0,326,53.06748466257669,0.05198216179094782
coin tek başına,ARB tek başına A,,4,2024+,⛔ z≤−1,147,50.34013605442177,-0.015972377127151466
coin tek başına,ARB tek başına A,,4,2026,tümü,296,47.2972972972973,0.1732981476665375
coin tek başına,ARB tek başına A,,4,2026,✅ z>0,135,48.148148148148145,0.2303768794744124
coin tek başına,ARB tek başına A,,4,2026,⚠️ −1<z≤0,119,50.42016806722689,0.32497515346071404
coin tek başına,ARB tek başına A,,4,2026,⛔ z≤−1,42,35.714285714285715,-0.4399207209898938
coin 🤝 ortak,ARB 🤝 ortak A,📨,4,22-06→23,tümü,0,,
coin 🤝 ortak,ARB 🤝 ortak A,📨,4,22-06→23,✅ z>0,0,,
coin 🤝 ortak,ARB 🤝 ortak A,📨,4,22-06→23,⚠️ −1<z≤0,0,,
coin 🤝 ortak,ARB 🤝 ortak A,📨,4,22-06→23,⛔ z≤−1,0,,
coin 🤝 ortak,ARB 🤝 ortak A,📨,4,2024+,tümü,228,60.08771929824561,0.17377238022496685
coin 🤝 ortak,ARB 🤝 ortak A,📨,4,2024+,✅ z>0,102,59.80392156862745,0.11508403831001285
coin 🤝 ortak,ARB 🤝 ortak A,📨,4,2024+,⚠️ −1<z≤0,82,56.09756097560976,0.24806546736810633
coin 🤝 ortak,ARB 🤝 ortak A,📨,4,2024+,⛔ z≤−1,44,68.18181818181817,0.17136732862469134
coin 🤝 ortak,ARB 🤝 ortak A,📨,4,2026,tümü,69,68.11594202898551,0.7647759921227517
coin 🤝 ortak,ARB 🤝 ortak A,📨,4,2026,✅ z>0,29,75.86206896551724,1.3131315316217433
coin 🤝 ortak,ARB 🤝 ortak A,📨,4,2026,⚠️ −1<z≤0,30,56.666666666666664,0.25375025405343354
coin 🤝 ortak,ARB 🤝 ortak A,📨,4,2026,⛔ z≤−1,10,80.0,0.7076221417836294
coin 🔇 sessiz,ARB 🔇 sessiz A,,4,22-06→23,tümü,0,,
coin 🔇 sessiz,ARB 🔇 sessiz A,,4,22-06→23,✅ z>0,0,,
coin 🔇 sessiz,ARB 🔇 sessiz A,,4,22-06→23,⚠️ −1<z≤0,0,,
coin 🔇 sessiz,ARB 🔇 sessiz A,,4,22-06→23,⛔ z≤−1,0,,
coin 🔇 sessiz,ARB 🔇 sessiz A,,4,2024+,tümü,623,49.75922953451043,0.03978195889214314
coin 🔇 sessiz,ARB 🔇 sessiz A,,4,2024+,✅ z>0,273,49.45054945054945,0.0017198893160442852
coin 🔇 sessiz,ARB 🔇 sessiz A,,4,2024+,⚠️ −1<z≤0,237,53.16455696202531,0.16481012747215848
coin 🔇 sessiz,ARB 🔇 sessiz A,,4,2024+,⛔ z≤−1,113,43.36283185840708,-0.13048999649890683
coin 🔇 sessiz,ARB 🔇 sessiz A,,4,2026,tümü,232,47.41379310344828,0.13066493959855496
coin 🔇 sessiz,ARB 🔇 sessiz A,,4,2026,✅ z>0,112,49.107142857142854,0.11112450558755853
coin 🔇 sessiz,ARB 🔇 sessiz A,,4,2026,⚠️ −1<z≤0,88,51.13636363636363,0.3285013908604154
coin 🔇 sessiz,ARB 🔇 sessiz A,,4,2026,⛔ z≤−1,32,31.25,-0.3449937823330739
coin tek başına,BNB tek başına ⭐,,8,22-06→23,tümü,0,,
coin tek başına,BNB tek başına ⭐,,8,22-06→23,✅ z>0,0,,
coin tek başına,BNB tek başına ⭐,,8,22-06→23,⚠️ −1<z≤0,0,,
coin tek başına,BNB tek başına ⭐,,8,22-06→23,⛔ z≤−1,0,,
coin tek başına,BNB tek başına ⭐,,8,2024+,tümü,69,59.42028985507246,-0.12285537803817337
coin tek başına,BNB tek başına ⭐,,8,2024+,✅ z>0,28,75.0,0.26612218147084504
coin tek başına,BNB tek başına ⭐,,8,2024+,⚠️ −1<z≤0,20,60.0,0.05062008480787748
coin tek başına,BNB tek başına ⭐,,8,2024+,⛔ z≤−1,21,38.095238095238095,-0.8067068505702466
coin tek başına,BNB tek başına ⭐,,8,2026,tümü,58,58.620689655172406,-0.11417536282237528
coin tek başına,BNB tek başına ⭐,,8,2026,✅ z>0,22,77.27272727272727,0.3007303267877355
coin tek başına,BNB tek başına ⭐,,8,2026,⚠️ −1<z≤0,18,55.55555555555556,-0.12574772896409922
coin tek başına,BNB tek başına ⭐,,8,2026,⛔ z≤−1,18,38.88888888888889,-0.6097099506485646
coin 🤝 ortak,BNB 🤝 ortak ⭐,📨,4,22-06→23,tümü,0,,
coin 🤝 ortak,BNB 🤝 ortak ⭐,📨,4,22-06→23,✅ z>0,0,,
coin 🤝 ortak,BNB 🤝 ortak ⭐,📨,4,22-06→23,⚠️ −1<z≤0,0,,
coin 🤝 ortak,BNB 🤝 ortak ⭐,📨,4,22-06→23,⛔ z≤−1,0,,
coin 🤝 ortak,BNB 🤝 ortak ⭐,📨,4,2024+,tümü,28,53.57142857142857,0.08264147830236626
coin 🤝 ortak,BNB 🤝 ortak ⭐,📨,4,2024+,✅ z>0,15,66.66666666666666,0.15734159936227135
coin 🤝 ortak,BNB 🤝 ortak ⭐,📨,4,2024+,⚠️ −1<z≤0,8,37.5,-0.07323176353585972
coin 🤝 ortak,BNB 🤝 ortak ⭐,📨,4,2024+,⛔ z≤−1,5,40.0,0.10793830206381248
coin 🤝 ortak,BNB 🤝 ortak ⭐,📨,4,2026,tümü,21,52.38095238095239,0.026663386846355077
coin 🤝 ortak,BNB 🤝 ortak ⭐,📨,4,2026,✅ z>0,13,69.23076923076923,0.16246006177897504
coin 🤝 ortak,BNB 🤝 ortak ⭐,📨,4,2026,⚠️ −1<z≤0,5,20.0,-0.35879761582075614
coin 🤝 ortak,BNB 🤝 ortak ⭐,📨,4,2026,⛔ z≤−1,3,33.33333333333333,0.08064613325018698
coin 🔇 sessiz,BNB 🔇 sessiz ⭐,📨,4,22-06→23,tümü,0,,
coin 🔇 sessiz,BNB 🔇 sessiz ⭐,📨,4,22-06→23,✅ z>0,0,,
coin 🔇 sessiz,BNB 🔇 sessiz ⭐,📨,4,22-06→23,⚠️ −1<z≤0,0,,
coin 🔇 sessiz,BNB 🔇 sessiz ⭐,📨,4,22-06→23,⛔ z≤−1,0,,
coin 🔇 sessiz,BNB 🔇 sessiz ⭐,📨,4,2024+,tümü,43,51.162790697674424,-0.3582075694629557
coin 🔇 sessiz,BNB 🔇 sessiz ⭐,📨,4,2024+,✅ z>0,19,73.68421052631578,0.23714408107053972
coin 🔇 sessiz,BNB 🔇 sessiz ⭐,📨,4,2024+,⚠️ −1<z≤0,13,46.15384615384615,-0.047644090628132206
coin 🔇 sessiz,BNB 🔇 sessiz ⭐,📨,4,2024+,⛔ z≤−1,11,18.181818181818183,-1.7535718044619664
coin 🔇 sessiz,BNB 🔇 sessiz ⭐,📨,4,2026,tümü,34,55.88235294117647,-0.210164772491479
coin 🔇 sessiz,BNB 🔇 sessiz ⭐,📨,4,2026,✅ z>0,13,84.61538461538461,0.37272275597692683
coin 🔇 sessiz,BNB 🔇 sessiz ⭐,📨,4,2026,⚠️ −1<z≤0,13,46.15384615384615,-0.047644090628132206
coin 🔇 sessiz,BNB 🔇 sessiz ⭐,📨,4,2026,⛔ z≤−1,8,25.0,-1.421453114280577
coin tek başına,BNB tek başına 4s ÇG↑,📨,4,22-06→23,tümü,0,,
coin tek başına,BNB tek başına 4s ÇG↑,📨,4,22-06→23,✅ z>0,0,,
coin tek başına,BNB tek başına 4s ÇG↑,📨,4,22-06→23,⚠️ −1<z≤0,0,,
coin tek başına,BNB tek başına 4s ÇG↑,📨,4,22-06→23,⛔ z≤−1,0,,
coin tek başına,BNB tek başına 4s ÇG↑,📨,4,2024+,tümü,204,55.88235294117647,-0.052026227514566814
coin tek başına,BNB tek başına 4s ÇG↑,📨,4,2024+,✅ z>0,101,59.4059405940594,0.07527258494114761
coin tek başına,BNB tek başına 4s ÇG↑,📨,4,2024+,⚠️ −1<z≤0,60,60.0,0.053900829524397204
coin tek başına,BNB tek başına 4s ÇG↑,📨,4,2024+,⛔ z≤−1,43,41.86046511627907,-0.4988356107788693
coin tek başına,BNB tek başına 4s ÇG↑,📨,4,2026,tümü,167,57.48502994011976,-0.031558858876401266
coin tek başına,BNB tek başına 4s ÇG↑,📨,4,2026,✅ z>0,80,61.25000000000001,0.0846806938327327
coin tek başına,BNB tek başına 4s ÇG↑,📨,4,2026,⚠️ −1<z≤0,50,62.0,0.10505239702837967
coin tek başına,BNB tek başına 4s ÇG↑,📨,4,2026,⛔ z≤−1,37,43.24324324324324,-0.4674974267674763
coin 🤝 ortak,BNB 🤝 ortak 4s ÇG↑,📨,4,22-06→23,tümü,0,,
coin 🤝 ortak,BNB 🤝 ortak 4s ÇG↑,📨,4,22-06→23,✅ z>0,0,,
coin 🤝 ortak,BNB 🤝 ortak 4s ÇG↑,📨,4,22-06→23,⚠️ −1<z≤0,0,,
coin 🤝 ortak,BNB 🤝 ortak 4s ÇG↑,📨,4,22-06→23,⛔ z≤−1,0,,
coin 🤝 ortak,BNB 🤝 ortak 4s ÇG↑,📨,4,2024+,tümü,82,64.63414634146342,0.18119016608322502
coin 🤝 ortak,BNB 🤝 ortak 4s ÇG↑,📨,4,2024+,✅ z>0,38,71.05263157894737,0.24218664491731146
coin 🤝 ortak,BNB 🤝 ortak 4s ÇG↑,📨,4,2024+,⚠️ −1<z≤0,23,60.86956521739131,0.15887826030047247
coin 🤝 ortak,BNB 🤝 ortak 4s ÇG↑,📨,4,2024+,⛔ z≤−1,21,57.14285714285714,0.09525243452646445
coin 🤝 ortak,BNB 🤝 ortak 4s ÇG↑,📨,4,2026,tümü,67,61.19402985074627,0.11425732160564021
coin 🤝 ortak,BNB 🤝 ortak 4s ÇG↑,📨,4,2026,✅ z>0,32,68.75,0.24847994362846615
coin 🤝 ortak,BNB 🤝 ortak 4s ÇG↑,📨,4,2026,⚠️ −1<z≤0,18,55.55555555555556,0.07056164885460744
coin 🤝 ortak,BNB 🤝 ortak 4s ÇG↑,📨,4,2026,⛔ z≤−1,17,52.94117647058824,-0.09213101928917396
coin 🔇 sessiz,BNB 🔇 sessiz 4s ÇG↑,,4,22-06→23,tümü,0,,
coin 🔇 sessiz,BNB 🔇 sessiz 4s ÇG↑,,4,22-06→23,✅ z>0,0,,
coin 🔇 sessiz,BNB 🔇 sessiz 4s ÇG↑,,4,22-06→23,⚠️ −1<z≤0,0,,
coin 🔇 sessiz,BNB 🔇 sessiz 4s ÇG↑,,4,22-06→23,⛔ z≤−1,0,,
coin 🔇 sessiz,BNB 🔇 sessiz 4s ÇG↑,,4,2024+,tümü,119,47.89915966386555,-0.2657263151381413
coin 🔇 sessiz,BNB 🔇 sessiz 4s ÇG↑,,4,2024+,✅ z>0,62,56.451612903225815,-0.030731844152735603
coin 🔇 sessiz,BNB 🔇 sessiz 4s ÇG↑,,4,2024+,⚠️ −1<z≤0,31,48.38709677419355,-0.10491518986880327
coin 🔇 sessiz,BNB 🔇 sessiz 4s ÇG↑,,4,2024+,⛔ z≤−1,26,26.923076923076923,-1.0178340876167808
coin 🔇 sessiz,BNB 🔇 sessiz 4s ÇG↑,,4,2026,tümü,101,49.504950495049506,-0.2245002725337499
coin 🔇 sessiz,BNB 🔇 sessiz 4s ÇG↑,,4,2026,✅ z>0,50,57.99999999999999,-0.014357579746179653
coin 🔇 sessiz,BNB 🔇 sessiz 4s ÇG↑,,4,2026,⚠️ −1<z≤0,28,50.0,-0.12180811412144514
coin 🔇 sessiz,BNB 🔇 sessiz 4s ÇG↑,,4,2026,⛔ z≤−1,23,30.434782608695656,-0.8063487540521436
coin tek başına,BNB tek başına A,📨,4,22-06→23,tümü,0,,
coin tek başına,BNB tek başına A,📨,4,22-06→23,✅ z>0,0,,
coin tek başına,BNB tek başına A,📨,4,22-06→23,⚠️ −1<z≤0,0,,
coin tek başına,BNB tek başına A,📨,4,22-06→23,⛔ z≤−1,0,,
coin tek başına,BNB tek başına A,📨,4,2024+,tümü,420,57.38095238095238,0.033299820629133316
coin tek başına,BNB tek başına A,📨,4,2024+,✅ z>0,189,59.25925925925925,0.0599584099307727
coin tek başına,BNB tek başına A,📨,4,2024+,⚠️ −1<z≤0,127,56.69291338582677,0.04443686064670523
coin tek başına,BNB tek başına A,📨,4,2024+,⛔ z≤−1,104,54.807692307692314,-0.028747078027034644
coin tek başına,BNB tek başına A,📨,4,2026,tümü,342,57.60233918128655,0.010162439579716612
coin tek başına,BNB tek başına A,📨,4,2026,✅ z>0,159,60.37735849056604,0.04540785258200448
coin tek başına,BNB tek başına A,📨,4,2026,⚠️ −1<z≤0,104,57.692307692307686,0.057504080945731506
coin tek başına,BNB tek başına A,📨,4,2026,⛔ z≤−1,79,51.89873417721519,-0.12309770433711018
coin 🤝 ortak,BNB 🤝 ortak A,📨,4,22-06→23,tümü,0,,
coin 🤝 ortak,BNB 🤝 ortak A,📨,4,22-06→23,✅ z>0,0,,
coin 🤝 ortak,BNB 🤝 ortak A,📨,4,22-06→23,⚠️ −1<z≤0,0,,
coin 🤝 ortak,BNB 🤝 ortak A,📨,4,22-06→23,⛔ z≤−1,0,,
coin 🤝 ortak,BNB 🤝 ortak A,📨,4,2024+,tümü,120,61.66666666666667,0.15935195931182378
coin 🤝 ortak,BNB 🤝 ortak A,📨,4,2024+,✅ z>0,55,70.9090909090909,0.23703003562255556
coin 🤝 ortak,BNB 🤝 ortak A,📨,4,2024+,⚠️ −1<z≤0,30,53.333333333333336,0.12086022168191221
coin 🤝 ortak,BNB 🤝 ortak A,📨,4,2024+,⛔ z≤−1,35,54.285714285714285,0.0702793287920267
coin 🤝 ortak,BNB 🤝 ortak A,📨,4,2026,tümü,93,59.13978494623656,0.11028927680104873
coin 🤝 ortak,BNB 🤝 ortak A,📨,4,2026,✅ z>0,45,71.11111111111111,0.21701399734970947
coin 🤝 ortak,BNB 🤝 ortak A,📨,4,2026,⚠️ −1<z≤0,23,47.82608695652174,0.05418027947732411
coin 🤝 ortak,BNB 🤝 ortak A,📨,4,2026,⛔ z≤−1,25,48.0,-0.030194942648714012
coin 🔇 sessiz,BNB 🔇 sessiz A,,4,22-06→23,tümü,0,,
coin 🔇 sessiz,BNB 🔇 sessiz A,,4,22-06→23,✅ z>0,0,,
coin 🔇 sessiz,BNB 🔇 sessiz A,,4,22-06→23,⚠️ −1<z≤0,0,,
coin 🔇 sessiz,BNB 🔇 sessiz A,,4,22-06→23,⛔ z≤−1,0,,
coin 🔇 sessiz,BNB 🔇 sessiz A,,4,2024+,tümü,270,52.96296296296297,-0.0575945783193016
coin 🔇 sessiz,BNB 🔇 sessiz A,,4,2024+,✅ z>0,124,58.06451612903226,-0.019602038777016297
coin 🔇 sessiz,BNB 🔇 sessiz A,,4,2024+,⚠️ −1<z≤0,87,54.02298850574713,0.061178775919971916
coin 🔇 sessiz,BNB 🔇 sessiz A,,4,2024+,⛔ z≤−1,59,40.67796610169492,-0.31258367530337244
coin 🔇 sessiz,BNB 🔇 sessiz A,,4,2026,tümü,221,52.03619909502263,-0.0929378808634349
coin 🔇 sessiz,BNB 🔇 sessiz A,,4,2026,✅ z>0,106,58.490566037735846,-0.02910689159472314
coin 🔇 sessiz,BNB 🔇 sessiz A,,4,2026,⚠️ −1<z≤0,69,52.17391304347826,0.009618368139975868
coin 🔇 sessiz,BNB 🔇 sessiz A,,4,2026,⛔ z≤−1,46,36.95652173913043,-0.3938610557268868
coin tek başına (bilgi coin'i),DOGE tek başına ⭐,📨,8,22-06→23,tümü,226,61.94690265486725,0.3826069467901227
coin tek başına (bilgi coin'i),DOGE tek başına ⭐,📨,8,22-06→23,✅ z>0,120,65.83333333333333,0.5927326530412452
coin tek başına (bilgi coin'i),DOGE tek başına ⭐,📨,8,22-06→23,⚠️ −1<z≤0,69,60.86956521739131,0.2429266530106836
coin tek başına (bilgi coin'i),DOGE tek başına ⭐,📨,8,22-06→23,⛔ z≤−1,37,51.35135135135135,-0.03839695805726674
coin tek başına (bilgi coin'i),DOGE tek başına ⭐,📨,8,2024+,tümü,316,59.17721518987342,0.10205423494547333
coin tek başına (bilgi coin'i),DOGE tek başına ⭐,📨,8,2024+,✅ z>0,116,62.93103448275862,0.02576616188511448
coin tek başına (bilgi coin'i),DOGE tek başına ⭐,📨,8,2024+,⚠️ −1<z≤0,111,58.55855855855856,0.1890995875841899
coin tek başına (bilgi coin'i),DOGE tek başına ⭐,📨,8,2024+,⛔ z≤−1,89,55.0561797752809,0.09292369935113669
coin tek başına (bilgi coin'i),DOGE tek başına ⭐,📨,8,2026,tümü,68,63.23529411764706,0.21862081071220416
coin tek başına (bilgi coin'i),DOGE tek başına ⭐,📨,8,2026,✅ z>0,27,66.66666666666666,0.0856211946155328
coin tek başına (bilgi coin'i),DOGE tek başına ⭐,📨,8,2026,⚠️ −1<z≤0,25,56.00000000000001,0.31150336528914707
coin tek başına (bilgi coin'i),DOGE tek başına ⭐,📨,8,2026,⛔ z≤−1,16,68.75,0.29792867134886375
coin 🤝 ortak (bilgi coin'i),DOGE 🤝 ortak ⭐,📨,4,22-06→23,tümü,129,54.263565891472865,0.046346239393034394
coin 🤝 ortak (bilgi coin'i),DOGE 🤝 ortak ⭐,📨,4,22-06→23,✅ z>0,72,55.55555555555556,0.05693478698029117
coin 🤝 ortak (bilgi coin'i),DOGE 🤝 ortak ⭐,📨,4,22-06→23,⚠️ −1<z≤0,39,56.41025641025641,0.0625991079917582
coin 🤝 ortak (bilgi coin'i),DOGE 🤝 ortak ⭐,📨,4,22-06→23,⛔ z≤−1,18,44.44444444444444,-0.031222499586561533
coin 🤝 ortak (bilgi coin'i),DOGE 🤝 ortak ⭐,📨,4,2024+,tümü,164,62.19512195121951,-0.04739852771012597
coin 🤝 ortak (bilgi coin'i),DOGE 🤝 ortak ⭐,📨,4,2024+,✅ z>0,64,65.625,0.11186703201760353
coin 🤝 ortak (bilgi coin'i),DOGE 🤝 ortak ⭐,📨,4,2024+,⚠️ −1<z≤0,50,56.00000000000001,-0.4022692595337285
coin 🤝 ortak (bilgi coin'i),DOGE 🤝 ortak ⭐,📨,4,2024+,⛔ z≤−1,50,64.0,0.1036122876619828
coin 🤝 ortak (bilgi coin'i),DOGE 🤝 ortak ⭐,📨,4,2026,tümü,32,62.5,0.5297146769545876
coin 🤝 ortak (bilgi coin'i),DOGE 🤝 ortak ⭐,📨,4,2026,✅ z>0,17,70.58823529411765,0.4967928889269449
coin 🤝 ortak (bilgi coin'i),DOGE 🤝 ortak ⭐,📨,4,2026,⚠️ −1<z≤0,8,50.0,0.2796325034152432
coin 🤝 ortak (bilgi coin'i),DOGE 🤝 ortak ⭐,📨,4,2026,⛔ z≤−1,7,57.14285714285714,0.895475789066685
coin 🔇 sessiz (bilgi coin'i),DOGE 🔇 sessiz ⭐,📨,4,22-06→23,tümü,139,56.11510791366906,0.2688963793306216
coin 🔇 sessiz (bilgi coin'i),DOGE 🔇 sessiz ⭐,📨,4,22-06→23,✅ z>0,74,60.810810810810814,0.43425835589089484
coin 🔇 sessiz (bilgi coin'i),DOGE 🔇 sessiz ⭐,📨,4,22-06→23,⚠️ −1<z≤0,43,46.51162790697674,-0.47282966337926235
coin 🔇 sessiz (bilgi coin'i),DOGE 🔇 sessiz ⭐,📨,4,22-06→23,⛔ z≤−1,22,59.09090909090909,1.1624160871062934
coin 🔇 sessiz (bilgi coin'i),DOGE 🔇 sessiz ⭐,📨,4,2024+,tümü,193,62.69430051813472,0.3207269746193324
coin 🔇 sessiz (bilgi coin'i),DOGE 🔇 sessiz ⭐,📨,4,2024+,✅ z>0,89,67.41573033707866,0.5073947110616217
coin 🔇 sessiz (bilgi coin'i),DOGE 🔇 sessiz ⭐,📨,4,2024+,⚠️ −1<z≤0,51,58.82352941176471,-0.0031574108855316712
coin 🔇 sessiz (bilgi coin'i),DOGE 🔇 sessiz ⭐,📨,4,2024+,⛔ z≤−1,53,58.490566037735846,0.3189283919284704
coin 🔇 sessiz (bilgi coin'i),DOGE 🔇 sessiz ⭐,📨,4,2026,tümü,38,55.26315789473685,-0.1526764966885243
coin 🔇 sessiz (bilgi coin'i),DOGE 🔇 sessiz ⭐,📨,4,2026,✅ z>0,13,69.23076923076923,0.2185524150433612
coin 🔇 sessiz (bilgi coin'i),DOGE 🔇 sessiz ⭐,📨,4,2026,⚠️ −1<z≤0,14,50.0,-0.23354672128992685
coin 🔇 sessiz (bilgi coin'i),DOGE 🔇 sessiz ⭐,📨,4,2026,⛔ z≤−1,11,45.45454545454545,-0.4884758337880585
coin tek başına (bilgi coin'i),DOGE tek başına 4s ÇG↑,,4,22-06→23,tümü,450,60.44444444444444,0.23350995349993306
coin tek başına (bilgi coin'i),DOGE tek başına 4s ÇG↑,,4,22-06→23,✅ z>0,234,61.111111111111114,0.1876112459978202
coin tek başına (bilgi coin'i),DOGE tek başına 4s ÇG↑,,4,22-06→23,⚠️ −1<z≤0,146,58.21917808219178,0.14217752172685846
coin tek başına (bilgi coin'i),DOGE tek başına 4s ÇG↑,,4,22-06→23,⛔ z≤−1,70,62.857142857142854,0.5774361334194094
coin tek başına (bilgi coin'i),DOGE tek başına 4s ÇG↑,,4,2024+,tümü,734,55.858310626703,0.08160926795142773
coin tek başına (bilgi coin'i),DOGE tek başına 4s ÇG↑,,4,2024+,✅ z>0,334,55.38922155688623,0.08271935355611243
coin tek başına (bilgi coin'i),DOGE tek başına 4s ÇG↑,,4,2024+,⚠️ −1<z≤0,215,59.53488372093023,0.15213149063474068
coin tek başına (bilgi coin'i),DOGE tek başına 4s ÇG↑,,4,2024+,⛔ z≤−1,185,52.43243243243243,-0.002353145393853217
coin tek başına (bilgi coin'i),DOGE tek başına 4s ÇG↑,,4,2026,tümü,182,54.395604395604394,0.06586379769994576
coin tek başına (bilgi coin'i),DOGE tek başına 4s ÇG↑,,4,2026,✅ z>0,87,54.02298850574713,-0.02626502789492217
coin tek başına (bilgi coin'i),DOGE tek başına 4s ÇG↑,,4,2026,⚠️ −1<z≤0,42,66.66666666666666,0.4260726055641614
coin tek başına (bilgi coin'i),DOGE tek başına 4s ÇG↑,,4,2026,⛔ z≤−1,53,45.28301886792453,-0.06835435519710234
coin 🤝 ortak (bilgi coin'i),DOGE 🤝 ortak 4s ÇG↑,📨,4,22-06→23,tümü,178,56.74157303370787,0.166037946873287
coin 🤝 ortak (bilgi coin'i),DOGE 🤝 ortak 4s ÇG↑,📨,4,22-06→23,✅ z>0,95,52.63157894736842,0.10193817742086195
coin 🤝 ortak (bilgi coin'i),DOGE 🤝 ortak 4s ÇG↑,📨,4,22-06→23,⚠️ −1<z≤0,55,60.0,0.08806259950030394
coin 🤝 ortak (bilgi coin'i),DOGE 🤝 ortak 4s ÇG↑,📨,4,22-06→23,⛔ z≤−1,28,64.28571428571429,0.5366851684266598
coin 🤝 ortak (bilgi coin'i),DOGE 🤝 ortak 4s ÇG↑,📨,4,2024+,tümü,261,59.38697318007663,0.04087061518435544
coin 🤝 ortak (bilgi coin'i),DOGE 🤝 ortak 4s ÇG↑,📨,4,2024+,✅ z>0,114,58.77192982456141,0.10860590903926583
coin 🤝 ortak (bilgi coin'i),DOGE 🤝 ortak 4s ÇG↑,📨,4,2024+,⚠️ −1<z≤0,70,62.857142857142854,-0.03132266335759526
coin 🤝 ortak (bilgi coin'i),DOGE 🤝 ortak 4s ÇG↑,📨,4,2024+,⛔ z≤−1,77,57.14285714285714,0.006217446333404535
coin 🤝 ortak (bilgi coin'i),DOGE 🤝 ortak 4s ÇG↑,📨,4,2026,tümü,63,61.904761904761905,0.24921369329186224
coin 🤝 ortak (bilgi coin'i),DOGE 🤝 ortak 4s ÇG↑,📨,4,2026,✅ z>0,32,68.75,0.31280754087804563
coin 🤝 ortak (bilgi coin'i),DOGE 🤝 ortak 4s ÇG↑,📨,4,2026,⚠️ −1<z≤0,13,69.23076923076923,0.43627314710369924
coin 🤝 ortak (bilgi coin'i),DOGE 🤝 ortak 4s ÇG↑,📨,4,2026,⛔ z≤−1,18,44.44444444444444,0.0010594698300990112
coin 🔇 sessiz (bilgi coin'i),DOGE 🔇 sessiz 4s ÇG↑,,4,22-06→23,tümü,237,58.64978902953587,0.18723527974835436
coin 🔇 sessiz (bilgi coin'i),DOGE 🔇 sessiz 4s ÇG↑,,4,22-06→23,✅ z>0,125,61.6,0.21503072626749845
coin 🔇 sessiz (bilgi coin'i),DOGE 🔇 sessiz 4s ÇG↑,,4,22-06→23,⚠️ −1<z≤0,78,55.12820512820513,0.17848676776743225
coin 🔇 sessiz (bilgi coin'i),DOGE 🔇 sessiz 4s ÇG↑,,4,22-06→23,⛔ z≤−1,34,55.88235294117647,0.10511625385479278
coin 🔇 sessiz (bilgi coin'i),DOGE 🔇 sessiz 4s ÇG↑,,4,2024+,tümü,373,54.42359249329759,0.08946730661946865
coin 🔇 sessiz (bilgi coin'i),DOGE 🔇 sessiz 4s ÇG↑,,4,2024+,✅ z>0,182,56.043956043956044,0.19775052907800827
coin 🔇 sessiz (bilgi coin'i),DOGE 🔇 sessiz 4s ÇG↑,,4,2024+,⚠️ −1<z≤0,109,53.21100917431193,-0.002527760785618572
coin 🔇 sessiz (bilgi coin'i),DOGE 🔇 sessiz 4s ÇG↑,,4,2024+,⛔ z≤−1,82,52.4390243902439,-0.02858249996955238
coin 🔇 sessiz (bilgi coin'i),DOGE 🔇 sessiz 4s ÇG↑,,4,2026,tümü,94,51.06382978723404,-0.16904988133578175
coin 🔇 sessiz (bilgi coin'i),DOGE 🔇 sessiz 4s ÇG↑,,4,2026,✅ z>0,45,51.11111111111111,-0.21841504419373597
coin 🔇 sessiz (bilgi coin'i),DOGE 🔇 sessiz 4s ÇG↑,,4,2026,⚠️ −1<z≤0,24,58.333333333333336,0.06261282659522248
coin 🔇 sessiz (bilgi coin'i),DOGE 🔇 sessiz 4s ÇG↑,,4,2026,⛔ z≤−1,25,44.0,-0.30258878780522824
coin tek başına (bilgi coin'i),DOGE tek başına A,,4,22-06→23,tümü,919,60.28291621327529,0.16821016567021496
coin tek başına (bilgi coin'i),DOGE tek başına A,,4,22-06→23,✅ z>0,477,62.68343815513627,0.1936936974185377
coin tek başına (bilgi coin'i),DOGE tek başına A,,4,22-06→23,⚠️ −1<z≤0,313,57.82747603833865,0.1533434872707724
coin tek başına (bilgi coin'i),DOGE tek başına A,,4,22-06→23,⛔ z≤−1,129,57.36434108527132,0.1100522253219635
coin tek başına (bilgi coin'i),DOGE tek başına A,,4,2024+,tümü,1333,54.76369092273068,0.05621547380652758
coin tek başına (bilgi coin'i),DOGE tek başına A,,4,2024+,✅ z>0,611,54.828150572831426,0.04258526252177552
coin tek başına (bilgi coin'i),DOGE tek başına A,,4,2024+,⚠️ −1<z≤0,419,55.36992840095465,0.10647443414367483
coin tek başına (bilgi coin'i),DOGE tek başına A,,4,2024+,⛔ z≤−1,303,53.79537953795379,0.014200802894708537
coin tek başına (bilgi coin'i),DOGE tek başına A,,4,2026,tümü,344,55.81395348837209,0.04727151310132573
coin tek başına (bilgi coin'i),DOGE tek başına A,,4,2026,✅ z>0,166,52.40963855421686,-0.042142094075680044
coin tek başına (bilgi coin'i),DOGE tek başına A,,4,2026,⚠️ −1<z≤0,90,61.111111111111114,0.29257402352535994
coin tek başına (bilgi coin'i),DOGE tek başına A,,4,2026,⛔ z≤−1,88,56.81818181818182,-0.034939477202993764
coin 🤝 ortak (bilgi coin'i),DOGE 🤝 ortak A,,4,22-06→23,tümü,265,60.0,0.23618811798949746
coin 🤝 ortak (bilgi coin'i),DOGE 🤝 ortak A,,4,22-06→23,✅ z>0,143,56.64335664335665,0.16067006986510823
coin 🤝 ortak (bilgi coin'i),DOGE 🤝 ortak A,,4,22-06→23,⚠️ −1<z≤0,84,64.28571428571429,0.31847742095191917
coin 🤝 ortak (bilgi coin'i),DOGE 🤝 ortak A,,4,22-06→23,⛔ z≤−1,38,63.1578947368421,0.3384717872775034
coin 🤝 ortak (bilgi coin'i),DOGE 🤝 ortak A,,4,2024+,tümü,395,58.22784810126582,0.11173620914673404
coin 🤝 ortak (bilgi coin'i),DOGE 🤝 ortak A,,4,2024+,✅ z>0,177,61.016949152542374,0.187648415676602
coin 🤝 ortak (bilgi coin'i),DOGE 🤝 ortak A,,4,2024+,⚠️ −1<z≤0,114,55.26315789473685,-0.05747146534439856
coin 🤝 ortak (bilgi coin'i),DOGE 🤝 ortak A,,4,2024+,⛔ z≤−1,104,56.730769230769226,0.1680171162256043
coin 🤝 ortak (bilgi coin'i),DOGE 🤝 ortak A,,4,2026,tümü,94,57.446808510638306,0.13949256655545292
coin 🤝 ortak (bilgi coin'i),DOGE 🤝 ortak A,,4,2026,✅ z>0,47,61.702127659574465,0.15454365218464317
coin 🤝 ortak (bilgi coin'i),DOGE 🤝 ortak A,,4,2026,⚠️ −1<z≤0,21,57.14285714285714,0.23034536129047423
coin 🤝 ortak (bilgi coin'i),DOGE 🤝 ortak A,,4,2026,⛔ z≤−1,26,50.0,0.03890373140132267
coin 🔇 sessiz (bilgi coin'i),DOGE 🔇 sessiz A,,4,22-06→23,tümü,582,60.48109965635739,0.16172697813433437
coin 🔇 sessiz (bilgi coin'i),DOGE 🔇 sessiz A,,4,22-06→23,✅ z>0,299,65.21739130434783,0.21531198050024772
coin 🔇 sessiz (bilgi coin'i),DOGE 🔇 sessiz A,,4,22-06→23,⚠️ −1<z≤0,201,58.2089552238806,0.253093459175562
coin 🔇 sessiz (bilgi coin'i),DOGE 🔇 sessiz A,,4,22-06→23,⛔ z≤−1,82,48.78048780487805,-0.25762153889852935
coin 🔇 sessiz (bilgi coin'i),DOGE 🔇 sessiz A,,4,2024+,tümü,872,53.325688073394495,0.054719694695020825
coin 🔇 sessiz (bilgi coin'i),DOGE 🔇 sessiz A,,4,2024+,✅ z>0,415,54.69879518072289,0.13889538615977207
coin 🔇 sessiz (bilgi coin'i),DOGE 🔇 sessiz A,,4,2024+,⚠️ −1<z≤0,281,50.88967971530249,-0.06888266140344049
coin 🔇 sessiz (bilgi coin'i),DOGE 🔇 sessiz A,,4,2024+,⛔ z≤−1,176,53.97727272727273,0.053579638477952045
coin 🔇 sessiz (bilgi coin'i),DOGE 🔇 sessiz A,,4,2026,tümü,222,54.5045045045045,-0.01105152412962813
coin 🔇 sessiz (bilgi coin'i),DOGE 🔇 sessiz A,,4,2026,✅ z>0,118,53.38983050847458,-0.00970136695672306
coin 🔇 sessiz (bilgi coin'i),DOGE 🔇 sessiz A,,4,2026,⚠️ −1<z≤0,60,56.666666666666664,0.1042605697839276
coin 🔇 sessiz (bilgi coin'i),DOGE 🔇 sessiz A,,4,2026,⛔ z≤−1,44,54.54545454545454,-0.17191616461181317
coin tek başına,DOT tek başına ⭐,📨,8,22-06→23,tümü,175,62.857142857142854,0.5160101878497726
coin tek başına,DOT tek başına ⭐,📨,8,22-06→23,✅ z>0,89,60.67415730337079,0.4865531734183951
coin tek başına,DOT tek başına ⭐,📨,8,22-06→23,⚠️ −1<z≤0,51,64.70588235294117,0.5128272198546531
coin tek başına,DOT tek başına ⭐,📨,8,22-06→23,⛔ z≤−1,35,65.71428571428571,0.5955532064824487
coin tek başına,DOT tek başına ⭐,📨,8,2024+,tümü,320,56.56250000000001,0.14178977413313812
coin tek başına,DOT tek başına ⭐,📨,8,2024+,✅ z>0,156,60.256410256410255,0.4136055763913196
coin tek başına,DOT tek başına ⭐,📨,8,2024+,⚠️ −1<z≤0,100,54.0,-0.11086554799194634
coin tek başına,DOT tek başına ⭐,📨,8,2024+,⛔ z≤−1,64,51.5625,-0.12598730305073474
coin tek başına,DOT tek başına ⭐,📨,8,2026,tümü,67,49.25373134328358,-0.18545035213024183
coin tek başına,DOT tek başına ⭐,📨,8,2026,✅ z>0,31,48.38709677419355,-0.016312826398947298
coin tek başına,DOT tek başına ⭐,📨,8,2026,⚠️ −1<z≤0,26,57.692307692307686,0.2050078784067189
coin tek başına,DOT tek başına ⭐,📨,8,2026,⛔ z≤−1,10,30.0,-1.7249680812933532
coin 🤝 ortak,DOT 🤝 ortak ⭐,📨,4,22-06→23,tümü,84,61.904761904761905,0.29842726756438404
coin 🤝 ortak,DOT 🤝 ortak ⭐,📨,4,22-06→23,✅ z>0,46,58.69565217391305,0.15242871206339023
coin 🤝 ortak,DOT 🤝 ortak ⭐,📨,4,22-06→23,⚠️ −1<z≤0,24,75.0,1.0660544886313474
coin 🤝 ortak,DOT 🤝 ortak ⭐,📨,4,22-06→23,⛔ z≤−1,14,50.0,-0.5377955719042873
coin 🤝 ortak,DOT 🤝 ortak ⭐,📨,4,2024+,tümü,146,63.6986301369863,0.2205375091335804
coin 🤝 ortak,DOT 🤝 ortak ⭐,📨,4,2024+,✅ z>0,68,67.64705882352942,0.14512582310620936
coin 🤝 ortak,DOT 🤝 ortak ⭐,📨,4,2024+,⚠️ −1<z≤0,48,68.75,0.5564001923958135
coin 🤝 ortak,DOT 🤝 ortak ⭐,📨,4,2024+,⛔ z≤−1,30,46.666666666666664,-0.14590962909061875
coin 🤝 ortak,DOT 🤝 ortak ⭐,📨,4,2026,tümü,25,76.0,0.6891022918619556
coin 🤝 ortak,DOT 🤝 ortak ⭐,📨,4,2026,✅ z>0,12,75.0,0.8094249115375478
coin 🤝 ortak,DOT 🤝 ortak ⭐,📨,4,2026,⚠️ −1<z≤0,13,76.92307692307693,0.5780352583152553
coin 🤝 ortak,DOT 🤝 ortak ⭐,📨,4,2026,⛔ z≤−1,0,,
coin 🔇 sessiz,DOT 🔇 sessiz ⭐,📨,4,22-06→23,tümü,121,61.98347107438017,0.31483430455847466
coin 🔇 sessiz,DOT 🔇 sessiz ⭐,📨,4,22-06→23,✅ z>0,55,61.81818181818181,0.2948405767981286
coin 🔇 sessiz,DOT 🔇 sessiz ⭐,📨,4,22-06→23,⚠️ −1<z≤0,35,57.14285714285714,0.05293310529502391
coin 🔇 sessiz,DOT 🔇 sessiz ⭐,📨,4,22-06→23,⛔ z≤−1,31,67.74193548387096,0.6460019497533073
coin 🔇 sessiz,DOT 🔇 sessiz ⭐,📨,4,2024+,tümü,237,58.22784810126582,0.12778751022408266
coin 🔇 sessiz,DOT 🔇 sessiz ⭐,📨,4,2024+,✅ z>0,111,64.86486486486487,0.48917113512292487
coin 🔇 sessiz,DOT 🔇 sessiz ⭐,📨,4,2024+,⚠️ −1<z≤0,81,54.32098765432099,0.05384824670835164
coin 🔇 sessiz,DOT 🔇 sessiz ⭐,📨,4,2024+,⛔ z≤−1,45,48.888888888888886,-0.6305347568647448
coin 🔇 sessiz,DOT 🔇 sessiz ⭐,📨,4,2026,tümü,61,54.09836065573771,0.02614029767327767
coin 🔇 sessiz,DOT 🔇 sessiz ⭐,📨,4,2026,✅ z>0,23,69.56521739130434,0.6542752041925697
coin 🔇 sessiz,DOT 🔇 sessiz ⭐,📨,4,2026,⚠️ −1<z≤0,26,53.84615384615385,0.2702455777740014
coin 🔇 sessiz,DOT 🔇 sessiz ⭐,📨,4,2026,⛔ z≤−1,12,25.0,-1.7066797133736007
coin tek başına,DOT tek başına 4s ÇG↑,,4,22-06→23,tümü,442,58.371040723981906,0.1982684002755023
coin tek başına,DOT tek başına 4s ÇG↑,,4,22-06→23,✅ z>0,244,56.9672131147541,0.08885936387802053
coin tek başına,DOT tek başına 4s ÇG↑,,4,22-06→23,⚠️ −1<z≤0,120,60.0,0.2943066020801737
coin tek başına,DOT tek başına 4s ÇG↑,,4,22-06→23,⛔ z≤−1,78,60.256410256410255,0.39277122930659203
coin tek başına,DOT tek başına 4s ÇG↑,,4,2024+,tümü,843,55.27876631079478,0.004975134940776983
coin tek başına,DOT tek başına 4s ÇG↑,,4,2024+,✅ z>0,429,58.97435897435898,0.18099045938598268
coin tek başına,DOT tek başına 4s ÇG↑,,4,2024+,⚠️ −1<z≤0,281,51.60142348754449,-0.22623449605814983
coin tek başına,DOT tek başına 4s ÇG↑,,4,2024+,⛔ z≤−1,133,51.127819548872175,-0.07427800698625155
coin tek başına,DOT tek başına 4s ÇG↑,,4,2026,tümü,228,51.75438596491229,0.02137850932886043
coin tek başına,DOT tek başına 4s ÇG↑,,4,2026,✅ z>0,112,53.57142857142857,0.13362685838465713
coin tek başına,DOT tek başına 4s ÇG↑,,4,2026,⚠️ −1<z≤0,85,51.76470588235295,-0.0397031849295889
coin tek başına,DOT tek başına 4s ÇG↑,,4,2026,⛔ z≤−1,31,45.16129032258064,-0.21668184816407615
coin 🤝 ortak,DOT 🤝 ortak 4s ÇG↑,📨,4,22-06→23,tümü,144,61.111111111111114,0.22046414633373426
coin 🤝 ortak,DOT 🤝 ortak 4s ÇG↑,📨,4,22-06→23,✅ z>0,84,59.523809523809526,0.12398265204553877
coin 🤝 ortak,DOT 🤝 ortak 4s ÇG↑,📨,4,22-06→23,⚠️ −1<z≤0,40,67.5,0.7103365109627928
coin 🤝 ortak,DOT 🤝 ortak 4s ÇG↑,📨,4,22-06→23,⛔ z≤−1,20,55.00000000000001,-0.3540583069139612
coin 🤝 ortak,DOT 🤝 ortak 4s ÇG↑,📨,4,2024+,tümü,286,59.09090909090909,0.02093963073135206
coin 🤝 ortak,DOT 🤝 ortak 4s ÇG↑,📨,4,2024+,✅ z>0,135,62.22222222222222,0.050510433880149815
coin 🤝 ortak,DOT 🤝 ortak 4s ÇG↑,📨,4,2024+,⚠️ −1<z≤0,104,54.807692307692314,-0.06060599312053031
coin 🤝 ortak,DOT 🤝 ortak 4s ÇG↑,📨,4,2024+,⛔ z≤−1,47,59.57446808510638,0.11644359786982127
coin 🤝 ortak,DOT 🤝 ortak 4s ÇG↑,📨,4,2026,tümü,68,64.70588235294117,0.3038682742345146
coin 🤝 ortak,DOT 🤝 ortak 4s ÇG↑,📨,4,2026,✅ z>0,30,70.0,0.6026072927014264
coin 🤝 ortak,DOT 🤝 ortak 4s ÇG↑,📨,4,2026,⚠️ −1<z≤0,32,62.5,0.02061924457891298
coin 🤝 ortak,DOT 🤝 ortak 4s ÇG↑,📨,4,2026,⛔ z≤−1,6,50.0,0.3208346733964966
coin 🔇 sessiz,DOT 🔇 sessiz 4s ÇG↑,,4,22-06→23,tümü,275,56.72727272727273,0.19357308073511365
coin 🔇 sessiz,DOT 🔇 sessiz 4s ÇG↑,,4,22-06→23,✅ z>0,142,50.70422535211267,-0.015567275465526971
coin 🔇 sessiz,DOT 🔇 sessiz 4s ÇG↑,,4,22-06→23,⚠️ −1<z≤0,73,60.273972602739725,0.2389553638174919
coin 🔇 sessiz,DOT 🔇 sessiz 4s ÇG↑,,4,22-06→23,⛔ z≤−1,60,66.66666666666666,0.6333234793264028
coin 🔇 sessiz,DOT 🔇 sessiz 4s ÇG↑,,4,2024+,tümü,482,54.9792531120332,0.06702935600820584
coin 🔇 sessiz,DOT 🔇 sessiz 4s ÇG↑,,4,2024+,✅ z>0,245,60.816326530612244,0.3191582568274833
coin 🔇 sessiz,DOT 🔇 sessiz 4s ÇG↑,,4,2024+,⚠️ −1<z≤0,163,50.306748466257666,-0.05763243513529342
coin 🔇 sessiz,DOT 🔇 sessiz 4s ÇG↑,,4,2024+,⛔ z≤−1,74,45.94594594594595,-0.4931288702665581
coin 🔇 sessiz,DOT 🔇 sessiz 4s ÇG↑,,4,2026,tümü,144,52.083333333333336,0.08098032746345929
coin 🔇 sessiz,DOT 🔇 sessiz 4s ÇG↑,,4,2026,✅ z>0,66,62.121212121212125,0.34215336148352454
coin 🔇 sessiz,DOT 🔇 sessiz 4s ÇG↑,,4,2026,⚠️ −1<z≤0,55,45.45454545454545,0.14919586389022751
coin 🔇 sessiz,DOT 🔇 sessiz 4s ÇG↑,,4,2026,⛔ z≤−1,23,39.130434782608695,-0.8315968355276957
coin tek başına,DOT tek başına A,,4,22-06→23,tümü,692,55.49132947976878,0.04009642812583236
coin tek başına,DOT tek başına A,,4,22-06→23,✅ z>0,372,52.956989247311824,-0.07671082828758287
coin tek başına,DOT tek başına A,,4,22-06→23,⚠️ −1<z≤0,218,55.5045871559633,0.04152684092344261
coin tek başına,DOT tek başına A,,4,22-06→23,⛔ z≤−1,102,64.70588235294117,0.4630422065171212
coin tek başına,DOT tek başına A,,4,2024+,tümü,1258,52.30524642289348,-0.01837833387630539
coin tek başına,DOT tek başına A,,4,2024+,✅ z>0,626,54.632587859424916,0.08457377493133043
coin tek başına,DOT tek başına A,,4,2024+,⚠️ −1<z≤0,433,51.03926096997691,-0.11916298204642232
coin tek başına,DOT tek başına A,,4,2024+,⛔ z≤−1,199,47.73869346733669,-0.12294249194625217
coin tek başına,DOT tek başına A,,4,2026,tümü,331,47.129909365558916,-0.07128708508486309
coin tek başına,DOT tek başına A,,4,2026,✅ z>0,150,48.66666666666667,0.06513883531073612
coin tek başına,DOT tek başına A,,4,2026,⚠️ −1<z≤0,125,49.6,-0.0880506078105178
coin tek başına,DOT tek başına A,,4,2026,⛔ z≤−1,56,37.5,-0.399295080060453
coin 🤝 ortak,DOT 🤝 ortak A,,4,22-06→23,tümü,196,60.204081632653065,0.17882892070636403
coin 🤝 ortak,DOT 🤝 ortak A,,4,22-06→23,✅ z>0,100,55.00000000000001,0.053920472588400443
coin 🤝 ortak,DOT 🤝 ortak A,,4,22-06→23,⚠️ −1<z≤0,65,63.07692307692307,0.35438533359282276
coin 🤝 ortak,DOT 🤝 ortak A,,4,22-06→23,⛔ z≤−1,31,70.96774193548387,0.21365724245399456
coin 🤝 ortak,DOT 🤝 ortak A,,4,2024+,tümü,344,56.104651162790695,0.005287875282385484
coin 🤝 ortak,DOT 🤝 ortak A,,4,2024+,✅ z>0,161,57.14285714285714,0.003663448154771356
coin 🤝 ortak,DOT 🤝 ortak A,,4,2024+,⚠️ −1<z≤0,129,57.36434108527132,0.09055840367591482
coin 🤝 ortak,DOT 🤝 ortak A,,4,2024+,⛔ z≤−1,54,50.0,-0.19357074314760367
coin 🤝 ortak,DOT 🤝 ortak A,,4,2026,tümü,81,60.49382716049383,0.29336652526211393
coin 🤝 ortak,DOT 🤝 ortak A,,4,2026,✅ z>0,34,64.70588235294117,0.6654235192558015
coin 🤝 ortak,DOT 🤝 ortak A,,4,2026,⚠️ −1<z≤0,39,58.97435897435898,-0.04761074173554595
coin 🤝 ortak,DOT 🤝 ortak A,,4,2026,⛔ z≤−1,8,50.0,0.3743884774025344
coin 🔇 sessiz,DOT 🔇 sessiz A,,4,22-06→23,tümü,460,57.826086956521735,0.06377987466084002
coin 🔇 sessiz,DOT 🔇 sessiz A,,4,22-06→23,✅ z>0,238,55.46218487394958,-0.02900869639381108
coin 🔇 sessiz,DOT 🔇 sessiz A,,4,22-06→23,⚠️ −1<z≤0,148,58.78378378378378,0.01622954529327149
coin 🔇 sessiz,DOT 🔇 sessiz A,,4,22-06→23,⛔ z≤−1,74,63.51351351351351,0.45730864030147617
coin 🔇 sessiz,DOT 🔇 sessiz A,,4,2024+,tümü,835,51.97604790419162,0.014516364250143632
coin 🔇 sessiz,DOT 🔇 sessiz A,,4,2024+,✅ z>0,416,53.84615384615385,0.17848251987504063
coin 🔇 sessiz,DOT 🔇 sessiz A,,4,2024+,⚠️ −1<z≤0,287,51.56794425087108,-0.09668106794326259
coin 🔇 sessiz,DOT 🔇 sessiz A,,4,2024+,⛔ z≤−1,132,46.96969696969697,-0.2604552849956862
coin 🔇 sessiz,DOT 🔇 sessiz A,,4,2026,tümü,236,47.45762711864407,-0.041298063178250854
coin 🔇 sessiz,DOT 🔇 sessiz A,,4,2026,✅ z>0,109,49.54128440366973,0.05355732964905262
coin 🔇 sessiz,DOT 🔇 sessiz A,,4,2026,⚠️ −1<z≤0,83,46.98795180722892,0.01293211821409068
coin 🔇 sessiz,DOT 🔇 sessiz A,,4,2026,⛔ z≤−1,44,43.18181818181818,-0.37857858303598774
coin tek başına,ETH tek başına ⭐,,8,22-06→23,tümü,146,61.64383561643836,0.23639295395800541
coin tek başına,ETH tek başına ⭐,,8,22-06→23,✅ z>0,88,59.09090909090909,0.22691538268455502
coin tek başına,ETH tek başına ⭐,,8,22-06→23,⚠️ −1<z≤0,32,65.625,0.4118206937145994
coin tek başına,ETH tek başına ⭐,,8,22-06→23,⛔ z≤−1,26,65.38461538461539,0.05255982318310618
coin tek başına,ETH tek başına ⭐,,8,2024+,tümü,264,57.1969696969697,0.12697383029094603
coin tek başına,ETH tek başına ⭐,,8,2024+,✅ z>0,105,60.0,0.3385789771160565
coin tek başına,ETH tek başına ⭐,,8,2024+,⚠️ −1<z≤0,78,61.53846153846154,0.19956135373855663
coin tek başına,ETH tek başına ⭐,,8,2024+,⛔ z≤−1,81,49.382716049382715,-0.2172282344689335
coin tek başına,ETH tek başına ⭐,,8,2026,tümü,57,54.385964912280706,0.2635844234789728
coin tek başına,ETH tek başına ⭐,,8,2026,✅ z>0,24,50.0,0.35150812021154826
coin tek başına,ETH tek başına ⭐,,8,2026,⚠️ −1<z≤0,17,70.58823529411765,0.6823787592018681
coin tek başına,ETH tek başına ⭐,,8,2026,⛔ z≤−1,16,43.75,-0.3132701033254666
coin 🤝 ortak,ETH 🤝 ortak ⭐,📨,4,22-06→23,tümü,105,62.857142857142854,0.05943647539227916
coin 🤝 ortak,ETH 🤝 ortak ⭐,📨,4,22-06→23,✅ z>0,66,62.121212121212125,0.030274002416129056
coin 🤝 ortak,ETH 🤝 ortak ⭐,📨,4,22-06→23,⚠️ −1<z≤0,24,62.5,0.13055477897477827
coin 🤝 ortak,ETH 🤝 ortak ⭐,📨,4,22-06→23,⛔ z≤−1,15,66.66666666666666,0.07396207075534014
coin 🤝 ortak,ETH 🤝 ortak ⭐,📨,4,2024+,tümü,150,60.66666666666667,0.19231271564934496
coin 🤝 ortak,ETH 🤝 ortak ⭐,📨,4,2024+,✅ z>0,54,59.25925925925925,0.4005679518962043
coin 🤝 ortak,ETH 🤝 ortak ⭐,📨,4,2024+,⚠️ −1<z≤0,37,67.56756756756756,0.24737285050974783
coin 🤝 ortak,ETH 🤝 ortak ⭐,📨,4,2024+,⛔ z≤−1,59,57.6271186440678,-0.03282300887888065
coin 🤝 ortak,ETH 🤝 ortak ⭐,📨,4,2026,tümü,42,61.904761904761905,0.32401044757318176
coin 🤝 ortak,ETH 🤝 ortak ⭐,📨,4,2026,✅ z>0,17,64.70588235294117,0.5275511675142125
coin 🤝 ortak,ETH 🤝 ortak ⭐,📨,4,2026,⚠️ −1<z≤0,10,70.0,0.40200813433834093
coin 🤝 ortak,ETH 🤝 ortak ⭐,📨,4,2026,⛔ z≤−1,15,53.333333333333336,0.041332507129907534
coin 🔇 sessiz,ETH 🔇 sessiz ⭐,📨,4,22-06→23,tümü,49,63.26530612244898,0.053907933970411104
coin 🔇 sessiz,ETH 🔇 sessiz ⭐,📨,4,22-06→23,✅ z>0,34,64.70588235294117,0.14520530433956053
coin 🔇 sessiz,ETH 🔇 sessiz ⭐,📨,4,22-06→23,⚠️ −1<z≤0,6,50.0,-0.434518626197854
coin 🔇 sessiz,ETH 🔇 sessiz ⭐,📨,4,22-06→23,⛔ z≤−1,9,66.66666666666666,0.03462446379913463
coin 🔇 sessiz,ETH 🔇 sessiz ⭐,📨,4,2024+,tümü,134,65.67164179104478,0.2349096530984229
coin 🔇 sessiz,ETH 🔇 sessiz ⭐,📨,4,2024+,✅ z>0,53,64.15094339622641,0.17052600122590095
coin 🔇 sessiz,ETH 🔇 sessiz ⭐,📨,4,2024+,⚠️ −1<z≤0,48,70.83333333333334,0.3279647586236912
coin 🔇 sessiz,ETH 🔇 sessiz ⭐,📨,4,2024+,⛔ z≤−1,33,60.60606060606061,0.2029608192811741
coin 🔇 sessiz,ETH 🔇 sessiz ⭐,📨,4,2026,tümü,20,60.0,0.16123232790986436
coin 🔇 sessiz,ETH 🔇 sessiz ⭐,📨,4,2026,✅ z>0,11,45.45454545454545,-0.3712199709269154
coin 🔇 sessiz,ETH 🔇 sessiz ⭐,📨,4,2026,⚠️ −1<z≤0,7,100.0,1.7556255532495946
coin 🔇 sessiz,ETH 🔇 sessiz ⭐,📨,4,2026,⛔ z≤−1,2,0.0,-2.4906563171769025
coin tek başına,ETH tek başına 4s ÇG↑,📨,4,22-06→23,tümü,392,60.204081632653065,-0.0024652646774541067
coin tek başına,ETH tek başına 4s ÇG↑,📨,4,22-06→23,✅ z>0,226,61.504424778761056,0.08817019558604973
coin tek başına,ETH tek başına 4s ÇG↑,📨,4,22-06→23,⚠️ −1<z≤0,98,57.14285714285714,-0.09907696264805238
coin tek başına,ETH tek başına 4s ÇG↑,📨,4,22-06→23,⛔ z≤−1,68,60.29411764705882,-0.16446037671323693
coin tek başına,ETH tek başına 4s ÇG↑,📨,4,2024+,tümü,648,60.18518518518518,0.07809211985438141
coin tek başına,ETH tek başına 4s ÇG↑,📨,4,2024+,✅ z>0,291,60.48109965635739,0.14174027657767047
coin tek başına,ETH tek başına 4s ÇG↑,📨,4,2024+,⚠️ −1<z≤0,178,61.23595505617978,0.06318586678281937
coin tek başına,ETH tek başına 4s ÇG↑,📨,4,2024+,⛔ z≤−1,179,58.659217877094974,-0.010557603943043567
coin tek başına,ETH tek başına 4s ÇG↑,📨,4,2026,tümü,166,56.62650602409639,0.06320743071158381
coin tek başına,ETH tek başına 4s ÇG↑,📨,4,2026,✅ z>0,92,59.78260869565217,0.15144217198473958
coin tek başına,ETH tek başına 4s ÇG↑,📨,4,2026,⚠️ −1<z≤0,37,59.45945945945946,0.08794929582571459
coin tek başına,ETH tek başına 4s ÇG↑,📨,4,2026,⛔ z≤−1,37,45.94594594594595,-0.18092892621688025
coin 🤝 ortak,ETH 🤝 ortak 4s ÇG↑,📨,4,22-06→23,tümü,207,61.83574879227053,-0.038190152650018336
coin 🤝 ortak,ETH 🤝 ortak 4s ÇG↑,📨,4,22-06→23,✅ z>0,118,62.71186440677966,0.03833101043026051
coin 🤝 ortak,ETH 🤝 ortak 4s ÇG↑,📨,4,22-06→23,⚠️ −1<z≤0,54,59.25925925925925,-0.058483813715202775
coin 🤝 ortak,ETH 🤝 ortak 4s ÇG↑,📨,4,22-06→23,⛔ z≤−1,35,62.857142857142854,-0.2648655682486738
coin 🤝 ortak,ETH 🤝 ortak 4s ÇG↑,📨,4,2024+,tümü,293,64.16382252559727,0.1781738051390361
coin 🤝 ortak,ETH 🤝 ortak 4s ÇG↑,📨,4,2024+,✅ z>0,123,64.22764227642277,0.3176172471393978
coin 🤝 ortak,ETH 🤝 ortak 4s ÇG↑,📨,4,2024+,⚠️ −1<z≤0,71,69.01408450704226,0.09041623529154172
coin 🤝 ortak,ETH 🤝 ortak 4s ÇG↑,📨,4,2024+,⛔ z≤−1,99,60.60606060606061,0.06786313941305247
coin 🤝 ortak,ETH 🤝 ortak 4s ÇG↑,📨,4,2026,tümü,88,64.77272727272727,0.2652844595098027
coin 🤝 ortak,ETH 🤝 ortak 4s ÇG↑,📨,4,2026,✅ z>0,45,68.88888888888889,0.42560998379396137
coin 🤝 ortak,ETH 🤝 ortak 4s ÇG↑,📨,4,2026,⚠️ −1<z≤0,18,66.66666666666666,0.10468958648924453
coin 🤝 ortak,ETH 🤝 ortak 4s ÇG↑,📨,4,2026,⛔ z≤−1,25,56.00000000000001,0.09232682437311815
coin 🔇 sessiz,ETH 🔇 sessiz 4s ÇG↑,📨,4,22-06→23,tümü,178,54.49438202247191,-0.10498281521189343
coin 🔇 sessiz,ETH 🔇 sessiz 4s ÇG↑,📨,4,22-06→23,✅ z>0,113,54.86725663716814,0.025832636873417268
coin 🔇 sessiz,ETH 🔇 sessiz 4s ÇG↑,📨,4,22-06→23,⚠️ −1<z≤0,37,51.35135135135135,-0.3862714444692849
coin 🔇 sessiz,ETH 🔇 sessiz 4s ÇG↑,📨,4,22-06→23,⛔ z≤−1,28,57.14285714285714,-0.2612137724660584
coin 🔇 sessiz,ETH 🔇 sessiz 4s ÇG↑,📨,4,2024+,tümü,288,60.416666666666664,0.10122517905511298
coin 🔇 sessiz,ETH 🔇 sessiz 4s ÇG↑,📨,4,2024+,✅ z>0,134,61.940298507462686,0.16841279205261608
coin 🔇 sessiz,ETH 🔇 sessiz 4s ÇG↑,📨,4,2024+,⚠️ −1<z≤0,84,61.904761904761905,0.08328875500710159
coin 🔇 sessiz,ETH 🔇 sessiz 4s ÇG↑,📨,4,2024+,⛔ z≤−1,70,55.714285714285715,-0.005867399825350659
coin 🔇 sessiz,ETH 🔇 sessiz 4s ÇG↑,📨,4,2026,tümü,70,55.714285714285715,-0.03452764672266919
coin 🔇 sessiz,ETH 🔇 sessiz 4s ÇG↑,📨,4,2026,✅ z>0,45,57.77777777777777,-0.06365323651590046
coin 🔇 sessiz,ETH 🔇 sessiz 4s ÇG↑,📨,4,2026,⚠️ −1<z≤0,16,68.75,0.4941443643417016
coin 🔇 sessiz,ETH 🔇 sessiz 4s ÇG↑,📨,4,2026,⛔ z≤−1,9,22.22222222222222,-0.8287610507598391
coin tek başına,ETH tek başına A,📨,4,22-06→23,tümü,722,58.03324099722992,0.021681343206488478
coin tek başına,ETH tek başına A,📨,4,22-06→23,✅ z>0,397,59.44584382871536,0.05465687768611757
coin tek başına,ETH tek başına A,📨,4,22-06→23,⚠️ −1<z≤0,197,58.37563451776649,0.04315062920464947
coin tek başına,ETH tek başına A,📨,4,22-06→23,⛔ z≤−1,128,53.125,-0.11363691093453075
coin tek başına,ETH tek başına A,📨,4,2024+,tümü,1256,58.28025477707006,0.011361644375347308
coin tek başına,ETH tek başına A,📨,4,2024+,✅ z>0,514,58.5603112840467,0.09828476758669553
coin tek başına,ETH tek başına A,📨,4,2024+,⚠️ −1<z≤0,375,57.86666666666667,-0.04095436440490115
coin tek başına,ETH tek başına A,📨,4,2024+,⛔ z≤−1,367,58.31062670299727,-0.056921685428575945
coin tek başına,ETH tek başına A,📨,4,2026,tümü,339,57.52212389380531,0.043273456770276074
coin tek başına,ETH tek başına A,📨,4,2026,✅ z>0,153,58.16993464052288,0.11105172870016959
coin tek başına,ETH tek başına A,📨,4,2026,⚠️ −1<z≤0,86,59.30232558139535,0.12100466477052148
coin tek başına,ETH tek başına A,📨,4,2026,⛔ z≤−1,100,55.00000000000001,-0.1272761381626721
coin 🤝 ortak,ETH 🤝 ortak A,📨,4,22-06→23,tümü,273,58.60805860805861,-0.04568138167534133
coin 🤝 ortak,ETH 🤝 ortak A,📨,4,22-06→23,✅ z>0,147,59.863945578231295,-0.013754540331389141
coin 🤝 ortak,ETH 🤝 ortak A,📨,4,22-06→23,⚠️ −1<z≤0,80,55.00000000000001,-0.07805826198482081
coin 🤝 ortak,ETH 🤝 ortak A,📨,4,22-06→23,⛔ z≤−1,46,60.86956521739131,-0.09140084369278924
coin 🤝 ortak,ETH 🤝 ortak A,📨,4,2024+,tümü,446,60.98654708520179,0.09838514115073542
coin 🤝 ortak,ETH 🤝 ortak A,📨,4,2024+,✅ z>0,171,63.1578947368421,0.2764331588334952
coin 🤝 ortak,ETH 🤝 ortak A,📨,4,2024+,⚠️ −1<z≤0,120,63.33333333333333,-0.014899466194701616
coin 🤝 ortak,ETH 🤝 ortak A,📨,4,2024+,⛔ z≤−1,155,56.774193548387096,-0.010337814606035374
coin 🤝 ortak,ETH 🤝 ortak A,📨,4,2026,tümü,126,57.14285714285714,0.05391087066572316
coin 🤝 ortak,ETH 🤝 ortak A,📨,4,2026,✅ z>0,53,64.15094339622641,0.2613720622253711
coin 🤝 ortak,ETH 🤝 ortak A,📨,4,2026,⚠️ −1<z≤0,25,52.0,-0.08413965414381681
coin 🤝 ortak,ETH 🤝 ortak A,📨,4,2026,⛔ z≤−1,48,52.083333333333336,-0.10325954667641964
coin 🔇 sessiz,ETH 🔇 sessiz A,,4,22-06→23,tümü,373,58.98123324396782,0.07236829656480442
coin 🔇 sessiz,ETH 🔇 sessiz A,,4,22-06→23,✅ z>0,229,59.82532751091703,0.12851768326724414
coin 🔇 sessiz,ETH 🔇 sessiz A,,4,22-06→23,⚠️ −1<z≤0,79,63.29113924050633,0.05912272256692367
coin 🔇 sessiz,ETH 🔇 sessiz A,,4,22-06→23,⛔ z≤−1,65,50.76923076923077,-0.10935184511252029
coin 🔇 sessiz,ETH 🔇 sessiz A,,4,2024+,tümü,694,57.49279538904899,0.006217709761576361
coin 🔇 sessiz,ETH 🔇 sessiz A,,4,2024+,✅ z>0,282,55.319148936170215,0.024973608733715635
coin 🔇 sessiz,ETH 🔇 sessiz A,,4,2024+,⚠️ −1<z≤0,220,60.0,0.01302177716458157
coin 🔇 sessiz,ETH 🔇 sessiz A,,4,2024+,⛔ z≤−1,192,57.8125,-0.029126344086363325
coin 🔇 sessiz,ETH 🔇 sessiz A,,4,2026,tümü,185,56.75675675675676,0.02084833028215652
coin 🔇 sessiz,ETH 🔇 sessiz A,,4,2026,✅ z>0,91,51.64835164835166,-0.030027995797708987
coin 🔇 sessiz,ETH 🔇 sessiz A,,4,2026,⚠️ −1<z≤0,49,65.3061224489796,0.27858478936927117
coin 🔇 sessiz,ETH 🔇 sessiz A,,4,2026,⛔ z≤−1,45,57.77777777777777,-0.15691479909564035
coin tek başına,FLOKI tek başına ⭐,,8,22-06→23,tümü,0,,
coin tek başına,FLOKI tek başına ⭐,,8,22-06→23,✅ z>0,0,,
coin tek başına,FLOKI tek başına ⭐,,8,22-06→23,⚠️ −1<z≤0,0,,
coin tek başına,FLOKI tek başına ⭐,,8,22-06→23,⛔ z≤−1,0,,
coin tek başına,FLOKI tek başına ⭐,,8,2024+,tümü,153,56.209150326797385,-0.02198978711983496
coin tek başına,FLOKI tek başına ⭐,,8,2024+,✅ z>0,78,51.28205128205128,-0.19032175093979276
coin tek başına,FLOKI tek başına ⭐,,8,2024+,⚠️ −1<z≤0,52,55.769230769230774,-0.07349860031016658
coin tek başına,FLOKI tek başına ⭐,,8,2024+,⛔ z≤−1,23,73.91304347826086,0.6653298417433796
coin tek başına,FLOKI tek başına ⭐,,8,2026,tümü,60,65.0,0.40176658835975354
coin tek başına,FLOKI tek başına ⭐,,8,2026,✅ z>0,33,60.60606060606061,0.13091759274170534
coin tek başına,FLOKI tek başına ⭐,,8,2026,⚠️ −1<z≤0,22,72.72727272727273,0.8014702602310272
coin tek başına,FLOKI tek başına ⭐,,8,2026,⛔ z≤−1,5,60.0,0.43067380320526816
coin 🤝 ortak,FLOKI 🤝 ortak ⭐,,4,22-06→23,tümü,0,,
coin 🤝 ortak,FLOKI 🤝 ortak ⭐,,4,22-06→23,✅ z>0,0,,
coin 🤝 ortak,FLOKI 🤝 ortak ⭐,,4,22-06→23,⚠️ −1<z≤0,0,,
coin 🤝 ortak,FLOKI 🤝 ortak ⭐,,4,22-06→23,⛔ z≤−1,0,,
coin 🤝 ortak,FLOKI 🤝 ortak ⭐,,4,2024+,tümü,61,65.57377049180327,0.28030170836728163
coin 🤝 ortak,FLOKI 🤝 ortak ⭐,,4,2024+,✅ z>0,29,72.41379310344827,0.3872677469125258
coin 🤝 ortak,FLOKI 🤝 ortak ⭐,,4,2024+,⚠️ −1<z≤0,25,68.0,0.47304559749299196
coin 🤝 ortak,FLOKI 🤝 ortak ⭐,,4,2024+,⛔ z≤−1,7,28.57142857142857,-0.8512143410548382
coin 🤝 ortak,FLOKI 🤝 ortak ⭐,,4,2026,tümü,27,81.48148148148148,0.6743230913272924
coin 🤝 ortak,FLOKI 🤝 ortak ⭐,,4,2026,✅ z>0,14,85.71428571428571,0.37388468254224266
coin 🤝 ortak,FLOKI 🤝 ortak ⭐,,4,2026,⚠️ −1<z≤0,9,100.0,1.8470588448834369
coin 🤝 ortak,FLOKI 🤝 ortak ⭐,,4,2026,⛔ z≤−1,4,25.0,-0.9127979234263577
coin 🔇 sessiz,FLOKI 🔇 sessiz ⭐,,4,22-06→23,tümü,0,,
coin 🔇 sessiz,FLOKI 🔇 sessiz ⭐,,4,22-06→23,✅ z>0,0,,
coin 🔇 sessiz,FLOKI 🔇 sessiz ⭐,,4,22-06→23,⚠️ −1<z≤0,0,,
coin 🔇 sessiz,FLOKI 🔇 sessiz ⭐,,4,22-06→23,⛔ z≤−1,0,,
coin 🔇 sessiz,FLOKI 🔇 sessiz ⭐,,4,2024+,tümü,128,53.125,0.18273152127284248
coin 🔇 sessiz,FLOKI 🔇 sessiz ⭐,,4,2024+,✅ z>0,61,57.377049180327866,0.3545948199885172
coin 🔇 sessiz,FLOKI 🔇 sessiz ⭐,,4,2024+,⚠️ −1<z≤0,46,52.17391304347826,0.25045238796595093
coin 🔇 sessiz,FLOKI 🔇 sessiz ⭐,,4,2024+,⛔ z≤−1,21,42.857142857142854,-0.4648313877528315
coin 🔇 sessiz,FLOKI 🔇 sessiz ⭐,,4,2026,tümü,49,57.14285714285714,0.22486422812047457
coin 🔇 sessiz,FLOKI 🔇 sessiz ⭐,,4,2026,✅ z>0,24,58.333333333333336,0.13315413508776727
coin 🔇 sessiz,FLOKI 🔇 sessiz ⭐,,4,2026,⚠️ −1<z≤0,18,61.111111111111114,0.7450635076828309
coin 🔇 sessiz,FLOKI 🔇 sessiz ⭐,,4,2026,⛔ z≤−1,7,42.857142857142854,-0.7983564574991605
coin tek başına,FLOKI tek başına 4s ÇG↑,,4,22-06→23,tümü,0,,
coin tek başına,FLOKI tek başına 4s ÇG↑,,4,22-06→23,✅ z>0,0,,
coin tek başına,FLOKI tek başına 4s ÇG↑,,4,22-06→23,⚠️ −1<z≤0,0,,
coin tek başına,FLOKI tek başına 4s ÇG↑,,4,22-06→23,⛔ z≤−1,0,,
coin tek başına,FLOKI tek başına 4s ÇG↑,,4,2024+,tümü,414,51.93236714975845,-0.08453128487927178
coin tek başına,FLOKI tek başına 4s ÇG↑,,4,2024+,✅ z>0,190,54.736842105263165,-0.004316053674960147
coin tek başına,FLOKI tek başına 4s ÇG↑,,4,2024+,⚠️ −1<z≤0,170,50.0,-0.21149228317815838
coin tek başına,FLOKI tek başına 4s ÇG↑,,4,2024+,⛔ z≤−1,54,48.148148148148145,0.03292197034279331
coin tek başına,FLOKI tek başına 4s ÇG↑,,4,2026,tümü,168,56.547619047619044,0.15475673136527562
coin tek başına,FLOKI tek başına 4s ÇG↑,,4,2026,✅ z>0,85,61.1764705882353,0.21561893439523
coin tek başına,FLOKI tek başına 4s ÇG↑,,4,2026,⚠️ −1<z≤0,59,52.54237288135594,0.2016960149973814
coin tek başına,FLOKI tek başına 4s ÇG↑,,4,2026,⛔ z≤−1,24,50.0,-0.1761893099614065
coin 🤝 ortak,FLOKI 🤝 ortak 4s ÇG↑,📨,4,22-06→23,tümü,0,,
coin 🤝 ortak,FLOKI 🤝 ortak 4s ÇG↑,📨,4,22-06→23,✅ z>0,0,,
coin 🤝 ortak,FLOKI 🤝 ortak 4s ÇG↑,📨,4,22-06→23,⚠️ −1<z≤0,0,,
coin 🤝 ortak,FLOKI 🤝 ortak 4s ÇG↑,📨,4,22-06→23,⛔ z≤−1,0,,
coin 🤝 ortak,FLOKI 🤝 ortak 4s ÇG↑,📨,4,2024+,tümü,127,62.20472440944882,-0.006327729438934982
coin 🤝 ortak,FLOKI 🤝 ortak 4s ÇG↑,📨,4,2024+,✅ z>0,52,69.23076923076923,0.06590742318939422
coin 🤝 ortak,FLOKI 🤝 ortak 4s ÇG↑,📨,4,2024+,⚠️ −1<z≤0,59,61.016949152542374,-0.06810965703143992
coin 🤝 ortak,FLOKI 🤝 ortak 4s ÇG↑,📨,4,2024+,⛔ z≤−1,16,43.75,-0.013271117483641855
coin 🤝 ortak,FLOKI 🤝 ortak 4s ÇG↑,📨,4,2026,tümü,52,73.07692307692307,0.43777487214803434
coin 🤝 ortak,FLOKI 🤝 ortak 4s ÇG↑,📨,4,2026,✅ z>0,20,80.0,0.14975176655873718
coin 🤝 ortak,FLOKI 🤝 ortak 4s ÇG↑,📨,4,2026,⚠️ −1<z≤0,22,77.27272727272727,1.0394685452642194
coin 🤝 ortak,FLOKI 🤝 ortak 4s ÇG↑,📨,4,2026,⛔ z≤−1,10,50.0,-0.30990499752897915
coin 🔇 sessiz,FLOKI 🔇 sessiz 4s ÇG↑,,4,22-06→23,tümü,0,,
coin 🔇 sessiz,FLOKI 🔇 sessiz 4s ÇG↑,,4,22-06→23,✅ z>0,0,,
coin 🔇 sessiz,FLOKI 🔇 sessiz 4s ÇG↑,,4,22-06→23,⚠️ −1<z≤0,0,,
coin 🔇 sessiz,FLOKI 🔇 sessiz 4s ÇG↑,,4,22-06→23,⛔ z≤−1,0,,
coin 🔇 sessiz,FLOKI 🔇 sessiz 4s ÇG↑,,4,2024+,tümü,265,49.81132075471698,-0.11855248478393142
coin 🔇 sessiz,FLOKI 🔇 sessiz 4s ÇG↑,,4,2024+,✅ z>0,126,56.34920634920635,0.14287697279015624
coin 🔇 sessiz,FLOKI 🔇 sessiz 4s ÇG↑,,4,2024+,⚠️ −1<z≤0,97,43.29896907216495,-0.21971095073767982
coin 🔇 sessiz,FLOKI 🔇 sessiz 4s ÇG↑,,4,2024+,⛔ z≤−1,42,45.23809523809524,-0.669212971851109
coin 🔇 sessiz,FLOKI 🔇 sessiz 4s ÇG↑,,4,2026,tümü,110,54.54545454545454,0.06882007109842107
coin 🔇 sessiz,FLOKI 🔇 sessiz 4s ÇG↑,,4,2026,✅ z>0,57,61.40350877192983,0.3049630760652365
coin 🔇 sessiz,FLOKI 🔇 sessiz 4s ÇG↑,,4,2026,⚠️ −1<z≤0,38,44.73684210526316,-0.10021210054987119
coin 🔇 sessiz,FLOKI 🔇 sessiz 4s ÇG↑,,4,2026,⛔ z≤−1,15,53.333333333333336,-0.40030851293313774
coin tek başına,FLOKI tek başına A,,4,22-06→23,tümü,0,,
coin tek başına,FLOKI tek başına A,,4,22-06→23,✅ z>0,0,,
coin tek başına,FLOKI tek başına A,,4,22-06→23,⚠️ −1<z≤0,0,,
coin tek başına,FLOKI tek başına A,,4,22-06→23,⛔ z≤−1,0,,
coin tek başına,FLOKI tek başına A,,4,2024+,tümü,833,52.22088835534213,0.016037704753870816
coin tek başına,FLOKI tek başına A,,4,2024+,✅ z>0,385,55.84415584415584,0.30029395276928805
coin tek başına,FLOKI tek başına A,,4,2024+,⚠️ −1<z≤0,325,50.46153846153846,-0.13186263560963474
coin tek başına,FLOKI tek başına A,,4,2024+,⛔ z≤−1,123,45.52845528455284,-0.48291387953715637
coin tek başına,FLOKI tek başına A,,4,2026,tümü,345,53.04347826086957,0.10169689721490009
coin tek başına,FLOKI tek başına A,,4,2026,✅ z>0,170,62.94117647058823,0.4486549436892874
coin tek başına,FLOKI tek başına A,,4,2026,⚠️ −1<z≤0,131,45.038167938931295,-0.20893127923246532
coin tek başına,FLOKI tek başına A,,4,2026,⛔ z≤−1,44,38.63636363636363,-0.31399802974057656
coin 🤝 ortak,FLOKI 🤝 ortak A,,4,22-06→23,tümü,0,,
coin 🤝 ortak,FLOKI 🤝 ortak A,,4,22-06→23,✅ z>0,0,,
coin 🤝 ortak,FLOKI 🤝 ortak A,,4,22-06→23,⚠️ −1<z≤0,0,,
coin 🤝 ortak,FLOKI 🤝 ortak A,,4,22-06→23,⛔ z≤−1,0,,
coin 🤝 ortak,FLOKI 🤝 ortak A,,4,2024+,tümü,210,57.61904761904761,0.12152458087317433
coin 🤝 ortak,FLOKI 🤝 ortak A,,4,2024+,✅ z>0,92,60.86956521739131,0.30411459187512646
coin 🤝 ortak,FLOKI 🤝 ortak A,,4,2024+,⚠️ −1<z≤0,88,59.09090909090909,0.10532943685525367
coin 🤝 ortak,FLOKI 🤝 ortak A,,4,2024+,⛔ z≤−1,30,43.333333333333336,-0.3909123637469109
coin 🤝 ortak,FLOKI 🤝 ortak A,,4,2026,tümü,84,67.85714285714286,0.45374076355926524
coin 🤝 ortak,FLOKI 🤝 ortak A,,4,2026,✅ z>0,33,75.75757575757575,0.6570135709876063
coin 🤝 ortak,FLOKI 🤝 ortak A,,4,2026,⚠️ −1<z≤0,38,73.68421052631578,0.624790685243571
coin 🤝 ortak,FLOKI 🤝 ortak A,,4,2026,⛔ z≤−1,13,30.76923076923077,-0.562251518682187
coin 🔇 sessiz,FLOKI 🔇 sessiz A,,4,22-06→23,tümü,0,,
coin 🔇 sessiz,FLOKI 🔇 sessiz A,,4,22-06→23,✅ z>0,0,,
coin 🔇 sessiz,FLOKI 🔇 sessiz A,,4,22-06→23,⚠️ −1<z≤0,0,,
coin 🔇 sessiz,FLOKI 🔇 sessiz A,,4,22-06→23,⛔ z≤−1,0,,
coin 🔇 sessiz,FLOKI 🔇 sessiz A,,4,2024+,tümü,592,51.858108108108105,-0.03254084176563462
coin 🔇 sessiz,FLOKI 🔇 sessiz A,,4,2024+,✅ z>0,290,55.86206896551724,0.11782576872092117
coin 🔇 sessiz,FLOKI 🔇 sessiz A,,4,2024+,⚠️ −1<z≤0,221,47.963800904977376,-0.13371466130116907
coin 🔇 sessiz,FLOKI 🔇 sessiz A,,4,2024+,⛔ z≤−1,81,48.148148148148145,-0.29484828526869733
coin 🔇 sessiz,FLOKI 🔇 sessiz A,,4,2026,tümü,256,50.78125,-0.000563283203114124
coin 🔇 sessiz,FLOKI 🔇 sessiz A,,4,2026,✅ z>0,135,58.51851851851851,0.1610769782308275
coin 🔇 sessiz,FLOKI 🔇 sessiz A,,4,2026,⚠️ −1<z≤0,91,42.857142857142854,-0.1355478054532197
coin 🔇 sessiz,FLOKI 🔇 sessiz A,,4,2026,⛔ z≤−1,30,40.0,-0.31849140883053156
coin tek başına,LINK tek başına ⭐,,8,22-06→23,tümü,198,59.59595959595959,0.364508438601293
coin tek başına,LINK tek başına ⭐,,8,22-06→23,✅ z>0,117,61.53846153846154,0.6339385991718334
coin tek başına,LINK tek başına ⭐,,8,22-06→23,⚠️ −1<z≤0,58,60.3448275862069,-0.17073853634518987
coin tek başına,LINK tek başına ⭐,,8,22-06→23,⛔ z≤−1,23,47.82608695652174,0.3436821673031537
coin tek başına,LINK tek başına ⭐,,8,2024+,tümü,210,54.285714285714285,0.27419175608537155
coin tek başına,LINK tek başına ⭐,,8,2024+,✅ z>0,101,55.44554455445545,0.4318753556674434
coin tek başına,LINK tek başına ⭐,,8,2024+,⚠️ −1<z≤0,60,58.333333333333336,0.03338219428335153
coin tek başına,LINK tek başına ⭐,,8,2024+,⛔ z≤−1,49,46.93877551020408,0.24403931017377783
coin tek başına,LINK tek başına ⭐,,8,2026,tümü,46,45.65217391304348,-0.07298942687538972
coin tek başına,LINK tek başına ⭐,,8,2026,✅ z>0,23,39.130434782608695,-0.20586291897347805
coin tek başına,LINK tek başına ⭐,,8,2026,⚠️ −1<z≤0,15,60.0,0.3494568938986618
coin tek başına,LINK tek başına ⭐,,8,2026,⛔ z≤−1,8,37.5,-0.4830649885447322
coin 🤝 ortak,LINK 🤝 ortak ⭐,,4,22-06→23,tümü,108,58.333333333333336,0.20522953317593903
coin 🤝 ortak,LINK 🤝 ortak ⭐,,4,22-06→23,✅ z>0,68,54.41176470588235,0.1746706923320579
coin 🤝 ortak,LINK 🤝 ortak ⭐,,4,22-06→23,⚠️ −1<z≤0,25,64.0,-0.2171047143613668
coin 🤝 ortak,LINK 🤝 ortak ⭐,,4,22-06→23,⛔ z≤−1,15,66.66666666666666,1.0476533575637101
coin 🤝 ortak,LINK 🤝 ortak ⭐,,4,2024+,tümü,93,59.13978494623656,0.030299238028190675
coin 🤝 ortak,LINK 🤝 ortak ⭐,,4,2024+,✅ z>0,44,61.36363636363637,0.2584196695937142
coin 🤝 ortak,LINK 🤝 ortak ⭐,,4,2024+,⚠️ −1<z≤0,27,62.96296296296296,0.06140250500338286
coin 🤝 ortak,LINK 🤝 ortak ⭐,,4,2024+,⛔ z≤−1,22,50.0,-0.46411381639059207
coin 🤝 ortak,LINK 🤝 ortak ⭐,,4,2026,tümü,24,58.333333333333336,0.5286327998041862
coin 🤝 ortak,LINK 🤝 ortak ⭐,,4,2026,✅ z>0,16,62.5,0.3118482791721761
coin 🤝 ortak,LINK 🤝 ortak ⭐,,4,2026,⚠️ −1<z≤0,6,66.66666666666666,1.5270645535766527
coin 🤝 ortak,LINK 🤝 ortak ⭐,,4,2026,⛔ z≤−1,2,0.0,-0.7323862964571315
coin 🔇 sessiz,LINK 🔇 sessiz ⭐,,4,22-06→23,tümü,167,58.68263473053892,0.24477236751006326
coin 🔇 sessiz,LINK 🔇 sessiz ⭐,,4,22-06→23,✅ z>0,90,58.88888888888889,0.23073651042969848
coin 🔇 sessiz,LINK 🔇 sessiz ⭐,,4,22-06→23,⚠️ −1<z≤0,60,58.333333333333336,0.18494078839363282
coin 🔇 sessiz,LINK 🔇 sessiz ⭐,,4,22-06→23,⛔ z≤−1,17,58.82352941176471,0.5302501254052787
coin 🔇 sessiz,LINK 🔇 sessiz ⭐,,4,2024+,tümü,146,56.16438356164384,0.08690409471601948
coin 🔇 sessiz,LINK 🔇 sessiz ⭐,,4,2024+,✅ z>0,81,58.0246913580247,0.6728096028336348
coin 🔇 sessiz,LINK 🔇 sessiz ⭐,,4,2024+,⚠️ −1<z≤0,36,50.0,-1.0651985696736246
coin 🔇 sessiz,LINK 🔇 sessiz ⭐,,4,2024+,⛔ z≤−1,29,58.620689655172406,-0.11939418940465864
coin 🔇 sessiz,LINK 🔇 sessiz ⭐,,4,2026,tümü,31,58.06451612903226,0.11121838319354133
coin 🔇 sessiz,LINK 🔇 sessiz ⭐,,4,2026,✅ z>0,18,55.55555555555556,0.3861339777144528
coin 🔇 sessiz,LINK 🔇 sessiz ⭐,,4,2026,⚠️ −1<z≤0,7,71.42857142857143,-0.3899533799150435
coin 🔇 sessiz,LINK 🔇 sessiz ⭐,,4,2026,⛔ z≤−1,6,50.0,-0.12882801007584388
coin tek başına,LINK tek başına 4s ÇG↑,,4,22-06→23,tümü,475,57.263157894736835,0.13706095047216107
coin tek başına,LINK tek başına 4s ÇG↑,,4,22-06→23,✅ z>0,255,60.3921568627451,0.2331735500185932
coin tek başına,LINK tek başına 4s ÇG↑,,4,22-06→23,⚠️ −1<z≤0,151,53.64238410596026,-0.17957265967968886
coin tek başına,LINK tek başına 4s ÇG↑,,4,22-06→23,⛔ z≤−1,69,53.62318840579711,0.47478504103142377
coin tek başına,LINK tek başına 4s ÇG↑,,4,2024+,tümü,658,55.471124620060785,0.12277713767262899
coin tek başına,LINK tek başına 4s ÇG↑,,4,2024+,✅ z>0,315,55.87301587301587,0.2823021943767234
coin tek başına,LINK tek başına 4s ÇG↑,,4,2024+,⚠️ −1<z≤0,208,56.730769230769226,0.0006985575577832809
coin tek başına,LINK tek başına 4s ÇG↑,,4,2024+,⛔ z≤−1,135,52.59259259259259,-0.06135655268219949
coin tek başına,LINK tek başına 4s ÇG↑,,4,2026,tümü,162,50.617283950617285,0.05945758279898553
coin tek başına,LINK tek başına 4s ÇG↑,,4,2026,✅ z>0,78,52.56410256410257,0.18008350929325423
coin tek başına,LINK tek başına 4s ÇG↑,,4,2026,⚠️ −1<z≤0,53,52.83018867924528,0.1205559219245361
coin tek başına,LINK tek başına 4s ÇG↑,,4,2026,⛔ z≤−1,31,41.935483870967744,-0.34851126365930957
coin 🤝 ortak,LINK 🤝 ortak 4s ÇG↑,,4,22-06→23,tümü,160,59.375,0.18414585313658977
coin 🤝 ortak,LINK 🤝 ortak 4s ÇG↑,,4,22-06→23,✅ z>0,86,56.97674418604651,0.040883236353735426
coin 🤝 ortak,LINK 🤝 ortak 4s ÇG↑,,4,22-06→23,⚠️ −1<z≤0,46,60.86956521739131,-0.06761680894013818
coin 🤝 ortak,LINK 🤝 ortak 4s ÇG↑,,4,22-06→23,⛔ z≤−1,28,64.28571428571429,1.0377768352385521
coin 🤝 ortak,LINK 🤝 ortak 4s ÇG↑,,4,2024+,tümü,197,56.852791878172596,0.16604414027232844
coin 🤝 ortak,LINK 🤝 ortak 4s ÇG↑,,4,2024+,✅ z>0,90,56.666666666666664,0.2670456284794809
coin 🤝 ortak,LINK 🤝 ortak 4s ÇG↑,,4,2024+,⚠️ −1<z≤0,65,64.61538461538461,0.3896022334155385
coin 🤝 ortak,LINK 🤝 ortak 4s ÇG↑,,4,2024+,⛔ z≤−1,42,45.23809523809524,-0.39637038336939445
coin 🤝 ortak,LINK 🤝 ortak 4s ÇG↑,,4,2026,tümü,57,56.14035087719298,0.3538607734173161
coin 🤝 ortak,LINK 🤝 ortak 4s ÇG↑,,4,2026,✅ z>0,34,58.82352941176471,0.3406831091781502
coin 🤝 ortak,LINK 🤝 ortak 4s ÇG↑,,4,2026,⚠️ −1<z≤0,15,66.66666666666666,0.7944953274190153
coin 🤝 ortak,LINK 🤝 ortak 4s ÇG↑,,4,2026,⛔ z≤−1,8,25.0,-0.41632394231941483
coin 🔇 sessiz,LINK 🔇 sessiz 4s ÇG↑,,4,22-06→23,tümü,309,56.957928802588995,0.17918128170283332
coin 🔇 sessiz,LINK 🔇 sessiz 4s ÇG↑,,4,22-06→23,✅ z>0,166,59.63855421686747,0.22972249619462978
coin 🔇 sessiz,LINK 🔇 sessiz 4s ÇG↑,,4,22-06→23,⚠️ −1<z≤0,105,52.38095238095239,-0.03141078462021224
coin 🔇 sessiz,LINK 🔇 sessiz 4s ÇG↑,,4,22-06→23,⛔ z≤−1,38,57.89473684210527,0.5402951069207692
coin 🔇 sessiz,LINK 🔇 sessiz 4s ÇG↑,,4,2024+,tümü,408,55.14705882352941,0.04732522114749207
coin 🔇 sessiz,LINK 🔇 sessiz 4s ÇG↑,,4,2024+,✅ z>0,203,57.14285714285714,0.3303891896296721
coin 🔇 sessiz,LINK 🔇 sessiz 4s ÇG↑,,4,2024+,⚠️ −1<z≤0,132,53.78787878787878,-0.2270703868920932
coin 🔇 sessiz,LINK 🔇 sessiz 4s ÇG↑,,4,2024+,⛔ z≤−1,73,52.054794520547944,-0.24365786571082654
coin 🔇 sessiz,LINK 🔇 sessiz 4s ÇG↑,,4,2026,tümü,102,52.94117647058824,0.004928122474026687
coin 🔇 sessiz,LINK 🔇 sessiz 4s ÇG↑,,4,2026,✅ z>0,46,52.17391304347826,0.04315905145382819
coin 🔇 sessiz,LINK 🔇 sessiz 4s ÇG↑,,4,2026,⚠️ −1<z≤0,35,57.14285714285714,0.18210097896600833
coin 🔇 sessiz,LINK 🔇 sessiz 4s ÇG↑,,4,2026,⛔ z≤−1,21,47.61904761904761,-0.3741039113493176
coin tek başına,LINK tek başına A,,4,22-06→23,tümü,790,55.56962025316455,0.10667703836354067
coin tek başına,LINK tek başına A,,4,22-06→23,✅ z>0,415,58.79518072289157,0.2350377666540807
coin tek başına,LINK tek başına A,,4,22-06→23,⚠️ −1<z≤0,273,52.01465201465202,-0.044831577825865526
coin tek başına,LINK tek başına A,,4,22-06→23,⛔ z≤−1,102,51.9607843137255,-0.010066589292010885
coin tek başına,LINK tek başına A,,4,2024+,tümü,1156,55.88235294117647,0.10485874300123957
coin tek başına,LINK tek başına A,,4,2024+,✅ z>0,555,56.03603603603604,0.16867162835993896
coin tek başına,LINK tek başına A,,4,2024+,⚠️ −1<z≤0,360,57.49999999999999,0.07929069019176652
coin tek başına,LINK tek başına A,,4,2024+,⛔ z≤−1,241,53.11203319502075,-0.0039032999973822842
coin tek başına,LINK tek başına A,,4,2026,tümü,281,58.362989323843415,0.11834128477289398
coin tek başına,LINK tek başına A,,4,2026,✅ z>0,144,59.02777777777778,0.131188441830757
coin tek başına,LINK tek başına A,,4,2026,⚠️ −1<z≤0,87,60.91954022988506,0.2497562152827756
coin tek başına,LINK tek başına A,,4,2026,⛔ z≤−1,50,52.0,-0.1473205066409457
coin 🤝 ortak,LINK 🤝 ortak A,📨,4,22-06→23,tümü,203,55.172413793103445,0.1323132332774677
coin 🤝 ortak,LINK 🤝 ortak A,📨,4,22-06→23,✅ z>0,111,49.549549549549546,-0.01936318625233714
coin 🤝 ortak,LINK 🤝 ortak A,📨,4,22-06→23,⚠️ −1<z≤0,56,60.71428571428571,0.24920232612292212
coin 🤝 ortak,LINK 🤝 ortak A,📨,4,22-06→23,⛔ z≤−1,36,63.888888888888886,0.4181547157347704
coin 🤝 ortak,LINK 🤝 ortak A,📨,4,2024+,tümü,293,58.703071672354945,0.1659142475772729
coin 🤝 ortak,LINK 🤝 ortak A,📨,4,2024+,✅ z>0,135,58.51851851851851,0.16050879581566121
coin 🤝 ortak,LINK 🤝 ortak A,📨,4,2024+,⚠️ −1<z≤0,97,65.97938144329896,0.3115531221788698
coin 🤝 ortak,LINK 🤝 ortak A,📨,4,2024+,⛔ z≤−1,61,47.540983606557376,-0.05371255321842091
coin 🤝 ortak,LINK 🤝 ortak A,📨,4,2026,tümü,79,60.75949367088608,0.28410112844004054
coin 🤝 ortak,LINK 🤝 ortak A,📨,4,2026,✅ z>0,44,63.63636363636363,0.27147161705833095
coin 🤝 ortak,LINK 🤝 ortak A,📨,4,2026,⚠️ −1<z≤0,25,68.0,0.5274762396613397
coin 🤝 ortak,LINK 🤝 ortak A,📨,4,2026,⛔ z≤−1,10,30.0,-0.26876679953368504
coin 🔇 sessiz,LINK 🔇 sessiz A,,4,22-06→23,tümü,576,57.291666666666664,0.11958389113296672
coin 🔇 sessiz,LINK 🔇 sessiz A,,4,22-06→23,✅ z>0,302,62.58278145695364,0.2878218988205533
coin 🔇 sessiz,LINK 🔇 sessiz A,,4,22-06→23,⚠️ −1<z≤0,203,50.73891625615764,-0.039201175533983904
coin 🔇 sessiz,LINK 🔇 sessiz A,,4,22-06→23,⛔ z≤−1,71,53.52112676056338,-0.14202892278619092
coin 🔇 sessiz,LINK 🔇 sessiz A,,4,2024+,tümü,772,53.23834196891192,0.05023368990967962
coin 🔇 sessiz,LINK 🔇 sessiz A,,4,2024+,✅ z>0,369,53.387533875338754,0.16615851613310484
coin 🔇 sessiz,LINK 🔇 sessiz A,,4,2024+,⚠️ −1<z≤0,253,51.77865612648221,-0.07004564490662799
coin 🔇 sessiz,LINK 🔇 sessiz A,,4,2024+,⛔ z≤−1,150,55.333333333333336,-0.032070237876440894
coin 🔇 sessiz,LINK 🔇 sessiz A,,4,2026,tümü,185,56.21621621621622,0.0721653529006618
coin 🔇 sessiz,LINK 🔇 sessiz A,,4,2026,✅ z>0,94,54.25531914893617,0.04408380367959884
coin 🔇 sessiz,LINK 🔇 sessiz A,,4,2026,⚠️ −1<z≤0,58,55.172413793103445,0.1130254073868453
coin 🔇 sessiz,LINK 🔇 sessiz A,,4,2026,⛔ z≤−1,33,63.63636363636363,0.08034057916070055
coin tek başına (bilgi coin'i),NEAR tek başına ⭐,,8,22-06→23,tümü,95,57.89473684210527,0.5809940425238034
coin tek başına (bilgi coin'i),NEAR tek başına ⭐,,8,22-06→23,✅ z>0,47,59.57446808510638,0.4530671202486719
coin tek başına (bilgi coin'i),NEAR tek başına ⭐,,8,22-06→23,⚠️ −1<z≤0,38,52.63157894736842,0.22604282982621396
coin tek başına (bilgi coin'i),NEAR tek başına ⭐,,8,22-06→23,⛔ z≤−1,10,70.0,2.53106518546776
coin tek başına (bilgi coin'i),NEAR tek başına ⭐,,8,2024+,tümü,201,52.736318407960205,0.20387243964879823
coin tek başına (bilgi coin'i),NEAR tek başına ⭐,,8,2024+,✅ z>0,105,62.857142857142854,0.7353095582511195
coin tek başına (bilgi coin'i),NEAR tek başına ⭐,,8,2024+,⚠️ −1<z≤0,59,38.983050847457626,-0.6226830345731634
coin tek başına (bilgi coin'i),NEAR tek başına ⭐,,8,2024+,⛔ z≤−1,37,45.94594594594595,0.013760967374528373
coin tek başına (bilgi coin'i),NEAR tek başına ⭐,,8,2026,tümü,41,43.90243902439025,-0.23558177695477528
coin tek başına (bilgi coin'i),NEAR tek başına ⭐,,8,2026,✅ z>0,25,52.0,0.03383833062563335
coin tek başına (bilgi coin'i),NEAR tek başına ⭐,,8,2026,⚠️ −1<z≤0,14,35.714285714285715,-0.5505650964372993
coin tek başına (bilgi coin'i),NEAR tek başına ⭐,,8,2026,⛔ z≤−1,2,0.0,-1.3984498853322136
coin 🤝 ortak (bilgi coin'i),NEAR 🤝 ortak ⭐,📨,4,22-06→23,tümü,33,63.63636363636363,0.623609865867325
coin 🤝 ortak (bilgi coin'i),NEAR 🤝 ortak ⭐,📨,4,22-06→23,✅ z>0,13,69.23076923076923,1.0383117370935855
coin 🤝 ortak (bilgi coin'i),NEAR 🤝 ortak ⭐,📨,4,22-06→23,⚠️ −1<z≤0,14,50.0,0.11844388773810861
coin 🤝 ortak (bilgi coin'i),NEAR 🤝 ortak ⭐,📨,4,22-06→23,⛔ z≤−1,6,83.33333333333334,0.9038097605119323
coin 🤝 ortak (bilgi coin'i),NEAR 🤝 ortak ⭐,📨,4,2024+,tümü,79,60.75949367088608,0.5860348251075068
coin 🤝 ortak (bilgi coin'i),NEAR 🤝 ortak ⭐,📨,4,2024+,✅ z>0,39,71.7948717948718,1.2713217408720856
coin 🤝 ortak (bilgi coin'i),NEAR 🤝 ortak ⭐,📨,4,2024+,⚠️ −1<z≤0,23,52.17391304347826,0.11459952800820222
coin 🤝 ortak (bilgi coin'i),NEAR 🤝 ortak ⭐,📨,4,2024+,⛔ z≤−1,17,47.05882352941176,-0.3482697561592314
coin 🤝 ortak (bilgi coin'i),NEAR 🤝 ortak ⭐,📨,4,2026,tümü,14,71.42857142857143,1.134739818031182
coin 🤝 ortak (bilgi coin'i),NEAR 🤝 ortak ⭐,📨,4,2026,✅ z>0,13,69.23076923076923,1.1632534477068772
coin 🤝 ortak (bilgi coin'i),NEAR 🤝 ortak ⭐,📨,4,2026,⚠️ −1<z≤0,1,100.0,0.7640626322471489
coin 🤝 ortak (bilgi coin'i),NEAR 🤝 ortak ⭐,📨,4,2026,⛔ z≤−1,0,,
coin 🔇 sessiz (bilgi coin'i),NEAR 🔇 sessiz ⭐,,4,22-06→23,tümü,93,60.215053763440864,0.4203780454961826
coin 🔇 sessiz (bilgi coin'i),NEAR 🔇 sessiz ⭐,,4,22-06→23,✅ z>0,43,58.139534883720934,0.3535694111303931
coin 🔇 sessiz (bilgi coin'i),NEAR 🔇 sessiz ⭐,,4,22-06→23,⚠️ −1<z≤0,44,59.09090909090909,0.30894304593681243
coin 🔇 sessiz (bilgi coin'i),NEAR 🔇 sessiz ⭐,,4,22-06→23,⛔ z≤−1,6,83.33333333333334,1.7163632552197212
coin 🔇 sessiz (bilgi coin'i),NEAR 🔇 sessiz ⭐,,4,2024+,tümü,175,56.57142857142857,0.25534755414603144
coin 🔇 sessiz (bilgi coin'i),NEAR 🔇 sessiz ⭐,,4,2024+,✅ z>0,86,60.46511627906976,0.4372055852755241
coin 🔇 sessiz (bilgi coin'i),NEAR 🔇 sessiz ⭐,,4,2024+,⚠️ −1<z≤0,60,48.333333333333336,-0.2761962988720214
coin 🔇 sessiz (bilgi coin'i),NEAR 🔇 sessiz ⭐,,4,2024+,⛔ z≤−1,29,62.06896551724138,0.8157903301441973
coin 🔇 sessiz (bilgi coin'i),NEAR 🔇 sessiz ⭐,,4,2026,tümü,44,50.0,-0.46167678038470555
coin 🔇 sessiz (bilgi coin'i),NEAR 🔇 sessiz ⭐,,4,2026,✅ z>0,21,61.904761904761905,-0.19066206986486392
coin 🔇 sessiz (bilgi coin'i),NEAR 🔇 sessiz ⭐,,4,2026,⚠️ −1<z≤0,18,38.88888888888889,-0.6542100520705892
coin 🔇 sessiz (bilgi coin'i),NEAR 🔇 sessiz ⭐,,4,2026,⛔ z≤−1,5,40.0,-0.9068187864988596
coin tek başına (bilgi coin'i),NEAR tek başına 4s ÇG↑,,4,22-06→23,tümü,278,54.67625899280576,0.2352653119322036
coin tek başına (bilgi coin'i),NEAR tek başına 4s ÇG↑,,4,22-06→23,✅ z>0,135,57.03703703703704,0.27295465038211014
coin tek başına (bilgi coin'i),NEAR tek başına 4s ÇG↑,,4,22-06→23,⚠️ −1<z≤0,119,52.94117647058824,0.08345405524339115
coin tek başına (bilgi coin'i),NEAR tek başına 4s ÇG↑,,4,22-06→23,⛔ z≤−1,24,50.0,0.775993597566841
coin tek başına (bilgi coin'i),NEAR tek başına 4s ÇG↑,,4,2024+,tümü,639,54.929577464788736,0.058077718006254005
coin tek başına (bilgi coin'i),NEAR tek başına 4s ÇG↑,,4,2024+,✅ z>0,311,58.19935691318327,0.318503295810444
coin tek başına (bilgi coin'i),NEAR tek başına 4s ÇG↑,,4,2024+,⚠️ −1<z≤0,213,50.23474178403756,-0.1873666883903534
coin tek başına (bilgi coin'i),NEAR tek başına 4s ÇG↑,,4,2024+,⛔ z≤−1,115,54.78260869565217,-0.19159790055570902
coin tek başına (bilgi coin'i),NEAR tek başına 4s ÇG↑,,4,2026,tümü,196,50.51020408163265,-0.03001506319843727
coin tek başına (bilgi coin'i),NEAR tek başına 4s ÇG↑,,4,2026,✅ z>0,100,51.0,0.18546728932531723
coin tek başına (bilgi coin'i),NEAR tek başına 4s ÇG↑,,4,2026,⚠️ −1<z≤0,74,51.35135135135135,-0.09801370504115689
coin tek başına (bilgi coin'i),NEAR tek başına 4s ÇG↑,,4,2026,⛔ z≤−1,22,45.45454545454545,-0.7807575975627191
coin 🤝 ortak (bilgi coin'i),NEAR 🤝 ortak 4s ÇG↑,,4,22-06→23,tümü,64,64.0625,0.342823043605966
coin 🤝 ortak (bilgi coin'i),NEAR 🤝 ortak 4s ÇG↑,,4,22-06→23,✅ z>0,33,66.66666666666666,0.5271318609941479
coin 🤝 ortak (bilgi coin'i),NEAR 🤝 ortak 4s ÇG↑,,4,22-06→23,⚠️ −1<z≤0,23,60.86956521739131,0.033241685117501134
coin 🤝 ortak (bilgi coin'i),NEAR 🤝 ortak 4s ÇG↑,,4,22-06→23,⛔ z≤−1,8,62.5,0.4725955775340516
coin 🤝 ortak (bilgi coin'i),NEAR 🤝 ortak 4s ÇG↑,,4,2024+,tümü,198,57.57575757575758,0.32539430789417095
coin 🤝 ortak (bilgi coin'i),NEAR 🤝 ortak 4s ÇG↑,,4,2024+,✅ z>0,92,64.13043478260869,0.6173648447666686
coin 🤝 ortak (bilgi coin'i),NEAR 🤝 ortak 4s ÇG↑,,4,2024+,⚠️ −1<z≤0,65,58.46153846153847,0.42189252352056106
coin 🤝 ortak (bilgi coin'i),NEAR 🤝 ortak 4s ÇG↑,,4,2024+,⛔ z≤−1,41,41.46341463414634,-0.48274406791034485
coin 🤝 ortak (bilgi coin'i),NEAR 🤝 ortak 4s ÇG↑,,4,2026,tümü,54,64.81481481481481,0.5486845438028073
coin 🤝 ortak (bilgi coin'i),NEAR 🤝 ortak 4s ÇG↑,,4,2026,✅ z>0,29,62.06896551724138,0.5537471841720369
coin 🤝 ortak (bilgi coin'i),NEAR 🤝 ortak 4s ÇG↑,,4,2026,⚠️ −1<z≤0,17,70.58823529411765,1.0871506327197455
coin 🤝 ortak (bilgi coin'i),NEAR 🤝 ortak 4s ÇG↑,,4,2026,⛔ z≤−1,8,62.5,-0.6139079664841439
coin 🔇 sessiz (bilgi coin'i),NEAR 🔇 sessiz 4s ÇG↑,,4,22-06→23,tümü,206,52.42718446601942,0.25200028134203095
coin 🔇 sessiz (bilgi coin'i),NEAR 🔇 sessiz 4s ÇG↑,,4,22-06→23,✅ z>0,91,51.64835164835166,0.15371578532208238
coin 🔇 sessiz (bilgi coin'i),NEAR 🔇 sessiz 4s ÇG↑,,4,22-06→23,⚠️ −1<z≤0,93,51.61290322580645,0.2957437259813039
coin 🔇 sessiz (bilgi coin'i),NEAR 🔇 sessiz 4s ÇG↑,,4,22-06→23,⛔ z≤−1,22,59.09090909090909,0.47362522617670705
coin 🔇 sessiz (bilgi coin'i),NEAR 🔇 sessiz 4s ÇG↑,,4,2024+,tümü,403,56.07940446650124,0.12229373882437636
coin 🔇 sessiz (bilgi coin'i),NEAR 🔇 sessiz 4s ÇG↑,,4,2024+,✅ z>0,194,58.24742268041238,0.34896466172589286
coin 🔇 sessiz (bilgi coin'i),NEAR 🔇 sessiz 4s ÇG↑,,4,2024+,⚠️ −1<z≤0,145,53.103448275862064,-0.21116170234463746
coin 🔇 sessiz (bilgi coin'i),NEAR 🔇 sessiz 4s ÇG↑,,4,2024+,⛔ z≤−1,64,56.25,0.19068248767770196
coin 🔇 sessiz (bilgi coin'i),NEAR 🔇 sessiz 4s ÇG↑,,4,2026,tümü,141,51.06382978723404,-0.19636843115486444
coin 🔇 sessiz (bilgi coin'i),NEAR 🔇 sessiz 4s ÇG↑,,4,2026,✅ z>0,73,56.16438356164384,0.05904913238574818
coin 🔇 sessiz (bilgi coin'i),NEAR 🔇 sessiz 4s ÇG↑,,4,2026,⚠️ −1<z≤0,56,46.42857142857143,-0.4133736642623737
coin 🔇 sessiz (bilgi coin'i),NEAR 🔇 sessiz 4s ÇG↑,,4,2026,⛔ z≤−1,12,41.66666666666667,-0.7374675215252143
coin tek başına (bilgi coin'i),NEAR tek başına A,,4,22-06→23,tümü,467,55.6745182012848,0.24359125010743254
coin tek başına (bilgi coin'i),NEAR tek başına A,,4,22-06→23,✅ z>0,228,53.07017543859649,0.2962598001411981
coin tek başına (bilgi coin'i),NEAR tek başına A,,4,22-06→23,⚠️ −1<z≤0,194,58.24742268041238,0.15441203646109072
coin tek başına (bilgi coin'i),NEAR tek başına A,,4,22-06→23,⛔ z≤−1,45,57.77777777777777,0.361198762100583
coin tek başına (bilgi coin'i),NEAR tek başına A,,4,2024+,tümü,1180,53.38983050847458,0.08865275371515585
coin tek başına (bilgi coin'i),NEAR tek başına A,,4,2024+,✅ z>0,567,51.85185185185185,0.114647212044921
coin tek başına (bilgi coin'i),NEAR tek başına A,,4,2024+,⚠️ −1<z≤0,436,52.06422018348624,-0.08395455844973322
coin tek başına (bilgi coin'i),NEAR tek başına A,,4,2024+,⛔ z≤−1,177,61.5819209039548,0.43056196405930736
coin tek başına (bilgi coin'i),NEAR tek başına A,,4,2026,tümü,318,51.57232704402516,0.005168511308932144
coin tek başına (bilgi coin'i),NEAR tek başına A,,4,2026,✅ z>0,175,47.42857142857143,-0.12044881829600705
coin tek başına (bilgi coin'i),NEAR tek başına A,,4,2026,⚠️ −1<z≤0,105,53.333333333333336,-0.0132521626153725
coin tek başına (bilgi coin'i),NEAR tek başına A,,4,2026,⛔ z≤−1,38,65.78947368421053,0.6345686019119943
coin 🤝 ortak (bilgi coin'i),NEAR 🤝 ortak A,📨,4,22-06→23,tümü,105,57.14285714285714,0.3087005154877651
coin 🤝 ortak (bilgi coin'i),NEAR 🤝 ortak A,📨,4,22-06→23,✅ z>0,45,44.44444444444444,-0.05591123711493608
coin 🤝 ortak (bilgi coin'i),NEAR 🤝 ortak A,📨,4,22-06→23,⚠️ −1<z≤0,49,67.3469387755102,0.6061617078987639
coin 🤝 ortak (bilgi coin'i),NEAR 🤝 ortak A,📨,4,22-06→23,⛔ z≤−1,11,63.63636363636363,0.47523964630436527
coin 🤝 ortak (bilgi coin'i),NEAR 🤝 ortak A,📨,4,2024+,tümü,277,58.844765342960294,0.503177046186557
coin 🤝 ortak (bilgi coin'i),NEAR 🤝 ortak A,📨,4,2024+,✅ z>0,123,60.97560975609756,0.7044730106926551
coin 🤝 ortak (bilgi coin'i),NEAR 🤝 ortak A,📨,4,2024+,⚠️ −1<z≤0,96,60.416666666666664,0.4046318617572508
coin 🤝 ortak (bilgi coin'i),NEAR 🤝 ortak A,📨,4,2024+,⛔ z≤−1,58,51.724137931034484,0.23940004741006302
coin 🤝 ortak (bilgi coin'i),NEAR 🤝 ortak A,📨,4,2026,tümü,56,64.28571428571429,0.6629784699011325
coin 🤝 ortak (bilgi coin'i),NEAR 🤝 ortak A,📨,4,2026,✅ z>0,33,57.57575757575758,0.5153086193726594
coin 🤝 ortak (bilgi coin'i),NEAR 🤝 ortak A,📨,4,2026,⚠️ −1<z≤0,13,69.23076923076923,0.8525154518469571
coin 🤝 ortak (bilgi coin'i),NEAR 🤝 ortak A,📨,4,2026,⛔ z≤−1,10,80.0,0.9038909001155216
coin 🔇 sessiz (bilgi coin'i),NEAR 🔇 sessiz A,,4,22-06→23,tümü,364,54.670329670329664,0.25411012817591355
coin 🔇 sessiz (bilgi coin'i),NEAR 🔇 sessiz A,,4,22-06→23,✅ z>0,169,54.437869822485204,0.3351015621647206
coin 🔇 sessiz (bilgi coin'i),NEAR 🔇 sessiz A,,4,22-06→23,⚠️ −1<z≤0,150,56.666666666666664,0.18294067506806225
coin 🔇 sessiz (bilgi coin'i),NEAR 🔇 sessiz A,,4,22-06→23,⛔ z≤−1,45,48.888888888888886,0.18717380866634262
coin 🔇 sessiz (bilgi coin'i),NEAR 🔇 sessiz A,,4,2024+,tümü,842,53.20665083135392,0.09133590854676231
coin 🔇 sessiz (bilgi coin'i),NEAR 🔇 sessiz A,,4,2024+,✅ z>0,419,50.35799522673031,0.022043190819281185
coin 🔇 sessiz (bilgi coin'i),NEAR 🔇 sessiz A,,4,2024+,⚠️ −1<z≤0,315,53.333333333333336,0.03615311059487217
coin 🔇 sessiz (bilgi coin'i),NEAR 🔇 sessiz A,,4,2024+,⛔ z≤−1,108,63.888888888888886,0.5211158167195402
coin 🔇 sessiz (bilgi coin'i),NEAR 🔇 sessiz A,,4,2026,tümü,243,48.559670781893004,-0.11844320055962795
coin 🔇 sessiz (bilgi coin'i),NEAR 🔇 sessiz A,,4,2026,✅ z>0,137,44.52554744525548,-0.24163751327880403
coin 🔇 sessiz (bilgi coin'i),NEAR 🔇 sessiz A,,4,2026,⚠️ −1<z≤0,87,51.724137931034484,-0.09926404999132271
coin 🔇 sessiz (bilgi coin'i),NEAR 🔇 sessiz A,,4,2026,⛔ z≤−1,19,63.1578947368421,0.6820323122342963
coin tek başına,OP tek başına ⭐,,8,22-06→23,tümü,23,60.86956521739131,1.3507435288212812
coin tek başına,OP tek başına ⭐,,8,22-06→23,✅ z>0,13,53.84615384615385,1.0099400308367663
coin tek başına,OP tek başına ⭐,,8,22-06→23,⚠️ −1<z≤0,8,62.5,1.1639312226545322
coin tek başına,OP tek başına ⭐,,8,22-06→23,⛔ z≤−1,2,100.0,4.31321549038763
coin tek başına,OP tek başına ⭐,,8,2024+,tümü,225,50.66666666666667,-0.25784190088415826
coin tek başına,OP tek başına ⭐,,8,2024+,✅ z>0,104,53.84615384615385,0.04715915059795588
coin tek başına,OP tek başına ⭐,,8,2024+,⚠️ −1<z≤0,77,48.05194805194805,-0.5472804204105338
coin tek başına,OP tek başına ⭐,,8,2024+,⛔ z≤−1,44,47.72727272727273,-0.4722360679434525
coin tek başına,OP tek başına ⭐,,8,2026,tümü,45,37.77777777777778,-0.7731550083855135
coin tek başına,OP tek başına ⭐,,8,2026,✅ z>0,25,40.0,-0.7012781793547991
coin tek başına,OP tek başına ⭐,,8,2026,⚠️ −1<z≤0,13,46.15384615384615,-0.14025374994047793
coin tek başına,OP tek başına ⭐,,8,2026,⛔ z≤−1,7,14.285714285714285,-2.205246020607415
coin 🤝 ortak,OP 🤝 ortak ⭐,,4,22-06→23,tümü,8,62.5,1.270569669527978
coin 🤝 ortak,OP 🤝 ortak ⭐,,4,22-06→23,✅ z>0,4,50.0,1.7912915429878287
coin 🤝 ortak,OP 🤝 ortak ⭐,,4,22-06→23,⚠️ −1<z≤0,3,66.66666666666666,0.6460231994564757
coin 🤝 ortak,OP 🤝 ortak ⭐,,4,22-06→23,⛔ z≤−1,1,100.0,1.0613215859030811
coin 🤝 ortak,OP 🤝 ortak ⭐,,4,2024+,tümü,85,57.647058823529406,-0.24064992752085146
coin 🤝 ortak,OP 🤝 ortak ⭐,,4,2024+,✅ z>0,37,56.75675675675676,0.30102446508850744
coin 🤝 ortak,OP 🤝 ortak ⭐,,4,2024+,⚠️ −1<z≤0,33,57.57575757575758,-0.7185916411181309
coin 🤝 ortak,OP 🤝 ortak ⭐,,4,2024+,⛔ z≤−1,15,60.0,-0.5253083260432543
coin 🤝 ortak,OP 🤝 ortak ⭐,,4,2026,tümü,14,64.28571428571429,0.6022775566735936
coin 🤝 ortak,OP 🤝 ortak ⭐,,4,2026,✅ z>0,8,87.5,1.51796751378344
coin 🤝 ortak,OP 🤝 ortak ⭐,,4,2026,⚠️ −1<z≤0,6,33.33333333333333,-0.6186423861395346
coin 🤝 ortak,OP 🤝 ortak ⭐,,4,2026,⛔ z≤−1,0,,
coin 🔇 sessiz,OP 🔇 sessiz ⭐,,4,22-06→23,tümü,17,64.70588235294117,1.1963846541038603
coin 🔇 sessiz,OP 🔇 sessiz ⭐,,4,22-06→23,✅ z>0,8,62.5,1.3887881608392338
coin 🔇 sessiz,OP 🔇 sessiz ⭐,,4,22-06→23,⚠️ −1<z≤0,8,62.5,0.6645729297358375
coin 🔇 sessiz,OP 🔇 sessiz ⭐,,4,22-06→23,⛔ z≤−1,1,100.0,3.911650395165052
coin 🔇 sessiz,OP 🔇 sessiz ⭐,,4,2024+,tümü,209,52.63157894736842,0.08218872897626497
coin 🔇 sessiz,OP 🔇 sessiz ⭐,,4,2024+,✅ z>0,93,55.91397849462365,0.22800215696630863
coin 🔇 sessiz,OP 🔇 sessiz ⭐,,4,2024+,⚠️ −1<z≤0,76,51.31578947368421,0.1642012251967609
coin 🔇 sessiz,OP 🔇 sessiz ⭐,,4,2024+,⛔ z≤−1,40,47.5,-0.41265123391952907
coin 🔇 sessiz,OP 🔇 sessiz ⭐,,4,2026,tümü,43,39.53488372093023,-0.6397166127977448
coin 🔇 sessiz,OP 🔇 sessiz ⭐,,4,2026,✅ z>0,23,34.78260869565217,-0.7572312237260488
coin 🔇 sessiz,OP 🔇 sessiz ⭐,,4,2026,⚠️ −1<z≤0,13,53.84615384615385,0.017465272151294814
coin 🔇 sessiz,OP 🔇 sessiz ⭐,,4,2026,⛔ z≤−1,7,28.57142857142857,-1.4740778203672489
coin tek başına,OP tek başına 4s ÇG↑,,4,22-06→23,tümü,130,58.46153846153847,0.3174232558863365
coin tek başına,OP tek başına 4s ÇG↑,,4,22-06→23,✅ z>0,65,55.38461538461539,0.20380626625121318
coin tek başına,OP tek başına 4s ÇG↑,,4,22-06→23,⚠️ −1<z≤0,48,52.083333333333336,0.18153685190321509
coin tek başına,OP tek başına 4s ÇG↑,,4,22-06→23,⛔ z≤−1,17,88.23529411764706,1.1355204157376806
coin tek başına,OP tek başına 4s ÇG↑,,4,2024+,tümü,641,52.26209048361935,-0.05283931795397477
coin tek başına,OP tek başına 4s ÇG↑,,4,2024+,✅ z>0,304,56.57894736842105,0.137442973948726
coin tek başına,OP tek başına 4s ÇG↑,,4,2024+,⚠️ −1<z≤0,221,52.03619909502263,-0.11937644039988766
coin tek başına,OP tek başına 4s ÇG↑,,4,2024+,⛔ z≤−1,116,41.37931034482759,-0.4247454617287534
coin tek başına,OP tek başına 4s ÇG↑,,4,2026,tümü,162,48.76543209876543,-0.10210653397442317
coin tek başına,OP tek başına 4s ÇG↑,,4,2026,✅ z>0,84,53.57142857142857,-0.07897635724458509
coin tek başına,OP tek başına 4s ÇG↑,,4,2026,⚠️ −1<z≤0,50,54.0,0.11854984247100547
coin tek başına,OP tek başına 4s ÇG↑,,4,2026,⛔ z≤−1,28,25.0,-0.5655263078164887
coin 🤝 ortak,OP 🤝 ortak 4s ÇG↑,,4,22-06→23,tümü,28,60.71428571428571,0.6112090029575322
coin 🤝 ortak,OP 🤝 ortak 4s ÇG↑,,4,22-06→23,✅ z>0,14,57.14285714285714,0.8658637430764072
coin 🤝 ortak,OP 🤝 ortak 4s ÇG↑,,4,22-06→23,⚠️ −1<z≤0,9,55.55555555555556,0.0660759043663441
coin 🤝 ortak,OP 🤝 ortak 4s ÇG↑,,4,22-06→23,⛔ z≤−1,5,80.0,0.8794153080888202
coin 🤝 ortak,OP 🤝 ortak 4s ÇG↑,,4,2024+,tümü,187,56.14973262032086,-0.11176174862606018
coin 🤝 ortak,OP 🤝 ortak 4s ÇG↑,,4,2024+,✅ z>0,82,60.97560975609756,0.2025925113292961
coin 🤝 ortak,OP 🤝 ortak 4s ÇG↑,,4,2024+,⚠️ −1<z≤0,69,56.52173913043478,-0.26110128121366466
coin 🤝 ortak,OP 🤝 ortak 4s ÇG↑,,4,2024+,⛔ z≤−1,36,44.44444444444444,-0.5415567921759078
coin 🤝 ortak,OP 🤝 ortak 4s ÇG↑,,4,2026,tümü,41,70.73170731707317,0.7460980179157506
coin 🤝 ortak,OP 🤝 ortak 4s ÇG↑,,4,2026,✅ z>0,19,78.94736842105263,0.9545465109339777
coin 🤝 ortak,OP 🤝 ortak 4s ÇG↑,,4,2026,⚠️ −1<z≤0,16,68.75,0.5213933157490502
coin 🤝 ortak,OP 🤝 ortak 4s ÇG↑,,4,2026,⛔ z≤−1,6,50.0,0.685223662469232
coin 🔇 sessiz,OP 🔇 sessiz 4s ÇG↑,,4,22-06→23,tümü,99,59.59595959595959,0.42682571613740794
coin 🔇 sessiz,OP 🔇 sessiz 4s ÇG↑,,4,22-06→23,✅ z>0,48,58.333333333333336,0.275420793173075
coin 🔇 sessiz,OP 🔇 sessiz 4s ÇG↑,,4,22-06→23,⚠️ −1<z≤0,41,53.65853658536586,0.3890926853826671
coin 🔇 sessiz,OP 🔇 sessiz 4s ÇG↑,,4,22-06→23,⛔ z≤−1,10,90.0,1.3082747724606425
coin 🔇 sessiz,OP 🔇 sessiz 4s ÇG↑,,4,2024+,tümü,453,50.331125827814574,0.009208082507084586
coin 🔇 sessiz,OP 🔇 sessiz 4s ÇG↑,,4,2024+,✅ z>0,210,55.714285714285715,0.11299740514440096
coin 🔇 sessiz,OP 🔇 sessiz 4s ÇG↑,,4,2024+,⚠️ −1<z≤0,168,50.595238095238095,0.10707577157987706
coin 🔇 sessiz,OP 🔇 sessiz 4s ÇG↑,,4,2024+,⛔ z≤−1,75,34.66666666666667,-0.500625644400456
coin 🔇 sessiz,OP 🔇 sessiz 4s ÇG↑,,4,2026,tümü,117,42.73504273504273,-0.3401261812364986
coin 🔇 sessiz,OP 🔇 sessiz 4s ÇG↑,,4,2026,✅ z>0,59,45.76271186440678,-0.33644394749359463
coin 🔇 sessiz,OP 🔇 sessiz 4s ÇG↑,,4,2026,⚠️ −1<z≤0,38,50.0,-0.07377434227246692
coin 🔇 sessiz,OP 🔇 sessiz 4s ÇG↑,,4,2026,⛔ z≤−1,20,20.0,-0.8570572648097259
coin tek başına,OP tek başına A,,4,22-06→23,tümü,54,46.2962962962963,0.5555151794558266
coin tek başına,OP tek başına A,,4,22-06→23,✅ z>0,18,50.0,1.1196348943076577
coin tek başına,OP tek başına A,,4,22-06→23,⚠️ −1<z≤0,24,41.66666666666667,-0.19747700556523146
coin tek başına,OP tek başına A,,4,22-06→23,⛔ z≤−1,12,50.0,1.2153199772201966
coin tek başına,OP tek başına A,,4,2024+,tümü,1095,52.785388127853885,0.02274771899547745
coin tek başına,OP tek başına A,,4,2024+,✅ z>0,502,52.98804780876494,0.039842642088527516
coin tek başına,OP tek başına A,,4,2024+,⚠️ −1<z≤0,395,56.20253164556962,0.05160814654637162
coin tek başına,OP tek başına A,,4,2024+,⛔ z≤−1,198,45.45454545454545,-0.07816905007176686
coin tek başına,OP tek başına A,,4,2026,tümü,278,48.561151079136685,-0.037709853204610566
coin tek başına,OP tek başına A,,4,2026,✅ z>0,127,47.24409448818898,-0.09787900361913182
coin tek başına,OP tek başına A,,4,2026,⚠️ −1<z≤0,107,56.074766355140184,0.158349708202168
coin tek başına,OP tek başına A,,4,2026,⛔ z≤−1,44,34.090909090909086,-0.34082101156554495
coin 🤝 ortak,OP 🤝 ortak A,📨,4,22-06→23,tümü,15,66.66666666666666,1.5485970017267683
coin 🤝 ortak,OP 🤝 ortak A,📨,4,22-06→23,✅ z>0,7,71.42857142857143,1.624289995501232
coin 🤝 ortak,OP 🤝 ortak A,📨,4,22-06→23,⚠️ −1<z≤0,5,60.0,0.8120119965512141
coin 🤝 ortak,OP 🤝 ortak A,📨,4,22-06→23,⛔ z≤−1,3,66.66666666666666,2.599621691545613
coin 🤝 ortak,OP 🤝 ortak A,📨,4,2024+,tümü,276,59.78260869565217,0.06953153305108772
coin 🤝 ortak,OP 🤝 ortak A,📨,4,2024+,✅ z>0,112,62.5,0.2919527152331364
coin 🤝 ortak,OP 🤝 ortak A,📨,4,2024+,⚠️ −1<z≤0,110,60.909090909090914,-0.060577813064828304
coin 🤝 ortak,OP 🤝 ortak A,📨,4,2024+,⛔ z≤−1,54,51.85185185185185,-0.1267489175348144
coin 🤝 ortak,OP 🤝 ortak A,📨,4,2026,tümü,60,68.33333333333333,0.5746979321970306
coin 🤝 ortak,OP 🤝 ortak A,📨,4,2026,✅ z>0,28,64.28571428571429,0.5438316528341613
coin 🤝 ortak,OP 🤝 ortak A,📨,4,2026,⚠️ −1<z≤0,26,76.92307692307693,0.7789978919616557
coin 🤝 ortak,OP 🤝 ortak A,📨,4,2026,⛔ z≤−1,6,50.0,-0.16655925642295707
coin 🔇 sessiz,OP 🔇 sessiz A,,4,22-06→23,tümü,41,48.78048780487805,0.45846562604048413
coin 🔇 sessiz,OP 🔇 sessiz A,,4,22-06→23,✅ z>0,12,33.33333333333333,0.2778112781791625
coin 🔇 sessiz,OP 🔇 sessiz A,,4,22-06→23,⚠️ −1<z≤0,20,50.0,0.27516360407626395
coin 🔇 sessiz,OP 🔇 sessiz A,,4,22-06→23,⛔ z≤−1,9,66.66666666666666,1.1066759164427362
coin 🔇 sessiz,OP 🔇 sessiz A,,4,2024+,tümü,793,52.96343001261034,0.18320755197642155
coin 🔇 sessiz,OP 🔇 sessiz A,,4,2024+,✅ z>0,368,53.53260869565217,0.2132818193996625
coin 🔇 sessiz,OP 🔇 sessiz A,,4,2024+,⚠️ −1<z≤0,286,56.993006993006986,0.2951824708481575
coin 🔇 sessiz,OP 🔇 sessiz A,,4,2024+,⛔ z≤−1,139,43.16546762589928,-0.12680796751328424
coin 🔇 sessiz,OP 🔇 sessiz A,,4,2026,tümü,213,44.60093896713615,-0.05352111439926665
coin 🔇 sessiz,OP 🔇 sessiz A,,4,2026,✅ z>0,102,42.15686274509804,-0.1660076896940133
coin 🔇 sessiz,OP 🔇 sessiz A,,4,2026,⚠️ −1<z≤0,77,51.94805194805194,0.13400662267297014
coin 🔇 sessiz,OP 🔇 sessiz A,,4,2026,⛔ z≤−1,34,35.294117647058826,-0.1407565577668574
coin tek başına (bilgi coin'i),PEPE tek başına ⭐,,8,22-06→23,tümü,0,,
coin tek başına (bilgi coin'i),PEPE tek başına ⭐,,8,22-06→23,✅ z>0,0,,
coin tek başına (bilgi coin'i),PEPE tek başına ⭐,,8,22-06→23,⚠️ −1<z≤0,0,,
coin tek başına (bilgi coin'i),PEPE tek başına ⭐,,8,22-06→23,⛔ z≤−1,0,,
coin tek başına (bilgi coin'i),PEPE tek başına ⭐,,8,2024+,tümü,162,51.23456790123457,0.229757465952541
coin tek başına (bilgi coin'i),PEPE tek başına ⭐,,8,2024+,✅ z>0,80,53.75,0.31630946810691474
coin tek başına (bilgi coin'i),PEPE tek başına ⭐,,8,2024+,⚠️ −1<z≤0,46,52.17391304347826,0.5797259433421669
coin tek başına (bilgi coin'i),PEPE tek başına ⭐,,8,2024+,⛔ z≤−1,36,44.44444444444444,-0.40976225994392235
coin tek başına (bilgi coin'i),PEPE tek başına ⭐,,8,2026,tümü,62,56.451612903225815,0.46858989704541615
coin tek başına (bilgi coin'i),PEPE tek başına ⭐,,8,2026,✅ z>0,36,61.111111111111114,0.5594518457889179
coin tek başına (bilgi coin'i),PEPE tek başına ⭐,,8,2026,⚠️ −1<z≤0,11,54.54545454545454,0.46865491662348746
coin tek başına (bilgi coin'i),PEPE tek başına ⭐,,8,2026,⛔ z≤−1,15,46.666666666666664,0.2504735390370936
coin 🤝 ortak (bilgi coin'i),PEPE 🤝 ortak ⭐,📨,4,22-06→23,tümü,0,,
coin 🤝 ortak (bilgi coin'i),PEPE 🤝 ortak ⭐,📨,4,22-06→23,✅ z>0,0,,
coin 🤝 ortak (bilgi coin'i),PEPE 🤝 ortak ⭐,📨,4,22-06→23,⚠️ −1<z≤0,0,,
coin 🤝 ortak (bilgi coin'i),PEPE 🤝 ortak ⭐,📨,4,22-06→23,⛔ z≤−1,0,,
coin 🤝 ortak (bilgi coin'i),PEPE 🤝 ortak ⭐,📨,4,2024+,tümü,65,67.6923076923077,0.8821179781229029
coin 🤝 ortak (bilgi coin'i),PEPE 🤝 ortak ⭐,📨,4,2024+,✅ z>0,31,74.19354838709677,1.2944218415011504
coin 🤝 ortak (bilgi coin'i),PEPE 🤝 ortak ⭐,📨,4,2024+,⚠️ −1<z≤0,24,54.166666666666664,0.13970701069457106
coin 🤝 ortak (bilgi coin'i),PEPE 🤝 ortak ⭐,📨,4,2024+,⛔ z≤−1,10,80.0,1.3857623234783314
coin 🤝 ortak (bilgi coin'i),PEPE 🤝 ortak ⭐,📨,4,2026,tümü,21,80.95238095238095,1.376741783395174
coin 🤝 ortak (bilgi coin'i),PEPE 🤝 ortak ⭐,📨,4,2026,✅ z>0,15,86.66666666666667,1.2097295805262507
coin 🤝 ortak (bilgi coin'i),PEPE 🤝 ortak ⭐,📨,4,2026,⚠️ −1<z≤0,5,60.0,1.4624367923491002
coin 🤝 ortak (bilgi coin'i),PEPE 🤝 ortak ⭐,📨,4,2026,⛔ z≤−1,1,100.0,3.453449781659397
coin 🔇 sessiz (bilgi coin'i),PEPE 🔇 sessiz ⭐,,4,22-06→23,tümü,0,,
coin 🔇 sessiz (bilgi coin'i),PEPE 🔇 sessiz ⭐,,4,22-06→23,✅ z>0,0,,
coin 🔇 sessiz (bilgi coin'i),PEPE 🔇 sessiz ⭐,,4,22-06→23,⚠️ −1<z≤0,0,,
coin 🔇 sessiz (bilgi coin'i),PEPE 🔇 sessiz ⭐,,4,22-06→23,⛔ z≤−1,0,,
coin 🔇 sessiz (bilgi coin'i),PEPE 🔇 sessiz ⭐,,4,2024+,tümü,135,49.629629629629626,0.2760076470517725
coin 🔇 sessiz (bilgi coin'i),PEPE 🔇 sessiz ⭐,,4,2024+,✅ z>0,67,47.76119402985074,0.12796691108956915
coin 🔇 sessiz (bilgi coin'i),PEPE 🔇 sessiz ⭐,,4,2024+,⚠️ −1<z≤0,34,47.05882352941176,0.0937048916702864
coin 🔇 sessiz (bilgi coin'i),PEPE 🔇 sessiz ⭐,,4,2024+,⛔ z≤−1,34,55.88235294117647,0.7500377350646592
coin 🔇 sessiz (bilgi coin'i),PEPE 🔇 sessiz ⭐,,4,2026,tümü,58,44.827586206896555,-0.19029462493559274
coin 🔇 sessiz (bilgi coin'i),PEPE 🔇 sessiz ⭐,,4,2026,✅ z>0,33,48.484848484848484,0.09604359602708244
coin 🔇 sessiz (bilgi coin'i),PEPE 🔇 sessiz ⭐,,4,2026,⚠️ −1<z≤0,9,33.33333333333333,-0.2111136816643377
coin 🔇 sessiz (bilgi coin'i),PEPE 🔇 sessiz ⭐,,4,2026,⛔ z≤−1,16,43.75,-0.7691564862611913
coin tek başına (bilgi coin'i),PEPE tek başına 4s ÇG↑,,4,22-06→23,tümü,0,,
coin tek başına (bilgi coin'i),PEPE tek başına 4s ÇG↑,,4,22-06→23,✅ z>0,0,,
coin tek başına (bilgi coin'i),PEPE tek başına 4s ÇG↑,,4,22-06→23,⚠️ −1<z≤0,0,,
coin tek başına (bilgi coin'i),PEPE tek başına 4s ÇG↑,,4,22-06→23,⛔ z≤−1,0,,
coin tek başına (bilgi coin'i),PEPE tek başına 4s ÇG↑,,4,2024+,tümü,539,47.30983302411874,-0.09325983902982053
coin tek başına (bilgi coin'i),PEPE tek başına 4s ÇG↑,,4,2024+,✅ z>0,297,45.11784511784512,-0.14571298017738352
coin tek başına (bilgi coin'i),PEPE tek başına 4s ÇG↑,,4,2024+,⚠️ −1<z≤0,144,52.77777777777778,0.07749210548188402
coin tek başına (bilgi coin'i),PEPE tek başına 4s ÇG↑,,4,2024+,⛔ z≤−1,98,45.91836734693878,-0.18519552361001682
coin tek başına (bilgi coin'i),PEPE tek başına 4s ÇG↑,,4,2026,tümü,201,47.76119402985074,0.08136605163686059
coin tek başına (bilgi coin'i),PEPE tek başına 4s ÇG↑,,4,2026,✅ z>0,125,46.400000000000006,0.18079097567234945
coin tek başına (bilgi coin'i),PEPE tek başına 4s ÇG↑,,4,2026,⚠️ −1<z≤0,46,50.0,-0.004758005176636531
coin tek başına (bilgi coin'i),PEPE tek başına 4s ÇG↑,,4,2026,⛔ z≤−1,30,50.0,-0.20084757806364786
coin 🤝 ortak (bilgi coin'i),PEPE 🤝 ortak 4s ÇG↑,,4,22-06→23,tümü,0,,
coin 🤝 ortak (bilgi coin'i),PEPE 🤝 ortak 4s ÇG↑,,4,22-06→23,✅ z>0,0,,
coin 🤝 ortak (bilgi coin'i),PEPE 🤝 ortak 4s ÇG↑,,4,22-06→23,⚠️ −1<z≤0,0,,
coin 🤝 ortak (bilgi coin'i),PEPE 🤝 ortak 4s ÇG↑,,4,22-06→23,⛔ z≤−1,0,,
coin 🤝 ortak (bilgi coin'i),PEPE 🤝 ortak 4s ÇG↑,,4,2024+,tümü,142,54.929577464788736,0.008194338357065
coin 🤝 ortak (bilgi coin'i),PEPE 🤝 ortak 4s ÇG↑,,4,2024+,✅ z>0,78,53.84615384615385,-0.07029465972442714
coin 🤝 ortak (bilgi coin'i),PEPE 🤝 ortak 4s ÇG↑,,4,2024+,⚠️ −1<z≤0,36,50.0,-0.20103550164005907
coin 🤝 ortak (bilgi coin'i),PEPE 🤝 ortak 4s ÇG↑,,4,2024+,⛔ z≤−1,28,64.28571428571429,0.4958520558660957
coin 🤝 ortak (bilgi coin'i),PEPE 🤝 ortak 4s ÇG↑,,4,2026,tümü,45,62.22222222222222,0.5827163674902608
coin 🤝 ortak (bilgi coin'i),PEPE 🤝 ortak 4s ÇG↑,,4,2026,✅ z>0,30,56.666666666666664,0.2784556358214445
coin 🤝 ortak (bilgi coin'i),PEPE 🤝 ortak 4s ÇG↑,,4,2026,⚠️ −1<z≤0,10,60.0,0.9252991159424797
coin 🤝 ortak (bilgi coin'i),PEPE 🤝 ortak 4s ÇG↑,,4,2026,⛔ z≤−1,5,100.0,1.723115260598722
coin 🔇 sessiz (bilgi coin'i),PEPE 🔇 sessiz 4s ÇG↑,,4,22-06→23,tümü,0,,
coin 🔇 sessiz (bilgi coin'i),PEPE 🔇 sessiz 4s ÇG↑,,4,22-06→23,✅ z>0,0,,
coin 🔇 sessiz (bilgi coin'i),PEPE 🔇 sessiz 4s ÇG↑,,4,22-06→23,⚠️ −1<z≤0,0,,
coin 🔇 sessiz (bilgi coin'i),PEPE 🔇 sessiz 4s ÇG↑,,4,22-06→23,⛔ z≤−1,0,,
coin 🔇 sessiz (bilgi coin'i),PEPE 🔇 sessiz 4s ÇG↑,,4,2024+,tümü,353,47.30878186968839,-0.0012161633017361213
coin 🔇 sessiz (bilgi coin'i),PEPE 🔇 sessiz 4s ÇG↑,,4,2024+,✅ z>0,195,47.69230769230769,0.07033318812990143
coin 🔇 sessiz (bilgi coin'i),PEPE 🔇 sessiz 4s ÇG↑,,4,2024+,⚠️ −1<z≤0,90,47.77777777777778,-0.07567878890508639
coin 🔇 sessiz (bilgi coin'i),PEPE 🔇 sessiz 4s ÇG↑,,4,2024+,⛔ z≤−1,68,45.588235294117645,-0.10784097543214514
coin 🔇 sessiz (bilgi coin'i),PEPE 🔇 sessiz 4s ÇG↑,,4,2026,tümü,146,44.52054794520548,-0.039972395672838015
coin 🔇 sessiz (bilgi coin'i),PEPE 🔇 sessiz 4s ÇG↑,,4,2026,✅ z>0,97,49.48453608247423,0.25117812880099455
coin 🔇 sessiz (bilgi coin'i),PEPE 🔇 sessiz 4s ÇG↑,,4,2026,⚠️ −1<z≤0,30,33.33333333333333,-0.47573396895073067
coin 🔇 sessiz (bilgi coin'i),PEPE 🔇 sessiz 4s ÇG↑,,4,2026,⛔ z≤−1,19,36.84210526315789,-0.8383278522846794
coin tek başına (bilgi coin'i),PEPE tek başına A,,4,22-06→23,tümü,0,,
coin tek başına (bilgi coin'i),PEPE tek başına A,,4,22-06→23,✅ z>0,0,,
coin tek başına (bilgi coin'i),PEPE tek başına A,,4,22-06→23,⚠️ −1<z≤0,0,,
coin tek başına (bilgi coin'i),PEPE tek başına A,,4,22-06→23,⛔ z≤−1,0,,
coin tek başına (bilgi coin'i),PEPE tek başına A,,4,2024+,tümü,926,51.61987041036718,0.09146008396361267
coin tek başına (bilgi coin'i),PEPE tek başına A,,4,2024+,✅ z>0,536,49.62686567164179,0.03516938669517561
coin tek başına (bilgi coin'i),PEPE tek başına A,,4,2024+,⚠️ −1<z≤0,242,55.371900826446286,0.22719984340960714
coin tek başına (bilgi coin'i),PEPE tek başına A,,4,2024+,⛔ z≤−1,148,52.702702702702695,0.07337084038220451
coin tek başına (bilgi coin'i),PEPE tek başına A,,4,2026,tümü,373,49.32975871313673,0.17719610868706742
coin tek başına (bilgi coin'i),PEPE tek başına A,,4,2026,✅ z>0,238,47.47899159663865,0.21020378143189514
coin tek başına (bilgi coin'i),PEPE tek başına A,,4,2026,⚠️ −1<z≤0,82,51.21951219512195,0.15406916242001203
coin tek başına (bilgi coin'i),PEPE tek başına A,,4,2026,⛔ z≤−1,53,54.71698113207547,0.0647542875668701
coin 🤝 ortak (bilgi coin'i),PEPE 🤝 ortak A,,4,22-06→23,tümü,0,,
coin 🤝 ortak (bilgi coin'i),PEPE 🤝 ortak A,,4,22-06→23,✅ z>0,0,,
coin 🤝 ortak (bilgi coin'i),PEPE 🤝 ortak A,,4,22-06→23,⚠️ −1<z≤0,0,,
coin 🤝 ortak (bilgi coin'i),PEPE 🤝 ortak A,,4,22-06→23,⛔ z≤−1,0,,
coin 🤝 ortak (bilgi coin'i),PEPE 🤝 ortak A,,4,2024+,tümü,193,55.95854922279793,0.2579794883142985
coin 🤝 ortak (bilgi coin'i),PEPE 🤝 ortak A,,4,2024+,✅ z>0,105,52.38095238095239,0.08340053577412171
coin 🤝 ortak (bilgi coin'i),PEPE 🤝 ortak A,,4,2024+,⚠️ −1<z≤0,50,57.99999999999999,0.5008820946771663
coin 🤝 ortak (bilgi coin'i),PEPE 🤝 ortak A,,4,2024+,⛔ z≤−1,38,63.1578947368421,0.4207600066978561
coin 🤝 ortak (bilgi coin'i),PEPE 🤝 ortak A,,4,2026,tümü,59,59.32203389830508,0.6171825826889668
coin 🤝 ortak (bilgi coin'i),PEPE 🤝 ortak A,,4,2026,✅ z>0,36,50.0,0.03336517874345492
coin 🤝 ortak (bilgi coin'i),PEPE 🤝 ortak A,,4,2026,⚠️ −1<z≤0,14,78.57142857142857,1.9764144965825607
coin 🤝 ortak (bilgi coin'i),PEPE 🤝 ortak A,,4,2026,⛔ z≤−1,9,66.66666666666666,0.8380914435254232
coin 🔇 sessiz (bilgi coin'i),PEPE 🔇 sessiz A,,4,22-06→23,tümü,0,,
coin 🔇 sessiz (bilgi coin'i),PEPE 🔇 sessiz A,,4,22-06→23,✅ z>0,0,,
coin 🔇 sessiz (bilgi coin'i),PEPE 🔇 sessiz A,,4,22-06→23,⚠️ −1<z≤0,0,,
coin 🔇 sessiz (bilgi coin'i),PEPE 🔇 sessiz A,,4,22-06→23,⛔ z≤−1,0,,
coin 🔇 sessiz (bilgi coin'i),PEPE 🔇 sessiz A,,4,2024+,tümü,671,53.3532041728763,0.23358964617044164
coin 🔇 sessiz (bilgi coin'i),PEPE 🔇 sessiz A,,4,2024+,✅ z>0,398,51.507537688442206,0.18840483200800803
coin 🔇 sessiz (bilgi coin'i),PEPE 🔇 sessiz A,,4,2024+,⚠️ −1<z≤0,178,56.17977528089888,0.2716437994403788
coin 🔇 sessiz (bilgi coin'i),PEPE 🔇 sessiz A,,4,2024+,⛔ z≤−1,95,55.78947368421052,0.35158876990307053
coin 🔇 sessiz (bilgi coin'i),PEPE 🔇 sessiz A,,4,2026,tümü,284,49.647887323943664,0.21366930705605547
coin 🔇 sessiz (bilgi coin'i),PEPE 🔇 sessiz A,,4,2026,✅ z>0,195,49.743589743589745,0.290943294059289
coin 🔇 sessiz (bilgi coin'i),PEPE 🔇 sessiz A,,4,2026,⚠️ −1<z≤0,54,50.0,0.21368087725348092
coin 🔇 sessiz (bilgi coin'i),PEPE 🔇 sessiz A,,4,2026,⛔ z≤−1,35,48.57142857142857,-0.21687504312370215
coin tek başına,SHIB tek başına ⭐,📨,8,22-06→23,tümü,162,66.0493827160494,0.6652537685995625
coin tek başına,SHIB tek başına ⭐,📨,8,22-06→23,✅ z>0,79,67.08860759493672,0.6768129243880155
coin tek başına,SHIB tek başına ⭐,📨,8,22-06→23,⚠️ −1<z≤0,59,64.40677966101694,0.576291107648742
coin tek başına,SHIB tek başına ⭐,📨,8,22-06→23,⛔ z≤−1,24,66.66666666666666,0.8459047556333406
coin tek başına,SHIB tek başına ⭐,📨,8,2024+,tümü,317,59.62145110410094,0.42071653644479245
coin tek başına,SHIB tek başına ⭐,📨,8,2024+,✅ z>0,151,65.56291390728477,0.8116046095416279
coin tek başına,SHIB tek başına ⭐,📨,8,2024+,⚠️ −1<z≤0,100,56.00000000000001,0.011742819570416918
coin tek başına,SHIB tek başına ⭐,📨,8,2024+,⛔ z≤−1,66,51.515151515151516,0.146069152351086
coin tek başına,SHIB tek başına ⭐,📨,8,2026,tümü,78,53.84615384615385,0.283397486457147
coin tek başına,SHIB tek başına ⭐,📨,8,2026,✅ z>0,37,59.45945945945946,0.45435356520289094
coin tek başına,SHIB tek başına ⭐,📨,8,2026,⚠️ −1<z≤0,29,48.275862068965516,0.26483173339941446
coin tek başına,SHIB tek başına ⭐,📨,8,2026,⛔ z≤−1,12,50.0,-0.19884985311937664
coin 🤝 ortak,SHIB 🤝 ortak ⭐,📨,4,22-06→23,tümü,56,64.28571428571429,0.6273705098407275
coin 🤝 ortak,SHIB 🤝 ortak ⭐,📨,4,22-06→23,✅ z>0,30,63.33333333333333,0.6992767334281538
coin 🤝 ortak,SHIB 🤝 ortak ⭐,📨,4,22-06→23,⚠️ −1<z≤0,22,59.09090909090909,0.31091232384746925
coin 🤝 ortak,SHIB 🤝 ortak ⭐,📨,4,22-06→23,⛔ z≤−1,4,100.0,1.8285938558979487
coin 🤝 ortak,SHIB 🤝 ortak ⭐,📨,4,2024+,tümü,138,63.76811594202898,0.2765533585602238
coin 🤝 ortak,SHIB 🤝 ortak ⭐,📨,4,2024+,✅ z>0,61,65.57377049180327,0.29615667988590294
coin 🤝 ortak,SHIB 🤝 ortak ⭐,📨,4,2024+,⚠️ −1<z≤0,42,71.42857142857143,0.7765924581797401
coin 🤝 ortak,SHIB 🤝 ortak ⭐,📨,4,2024+,⛔ z≤−1,35,51.42857142857142,-0.3576593495793799
coin 🤝 ortak,SHIB 🤝 ortak ⭐,📨,4,2026,tümü,29,68.96551724137932,0.39932375760689504
coin 🤝 ortak,SHIB 🤝 ortak ⭐,📨,4,2026,✅ z>0,19,73.68421052631578,0.602883796986458
coin 🤝 ortak,SHIB 🤝 ortak ⭐,📨,4,2026,⚠️ −1<z≤0,7,71.42857142857143,0.7893507293288388
coin 🤝 ortak,SHIB 🤝 ortak ⭐,📨,4,2026,⛔ z≤−1,3,33.33333333333333,-1.799952759148205
coin 🔇 sessiz,SHIB 🔇 sessiz ⭐,📨,4,22-06→23,tümü,143,70.62937062937063,0.5473915661037642
coin 🔇 sessiz,SHIB 🔇 sessiz ⭐,📨,4,22-06→23,✅ z>0,70,71.42857142857143,0.78487659480928
coin 🔇 sessiz,SHIB 🔇 sessiz ⭐,📨,4,22-06→23,⚠️ −1<z≤0,49,73.46938775510205,0.4803481067237563
coin 🔇 sessiz,SHIB 🔇 sessiz ⭐,📨,4,22-06→23,⛔ z≤−1,24,62.5,-0.00839270471980691
coin 🔇 sessiz,SHIB 🔇 sessiz ⭐,📨,4,2024+,tümü,242,60.74380165289256,0.5038023332447793
coin 🔇 sessiz,SHIB 🔇 sessiz ⭐,📨,4,2024+,✅ z>0,107,59.813084112149525,0.30847268583614457
coin 🔇 sessiz,SHIB 🔇 sessiz ⭐,📨,4,2024+,⚠️ −1<z≤0,80,61.25000000000001,0.6136494616843351
coin 🔇 sessiz,SHIB 🔇 sessiz ⭐,📨,4,2024+,⛔ z≤−1,55,61.81818181818181,0.7240296422913146
coin 🔇 sessiz,SHIB 🔇 sessiz ⭐,📨,4,2026,tümü,58,51.724137931034484,0.033382154069934035
coin 🔇 sessiz,SHIB 🔇 sessiz ⭐,📨,4,2026,✅ z>0,20,50.0,0.3889876651537556
coin 🔇 sessiz,SHIB 🔇 sessiz ⭐,📨,4,2026,⚠️ −1<z≤0,24,58.333333333333336,-0.02343354172334554
coin 🔇 sessiz,SHIB 🔇 sessiz ⭐,📨,4,2026,⛔ z≤−1,14,42.857142857142854,-0.3772273832613316
coin tek başına,SHIB tek başına 4s ÇG↑,,4,22-06→23,tümü,414,61.111111111111114,0.24184620544778057
coin tek başına,SHIB tek başına 4s ÇG↑,,4,22-06→23,✅ z>0,207,62.80193236714976,0.27539118104586613
coin tek başına,SHIB tek başına 4s ÇG↑,,4,22-06→23,⚠️ −1<z≤0,153,60.78431372549019,0.2294852812094489
coin tek başına,SHIB tek başına 4s ÇG↑,,4,22-06→23,⛔ z≤−1,54,55.55555555555556,0.1482797509970592
coin tek başına,SHIB tek başına 4s ÇG↑,,4,2024+,tümü,762,56.8241469816273,0.13534313449433882
coin tek başına,SHIB tek başına 4s ÇG↑,,4,2024+,✅ z>0,372,59.946236559139784,0.21830693569019183
coin tek başına,SHIB tek başına 4s ÇG↑,,4,2024+,⚠️ −1<z≤0,251,56.573705179282875,0.2881004589833948
coin tek başına,SHIB tek başına 4s ÇG↑,,4,2024+,⛔ z≤−1,139,48.92086330935252,-0.36253184745969275
coin tek başına,SHIB tek başına 4s ÇG↑,,4,2026,tümü,192,52.604166666666664,0.12250378839699261
coin tek başına,SHIB tek başına 4s ÇG↑,,4,2026,✅ z>0,101,54.45544554455446,0.22837911547986567
coin tek başına,SHIB tek başına 4s ÇG↑,,4,2026,⚠️ −1<z≤0,60,58.333333333333336,0.30051167845899973
coin tek başına,SHIB tek başına 4s ÇG↑,,4,2026,⛔ z≤−1,31,35.483870967741936,-0.5669762580252854
coin 🤝 ortak,SHIB 🤝 ortak 4s ÇG↑,,4,22-06→23,tümü,103,61.165048543689316,0.47630448894648697
coin 🤝 ortak,SHIB 🤝 ortak 4s ÇG↑,,4,22-06→23,✅ z>0,51,66.66666666666666,0.6800058419296994
coin 🤝 ortak,SHIB 🤝 ortak 4s ÇG↑,,4,22-06→23,⚠️ −1<z≤0,42,50.0,0.11917711064285844
coin 🤝 ortak,SHIB 🤝 ortak 4s ÇG↑,,4,22-06→23,⛔ z≤−1,10,80.0,0.9373625776073436
coin 🤝 ortak,SHIB 🤝 ortak 4s ÇG↑,,4,2024+,tümü,251,56.573705179282875,0.07551542341220008
coin 🤝 ortak,SHIB 🤝 ortak 4s ÇG↑,,4,2024+,✅ z>0,126,57.14285714285714,0.1918662263460239
coin 🤝 ortak,SHIB 🤝 ortak 4s ÇG↑,,4,2024+,⚠️ −1<z≤0,70,62.857142857142854,0.41616123528920984
coin 🤝 ortak,SHIB 🤝 ortak 4s ÇG↑,,4,2024+,⛔ z≤−1,55,47.27272727272727,-0.6245829038796636
coin 🤝 ortak,SHIB 🤝 ortak 4s ÇG↑,,4,2026,tümü,59,52.54237288135594,0.17782536991939615
coin 🤝 ortak,SHIB 🤝 ortak 4s ÇG↑,,4,2026,✅ z>0,41,53.65853658536586,0.3173619856309691
coin 🤝 ortak,SHIB 🤝 ortak 4s ÇG↑,,4,2026,⚠️ −1<z≤0,10,70.0,0.5294386579927891
coin 🤝 ortak,SHIB 🤝 ortak 4s ÇG↑,,4,2026,⛔ z≤−1,8,25.0,-0.9768163956941568
coin 🔇 sessiz,SHIB 🔇 sessiz 4s ÇG↑,,4,22-06→23,tümü,271,62.36162361623616,0.13521214377929897
coin 🔇 sessiz,SHIB 🔇 sessiz 4s ÇG↑,,4,22-06→23,✅ z>0,138,63.04347826086957,0.18391305377705527
coin 🔇 sessiz,SHIB 🔇 sessiz 4s ÇG↑,,4,22-06→23,⚠️ −1<z≤0,96,65.625,0.20382335249354738
coin 🔇 sessiz,SHIB 🔇 sessiz 4s ÇG↑,,4,22-06→23,⛔ z≤−1,37,51.35135135135135,-0.22444735936281499
coin 🔇 sessiz,SHIB 🔇 sessiz 4s ÇG↑,,4,2024+,tümü,444,57.88288288288288,0.35648653181232853
coin 🔇 sessiz,SHIB 🔇 sessiz 4s ÇG↑,,4,2024+,✅ z>0,202,60.396039603960396,0.31890768863406144
coin 🔇 sessiz,SHIB 🔇 sessiz 4s ÇG↑,,4,2024+,⚠️ −1<z≤0,161,57.14285714285714,0.39144185504269013
coin 🔇 sessiz,SHIB 🔇 sessiz 4s ÇG↑,,4,2024+,⛔ z≤−1,81,53.086419753086425,0.3807225723298809
coin 🔇 sessiz,SHIB 🔇 sessiz 4s ÇG↑,,4,2026,tümü,117,49.572649572649574,0.048508275709747306
coin 🔇 sessiz,SHIB 🔇 sessiz 4s ÇG↑,,4,2026,✅ z>0,53,54.71698113207547,0.3314213694791718
coin 🔇 sessiz,SHIB 🔇 sessiz 4s ÇG↑,,4,2026,⚠️ −1<z≤0,42,54.761904761904766,0.01143952325996392
coin 🔇 sessiz,SHIB 🔇 sessiz 4s ÇG↑,,4,2026,⛔ z≤−1,22,27.27272727272727,-0.5622874682397349
coin tek başına,SHIB tek başına A,,4,22-06→23,tümü,590,56.61016949152542,0.18990945390228187
coin tek başına,SHIB tek başına A,,4,22-06→23,✅ z>0,299,58.862876254180605,0.34134475780767776
coin tek başına,SHIB tek başına A,,4,22-06→23,⚠️ −1<z≤0,227,54.18502202643172,-0.009610015340654355
coin tek başına,SHIB tek başına A,,4,22-06→23,⛔ z≤−1,64,54.6875,0.1900932609403001
coin tek başına,SHIB tek başına A,,4,2024+,tümü,1289,51.978277734678045,0.03470867085536593
coin tek başına,SHIB tek başına A,,4,2024+,✅ z>0,629,53.4181240063593,0.08963223347273994
coin tek başına,SHIB tek başına A,,4,2024+,⚠️ −1<z≤0,428,51.63551401869159,0.11194904049606676
coin tek başına,SHIB tek başına A,,4,2024+,⛔ z≤−1,232,48.706896551724135,-0.25669563557803143
coin tek başına,SHIB tek başına A,,4,2026,tümü,332,46.68674698795181,0.03031298946017627
coin tek başına,SHIB tek başına A,,4,2026,✅ z>0,184,48.91304347826087,0.14345563129580227
coin tek başına,SHIB tek başına A,,4,2026,⚠️ −1<z≤0,93,49.46236559139785,0.11143779492459716
coin tek başına,SHIB tek başına A,,4,2026,⛔ z≤−1,55,34.54545454545455,-0.48537524701157503
coin 🤝 ortak,SHIB 🤝 ortak A,,4,22-06→23,tümü,159,55.34591194968554,0.3029695351992543
coin 🤝 ortak,SHIB 🤝 ortak A,,4,22-06→23,✅ z>0,81,59.25925925925925,0.4324417586882854
coin 🤝 ortak,SHIB 🤝 ortak A,,4,22-06→23,⚠️ −1<z≤0,64,53.125,0.29922476747359994
coin 🤝 ortak,SHIB 🤝 ortak A,,4,22-06→23,⛔ z≤−1,14,42.857142857142854,-0.42900081967000525
coin 🤝 ortak,SHIB 🤝 ortak A,,4,2024+,tümü,372,56.18279569892473,0.08144615330873498
coin 🤝 ortak,SHIB 🤝 ortak A,,4,2024+,✅ z>0,185,56.21621621621622,0.2077346482906356
coin 🤝 ortak,SHIB 🤝 ortak A,,4,2024+,⚠️ −1<z≤0,106,59.43396226415094,0.23079545346399866
coin 🤝 ortak,SHIB 🤝 ortak A,,4,2024+,⛔ z≤−1,81,51.85185185185185,-0.4024352959271856
coin 🤝 ortak,SHIB 🤝 ortak A,,4,2026,tümü,82,53.65853658536586,0.14126234036571383
coin 🤝 ortak,SHIB 🤝 ortak A,,4,2026,✅ z>0,50,52.0,0.2195273789984214
coin 🤝 ortak,SHIB 🤝 ortak A,,4,2026,⚠️ −1<z≤0,16,68.75,0.5414842602666682
coin 🤝 ortak,SHIB 🤝 ortak A,,4,2026,⛔ z≤−1,16,43.75,-0.5035378252624514
coin 🔇 sessiz,SHIB 🔇 sessiz A,,4,22-06→23,tümü,413,59.07990314769975,0.1517794770446318
coin 🔇 sessiz,SHIB 🔇 sessiz A,,4,22-06→23,✅ z>0,204,57.84313725490197,0.2594456490679612
coin 🔇 sessiz,SHIB 🔇 sessiz A,,4,22-06→23,⚠️ −1<z≤0,163,61.34969325153374,-0.007523900387560667
coin 🔇 sessiz,SHIB 🔇 sessiz A,,4,22-06→23,⛔ z≤−1,46,56.52173913043478,0.23879146462480969
coin 🔇 sessiz,SHIB 🔇 sessiz A,,4,2024+,tümü,839,52.20500595947557,0.11820206701744862
coin 🔇 sessiz,SHIB 🔇 sessiz A,,4,2024+,✅ z>0,413,52.78450363196126,0.05524308298889086
coin 🔇 sessiz,SHIB 🔇 sessiz A,,4,2024+,⚠️ −1<z≤0,280,52.5,0.11505933414747431
coin 🔇 sessiz,SHIB 🔇 sessiz A,,4,2024+,⛔ z≤−1,146,50.0,0.30232553008174456
coin 🔇 sessiz,SHIB 🔇 sessiz A,,4,2026,tümü,218,43.57798165137615,-0.05321827527080935
coin 🔇 sessiz,SHIB 🔇 sessiz A,,4,2026,✅ z>0,124,45.16129032258064,0.06692976080103528
coin 🔇 sessiz,SHIB 🔇 sessiz A,,4,2026,⚠️ −1<z≤0,55,50.90909090909091,0.11715007314862845
coin 🔇 sessiz,SHIB 🔇 sessiz A,,4,2026,⛔ z≤−1,39,28.205128205128204,-0.6754904710651125
coin tek başına,SUI tek başına ⭐,,8,22-06→23,tümü,0,,
coin tek başına,SUI tek başına ⭐,,8,22-06→23,✅ z>0,0,,
coin tek başına,SUI tek başına ⭐,,8,22-06→23,⚠️ −1<z≤0,0,,
coin tek başına,SUI tek başına ⭐,,8,22-06→23,⛔ z≤−1,0,,
coin tek başına,SUI tek başına ⭐,,8,2024+,tümü,207,57.00483091787439,0.7182607387046464
coin tek başına,SUI tek başına ⭐,,8,2024+,✅ z>0,96,56.25,0.6712952301160066
coin tek başına,SUI tek başına ⭐,,8,2024+,⚠️ −1<z≤0,61,55.73770491803278,0.7575675168418646
coin tek başına,SUI tek başına ⭐,,8,2024+,⛔ z≤−1,50,60.0,0.7604802458674285
coin tek başına,SUI tek başına ⭐,,8,2026,tümü,63,52.38095238095239,0.29730500159643436
coin tek başına,SUI tek başına ⭐,,8,2026,✅ z>0,35,51.42857142857142,0.516600495790315
coin tek başına,SUI tek başına ⭐,,8,2026,⚠️ −1<z≤0,21,52.38095238095239,0.38715030500047903
coin tek başına,SUI tek başına ⭐,,8,2026,⛔ z≤−1,7,57.14285714285714,-1.0687083795851016
coin 🤝 ortak,SUI 🤝 ortak ⭐,📨,4,22-06→23,tümü,0,,
coin 🤝 ortak,SUI 🤝 ortak ⭐,📨,4,22-06→23,✅ z>0,0,,
coin 🤝 ortak,SUI 🤝 ortak ⭐,📨,4,22-06→23,⚠️ −1<z≤0,0,,
coin 🤝 ortak,SUI 🤝 ortak ⭐,📨,4,22-06→23,⛔ z≤−1,0,,
coin 🤝 ortak,SUI 🤝 ortak ⭐,📨,4,2024+,tümü,86,59.30232558139535,0.4058287900446074
coin 🤝 ortak,SUI 🤝 ortak ⭐,📨,4,2024+,✅ z>0,43,76.74418604651163,0.8597753605755497
coin 🤝 ortak,SUI 🤝 ortak ⭐,📨,4,2024+,⚠️ −1<z≤0,23,47.82608695652174,0.21043774048731348
coin 🤝 ortak,SUI 🤝 ortak ⭐,📨,4,2024+,⛔ z≤−1,20,35.0,-0.34545662960603063
coin 🤝 ortak,SUI 🤝 ortak ⭐,📨,4,2026,tümü,26,61.53846153846154,0.3130632006961713
coin 🤝 ortak,SUI 🤝 ortak ⭐,📨,4,2026,✅ z>0,16,81.25,0.8784116358450392
coin 🤝 ortak,SUI 🤝 ortak ⭐,📨,4,2026,⚠️ −1<z≤0,8,25.0,-0.7635267948966715
coin 🤝 ortak,SUI 🤝 ortak ⭐,📨,4,2026,⛔ z≤−1,2,50.0,0.09663570187659724
coin 🔇 sessiz,SUI 🔇 sessiz ⭐,,4,22-06→23,tümü,0,,
coin 🔇 sessiz,SUI 🔇 sessiz ⭐,,4,22-06→23,✅ z>0,0,,
coin 🔇 sessiz,SUI 🔇 sessiz ⭐,,4,22-06→23,⚠️ −1<z≤0,0,,
coin 🔇 sessiz,SUI 🔇 sessiz ⭐,,4,22-06→23,⛔ z≤−1,0,,
coin 🔇 sessiz,SUI 🔇 sessiz ⭐,,4,2024+,tümü,191,51.832460732984295,0.43748170816228454
coin 🔇 sessiz,SUI 🔇 sessiz ⭐,,4,2024+,✅ z>0,81,53.086419753086425,0.4364178093862457
coin 🔇 sessiz,SUI 🔇 sessiz ⭐,,4,2024+,⚠️ −1<z≤0,76,50.0,0.2815197722761025
coin 🔇 sessiz,SUI 🔇 sessiz ⭐,,4,2024+,⛔ z≤−1,34,52.94117647058824,0.7886370884037245
coin 🔇 sessiz,SUI 🔇 sessiz ⭐,,4,2026,tümü,64,42.1875,0.03220767152784698
coin 🔇 sessiz,SUI 🔇 sessiz ⭐,,4,2026,✅ z>0,28,42.857142857142854,0.12175087201318602
coin 🔇 sessiz,SUI 🔇 sessiz ⭐,,4,2026,⚠️ −1<z≤0,25,44.0,0.08694945659343088
coin 🔇 sessiz,SUI 🔇 sessiz ⭐,,4,2026,⛔ z≤−1,11,36.36363636363637,-0.3201336230384345
coin tek başına,SUI tek başına 4s ÇG↑,,4,22-06→23,tümü,0,,
coin tek başına,SUI tek başına 4s ÇG↑,,4,22-06→23,✅ z>0,0,,
coin tek başına,SUI tek başına 4s ÇG↑,,4,22-06→23,⚠️ −1<z≤0,0,,
coin tek başına,SUI tek başına 4s ÇG↑,,4,22-06→23,⛔ z≤−1,0,,
coin tek başına,SUI tek başına 4s ÇG↑,,4,2024+,tümü,584,57.534246575342465,0.2783938242171684
coin tek başına,SUI tek başına 4s ÇG↑,,4,2024+,✅ z>0,267,59.55056179775281,0.4643559935307479
coin tek başına,SUI tek başına 4s ÇG↑,,4,2024+,⚠️ −1<z≤0,200,55.00000000000001,0.1887737764305351
coin tek başına,SUI tek başına 4s ÇG↑,,4,2024+,⛔ z≤−1,117,57.26495726495726,0.007215280205210192
coin tek başına,SUI tek başına 4s ÇG↑,,4,2026,tümü,195,57.948717948717956,0.2138732114566474
coin tek başına,SUI tek başına 4s ÇG↑,,4,2026,✅ z>0,107,62.616822429906534,0.3706394336499069
coin tek başına,SUI tek başına 4s ÇG↑,,4,2026,⚠️ −1<z≤0,60,48.333333333333336,0.047503680155822715
coin tek başına,SUI tek başına 4s ÇG↑,,4,2026,⛔ z≤−1,28,60.71428571428571,-0.028691570565827686
coin 🤝 ortak,SUI 🤝 ortak 4s ÇG↑,📨,4,22-06→23,tümü,0,,
coin 🤝 ortak,SUI 🤝 ortak 4s ÇG↑,📨,4,22-06→23,✅ z>0,0,,
coin 🤝 ortak,SUI 🤝 ortak 4s ÇG↑,📨,4,22-06→23,⚠️ −1<z≤0,0,,
coin 🤝 ortak,SUI 🤝 ortak 4s ÇG↑,📨,4,22-06→23,⛔ z≤−1,0,,
coin 🤝 ortak,SUI 🤝 ortak 4s ÇG↑,📨,4,2024+,tümü,170,61.76470588235294,0.3365712974453052
coin 🤝 ortak,SUI 🤝 ortak 4s ÇG↑,📨,4,2024+,✅ z>0,75,73.33333333333333,0.8773365456954976
coin 🤝 ortak,SUI 🤝 ortak 4s ÇG↑,📨,4,2024+,⚠️ −1<z≤0,55,54.54545454545454,0.2954557289493397
coin 🤝 ortak,SUI 🤝 ortak 4s ÇG↑,📨,4,2024+,⛔ z≤−1,40,50.0,-0.6208296363418531
coin 🤝 ortak,SUI 🤝 ortak 4s ÇG↑,📨,4,2026,tümü,46,67.3913043478261,0.4675314729728215
coin 🤝 ortak,SUI 🤝 ortak 4s ÇG↑,📨,4,2026,✅ z>0,25,80.0,0.8199367667111382
coin 🤝 ortak,SUI 🤝 ortak 4s ÇG↑,📨,4,2026,⚠️ −1<z≤0,17,52.94117647058824,0.14529468330127107
coin 🤝 ortak,SUI 🤝 ortak 4s ÇG↑,📨,4,2026,⛔ z≤−1,4,50.0,-0.36549525678756695
coin 🔇 sessiz,SUI 🔇 sessiz 4s ÇG↑,,4,22-06→23,tümü,0,,
coin 🔇 sessiz,SUI 🔇 sessiz 4s ÇG↑,,4,22-06→23,✅ z>0,0,,
coin 🔇 sessiz,SUI 🔇 sessiz 4s ÇG↑,,4,22-06→23,⚠️ −1<z≤0,0,,
coin 🔇 sessiz,SUI 🔇 sessiz 4s ÇG↑,,4,22-06→23,⛔ z≤−1,0,,
coin 🔇 sessiz,SUI 🔇 sessiz 4s ÇG↑,,4,2024+,tümü,407,54.054054054054056,0.3035399354187815
coin 🔇 sessiz,SUI 🔇 sessiz 4s ÇG↑,,4,2024+,✅ z>0,190,53.68421052631579,0.23137873773590747
coin 🔇 sessiz,SUI 🔇 sessiz 4s ÇG↑,,4,2024+,⚠️ −1<z≤0,152,50.0,0.2066338026701029
coin 🔇 sessiz,SUI 🔇 sessiz 4s ÇG↑,,4,2024+,⛔ z≤−1,65,64.61538461538461,0.7410839313810159
coin 🔇 sessiz,SUI 🔇 sessiz 4s ÇG↑,,4,2026,tümü,148,51.35135135135135,0.15897481871652488
coin 🔇 sessiz,SUI 🔇 sessiz 4s ÇG↑,,4,2026,✅ z>0,81,50.617283950617285,0.14038649194694125
coin 🔇 sessiz,SUI 🔇 sessiz 4s ÇG↑,,4,2026,⚠️ −1<z≤0,45,48.888888888888886,0.17774447935493273
coin 🔇 sessiz,SUI 🔇 sessiz 4s ÇG↑,,4,2026,⛔ z≤−1,22,59.09090909090909,0.18902117051688497
coin tek başına,SUI tek başına A,,4,22-06→23,tümü,0,,
coin tek başına,SUI tek başına A,,4,22-06→23,✅ z>0,0,,
coin tek başına,SUI tek başına A,,4,22-06→23,⚠️ −1<z≤0,0,,
coin tek başına,SUI tek başına A,,4,22-06→23,⛔ z≤−1,0,,
coin tek başına,SUI tek başına A,,4,2024+,tümü,862,54.64037122969838,0.08364484271179835
coin tek başına,SUI tek başına A,,4,2024+,✅ z>0,384,57.552083333333336,0.2305362975629779
coin tek başına,SUI tek başına A,,4,2024+,⚠️ −1<z≤0,310,51.935483870967744,-0.021894692763672324
coin tek başına,SUI tek başına A,,4,2024+,⛔ z≤−1,168,52.976190476190474,-0.057361482677826724
coin tek başına,SUI tek başına A,,4,2026,tümü,317,54.57413249211357,0.06439779138674155
coin tek başına,SUI tek başına A,,4,2026,✅ z>0,164,55.487804878048784,0.013637539980423219
coin tek başına,SUI tek başına A,,4,2026,⚠️ −1<z≤0,103,50.48543689320388,0.13867728644993585
coin tek başına,SUI tek başına A,,4,2026,⛔ z≤−1,50,60.0,0.07787565616928557
coin 🤝 ortak,SUI 🤝 ortak A,,4,22-06→23,tümü,0,,
coin 🤝 ortak,SUI 🤝 ortak A,,4,22-06→23,✅ z>0,0,,
coin 🤝 ortak,SUI 🤝 ortak A,,4,22-06→23,⚠️ −1<z≤0,0,,
coin 🤝 ortak,SUI 🤝 ortak A,,4,22-06→23,⛔ z≤−1,0,,
coin 🤝 ortak,SUI 🤝 ortak A,,4,2024+,tümü,211,57.81990521327014,0.25741980316183694
coin 🤝 ortak,SUI 🤝 ortak A,,4,2024+,✅ z>0,91,60.43956043956044,0.21733517237761657
coin 🤝 ortak,SUI 🤝 ortak A,,4,2024+,⚠️ −1<z≤0,66,53.03030303030303,0.17450473920695336
coin 🤝 ortak,SUI 🤝 ortak A,,4,2024+,⛔ z≤−1,54,59.25925925925925,0.4263104628356583
coin 🤝 ortak,SUI 🤝 ortak A,,4,2026,tümü,66,62.121212121212125,0.3060109322239443
coin 🤝 ortak,SUI 🤝 ortak A,,4,2026,✅ z>0,40,62.5,0.4006730605645743
coin 🤝 ortak,SUI 🤝 ortak A,,4,2026,⚠️ −1<z≤0,16,50.0,-0.011653853720123685
coin 🤝 ortak,SUI 🤝 ortak A,,4,2026,⛔ z≤−1,10,80.0,0.43562607637193335
coin 🔇 sessiz,SUI 🔇 sessiz A,,4,22-06→23,tümü,0,,
coin 🔇 sessiz,SUI 🔇 sessiz A,,4,22-06→23,✅ z>0,0,,
coin 🔇 sessiz,SUI 🔇 sessiz A,,4,22-06→23,⚠️ −1<z≤0,0,,
coin 🔇 sessiz,SUI 🔇 sessiz A,,4,22-06→23,⛔ z≤−1,0,,
coin 🔇 sessiz,SUI 🔇 sessiz A,,4,2024+,tümü,646,55.26315789473685,0.17699392929331248
coin 🔇 sessiz,SUI 🔇 sessiz A,,4,2024+,✅ z>0,285,57.89473684210527,0.2458966610475536
coin 🔇 sessiz,SUI 🔇 sessiz A,,4,2024+,⚠️ −1<z≤0,252,53.57142857142857,0.033798382275617364
coin 🔇 sessiz,SUI 🔇 sessiz A,,4,2024+,⛔ z≤−1,109,52.293577981651374,0.327893005426344
coin 🔇 sessiz,SUI 🔇 sessiz A,,4,2026,tümü,241,51.45228215767634,0.04208707707298467
coin 🔇 sessiz,SUI 🔇 sessiz A,,4,2026,✅ z>0,121,53.71900826446281,-0.02429558698413946
coin 🔇 sessiz,SUI 🔇 sessiz A,,4,2026,⚠️ −1<z≤0,87,48.275862068965516,0.17043561505060187
coin 🔇 sessiz,SUI 🔇 sessiz A,,4,2026,⛔ z≤−1,33,51.515151515151516,-0.05288323968885381
🧪 24 saat,ADA 24s,📨,24,22-06→23,tümü,123,63.41463414634146,0.9463586445164873
🧪 24 saat,ADA 24s,📨,24,22-06→23,✅ z>0,51,60.78431372549019,0.6904495456171971
🧪 24 saat,ADA 24s,📨,24,22-06→23,⚠️ −1<z≤0,48,64.58333333333334,0.7381888047854106
🧪 24 saat,ADA 24s,📨,24,22-06→23,⛔ z≤−1,24,66.66666666666666,1.9065051591396331
🧪 24 saat,ADA 24s,📨,24,2024+,tümü,199,55.27638190954774,0.5835827153651557
🧪 24 saat,ADA 24s,📨,24,2024+,✅ z>0,92,67.3913043478261,1.544685820600261
🧪 24 saat,ADA 24s,📨,24,2024+,⚠️ −1<z≤0,66,54.54545454545454,0.600756794900605
🧪 24 saat,ADA 24s,📨,24,2024+,⛔ z≤−1,41,29.268292682926827,-1.6006849658779982
🧪 24 saat,ADA 24s,📨,24,2026,tümü,46,50.0,0.04190235365992013
🧪 24 saat,ADA 24s,📨,24,2026,✅ z>0,20,55.00000000000001,1.1423564767837522
🧪 24 saat,ADA 24s,📨,24,2026,⚠️ −1<z≤0,15,60.0,1.5419807847340898
🧪 24 saat,ADA 24s,📨,24,2026,⛔ z≤−1,11,27.27272727272727,-4.004484821666371
🧪 24 saat (bilgi coin'i),DOGE 24s,📨,24,22-06→23,tümü,131,63.358778625954194,0.9307615120720314
🧪 24 saat (bilgi coin'i),DOGE 24s,📨,24,22-06→23,✅ z>0,66,71.21212121212122,1.4580575352004082
🧪 24 saat (bilgi coin'i),DOGE 24s,📨,24,22-06→23,⚠️ −1<z≤0,44,52.27272727272727,-0.3874319523031063
🧪 24 saat (bilgi coin'i),DOGE 24s,📨,24,22-06→23,⛔ z≤−1,21,61.904761904761905,2.035474602835518
🧪 24 saat (bilgi coin'i),DOGE 24s,📨,24,2024+,tümü,195,60.51282051282051,0.6375334859505677
🧪 24 saat (bilgi coin'i),DOGE 24s,📨,24,2024+,✅ z>0,86,67.44186046511628,0.8907122507760693
🧪 24 saat (bilgi coin'i),DOGE 24s,📨,24,2024+,⚠️ −1<z≤0,59,54.23728813559322,0.2892112027184438
🧪 24 saat (bilgi coin'i),DOGE 24s,📨,24,2024+,⛔ z≤−1,50,56.00000000000001,0.6130863046646118
🧪 24 saat (bilgi coin'i),DOGE 24s,📨,24,2026,tümü,49,67.3469387755102,0.7140060549366231
🧪 24 saat (bilgi coin'i),DOGE 24s,📨,24,2026,✅ z>0,26,76.92307692307693,1.5293593483704784
🧪 24 saat (bilgi coin'i),DOGE 24s,📨,24,2026,⚠️ −1<z≤0,13,46.15384615384615,-0.6922870980776273
🧪 24 saat (bilgi coin'i),DOGE 24s,📨,24,2026,⛔ z≤−1,10,70.0,0.4222685909271239
🧪 24 saat,SUI 24s,📨,24,22-06→23,tümü,0,,
🧪 24 saat,SUI 24s,📨,24,22-06→23,✅ z>0,0,,
🧪 24 saat,SUI 24s,📨,24,22-06→23,⚠️ −1<z≤0,0,,
🧪 24 saat,SUI 24s,📨,24,22-06→23,⛔ z≤−1,0,,
🧪 24 saat,SUI 24s,📨,24,2024+,tümü,140,52.85714285714286,1.2554382811273845
🧪 24 saat,SUI 24s,📨,24,2024+,✅ z>0,66,59.09090909090909,1.5373085933743098
🧪 24 saat,SUI 24s,📨,24,2024+,⚠️ −1<z≤0,49,44.89795918367347,0.2442849614668867
🧪 24 saat,SUI 24s,📨,24,2024+,⛔ z≤−1,25,52.0,2.493161163330078
🧪 24 saat,SUI 24s,📨,24,2026,tümü,54,46.2962962962963,0.6796449571185641
🧪 24 saat,SUI 24s,📨,24,2026,✅ z>0,33,48.484848484848484,0.9590988355694394
🧪 24 saat,SUI 24s,📨,24,2026,⚠️ −1<z≤0,14,42.857142857142854,-0.0944011592864989
🧪 24 saat,SUI 24s,📨,24,2026,⛔ z≤−1,7,42.857142857142854,0.9103117629459926
🧪 24 saat,BTC 24s,📨,24,22-06→23,tümü,96,52.083333333333336,-0.0427228767673175
🧪 24 saat,BTC 24s,📨,24,22-06→23,✅ z>0,48,45.83333333333333,0.36931341548760743
🧪 24 saat,BTC 24s,📨,24,22-06→23,⚠️ −1<z≤0,26,53.84615384615385,-0.6746539809153631
🧪 24 saat,BTC 24s,📨,24,22-06→23,⛔ z≤−1,22,63.63636363636363,-0.19488348223946295
🧪 24 saat,BTC 24s,📨,24,2024+,tümü,200,54.0,0.05710440039634711
🧪 24 saat,BTC 24s,📨,24,2024+,✅ z>0,69,60.86956521739131,0.4939330521182738
🧪 24 saat,BTC 24s,📨,24,2024+,⚠️ −1<z≤0,58,53.44827586206896,0.260078350922157
🧪 24 saat,BTC 24s,📨,24,2024+,⛔ z≤−1,73,47.94520547945205,-0.5170554091832409
🧪 24 saat,BTC 24s,📨,24,2026,tümü,58,50.0,-0.15998764399824478
🧪 24 saat,BTC 24s,📨,24,2026,✅ z>0,21,42.857142857142854,0.0952980023338681
🧪 24 saat,BTC 24s,📨,24,2026,⚠️ −1<z≤0,17,52.94117647058824,0.08576474862940174
🧪 24 saat,BTC 24s,📨,24,2026,⛔ z≤−1,20,55.00000000000001,-0.6369271063804627
🧪 24 saat,BNB 24s,📨,24,22-06→23,tümü,0,,
🧪 24 saat,BNB 24s,📨,24,22-06→23,✅ z>0,0,,
🧪 24 saat,BNB 24s,📨,24,22-06→23,⚠️ −1<z≤0,0,,
🧪 24 saat,BNB 24s,📨,24,22-06→23,⛔ z≤−1,0,,
🧪 24 saat,BNB 24s,📨,24,2024+,tümü,75,48.0,-0.3536040369669597
🧪 24 saat,BNB 24s,📨,24,2024+,✅ z>0,29,44.827586206896555,-0.26723777540798827
🧪 24 saat,BNB 24s,📨,24,2024+,⚠️ −1<z≤0,26,50.0,-0.387493474300091
🧪 24 saat,BNB 24s,📨,24,2024+,⛔ z≤−1,20,50.0,-0.43477884769439695
🧪 24 saat,BNB 24s,📨,24,2026,tümü,63,50.79365079365079,-0.27181192458622033
🧪 24 saat,BNB 24s,📨,24,2026,✅ z>0,22,45.45454545454545,-0.5986204203692349
🧪 24 saat,BNB 24s,📨,24,2026,⚠️ −1<z≤0,23,52.17391304347826,0.12376687132793919
🧪 24 saat,BNB 24s,📨,24,2026,⛔ z≤−1,18,55.55555555555556,-0.3778411134084065
🧪 24 saat,FLOKI 24s,📨,24,22-06→23,tümü,0,,
🧪 24 saat,FLOKI 24s,📨,24,22-06→23,✅ z>0,0,,
🧪 24 saat,FLOKI 24s,📨,24,22-06→23,⚠️ −1<z≤0,0,,
🧪 24 saat,FLOKI 24s,📨,24,22-06→23,⛔ z≤−1,0,,
🧪 24 saat,FLOKI 24s,📨,24,2024+,tümü,127,53.54330708661418,0.197730168920802
🧪 24 saat,FLOKI 24s,📨,24,2024+,✅ z>0,52,53.84615384615385,0.7834747327291046
🧪 24 saat,FLOKI 24s,📨,24,2024+,⚠️ −1<z≤0,49,51.02040816326531,-0.8109047015832396
🧪 24 saat,FLOKI 24s,📨,24,2024+,⛔ z≤−1,26,57.692307692307686,0.9271298357156609
🧪 24 saat,FLOKI 24s,📨,24,2026,tümü,45,53.333333333333336,0.5529303169250487
🧪 24 saat,FLOKI 24s,📨,24,2026,✅ z>0,18,50.0,0.4928141980701025
🧪 24 saat,FLOKI 24s,📨,24,2026,⚠️ −1<z≤0,16,62.5,1.1707528746128082
🧪 24 saat,FLOKI 24s,📨,24,2026,⛔ z≤−1,11,45.45454545454545,-0.24734884522177933
🧪 24 saat,DOT 24s,📨,24,22-06→23,tümü,102,50.98039215686274,0.2109413396610933
🧪 24 saat,DOT 24s,📨,24,22-06→23,✅ z>0,49,38.775510204081634,-0.420569209857863
🧪 24 saat,DOT 24s,📨,24,22-06→23,⚠️ −1<z≤0,35,65.71428571428571,0.6886371503557478
🧪 24 saat,DOT 24s,📨,24,22-06→23,⛔ z≤−1,18,55.55555555555556,1.0012004258897569
🧪 24 saat,DOT 24s,📨,24,2024+,tümü,148,57.432432432432435,0.39310055861601956
🧪 24 saat,DOT 24s,📨,24,2024+,✅ z>0,76,65.78947368421053,1.7591585166830765
🧪 24 saat,DOT 24s,📨,24,2024+,⚠️ −1<z≤0,44,47.72727272727273,-1.056771522435275
🧪 24 saat,DOT 24s,📨,24,2024+,⛔ z≤−1,28,50.0,-1.0364006287711007
🧪 24 saat,DOT 24s,📨,24,2026,tümü,30,56.666666666666664,-0.5902980947494505
🧪 24 saat,DOT 24s,📨,24,2026,✅ z>0,15,66.66666666666666,0.28900770505269396
🧪 24 saat,DOT 24s,📨,24,2026,⚠️ −1<z≤0,11,36.36363636363637,-2.150788497057828
🧪 24 saat,DOT 24s,📨,24,2026,⛔ z≤−1,4,75.0,0.4036537623405458
🧪 24 saat (bilgi coin'i),NEAR 24s,📨,24,22-06→23,tümü,84,54.761904761904766,0.35966567641212815
🧪 24 saat (bilgi coin'i),NEAR 24s,📨,24,22-06→23,✅ z>0,39,58.97435897435898,0.15767360809521808
🧪 24 saat (bilgi coin'i),NEAR 24s,📨,24,22-06→23,⚠️ −1<z≤0,36,52.77777777777778,0.5476534514957004
🧪 24 saat (bilgi coin'i),NEAR 24s,📨,24,22-06→23,⛔ z≤−1,9,44.44444444444444,0.483013538784451
🧪 24 saat (bilgi coin'i),NEAR 24s,📨,24,2024+,tümü,174,52.87356321839081,1.1978048280189775
🧪 24 saat (bilgi coin'i),NEAR 24s,📨,24,2024+,✅ z>0,94,51.06382978723404,1.0906600367769281
🧪 24 saat (bilgi coin'i),NEAR 24s,📨,24,2024+,⚠️ −1<z≤0,57,56.14035087719298,1.295856893606353
🧪 24 saat (bilgi coin'i),NEAR 24s,📨,24,2024+,⛔ z≤−1,23,52.17391304347826,1.3927023340308142
🧪 24 saat (bilgi coin'i),NEAR 24s,📨,24,2026,tümü,31,54.83870967741935,0.9804736263521253
🧪 24 saat (bilgi coin'i),NEAR 24s,📨,24,2026,✅ z>0,16,43.75,0.05916871786117526
🧪 24 saat (bilgi coin'i),NEAR 24s,📨,24,2026,⚠️ −1<z≤0,12,66.66666666666666,2.4598818834622693
🧪 24 saat (bilgi coin'i),NEAR 24s,📨,24,2026,⛔ z≤−1,3,66.66666666666666,-0.023533223470051844
🧪 24 saat,LINK 24s,📨,24,22-06→23,tümü,123,52.84552845528455,0.9946158733212849
🧪 24 saat,LINK 24s,📨,24,22-06→23,✅ z>0,69,60.86956521739131,2.1842389727329867
🧪 24 saat,LINK 24s,📨,24,22-06→23,⚠️ −1<z≤0,39,38.46153846153847,-0.8296840572357183
🧪 24 saat,LINK 24s,📨,24,22-06→23,⛔ z≤−1,15,53.333333333333336,0.2655294354756673
🧪 24 saat,LINK 24s,📨,24,2024+,tümü,183,55.19125683060109,0.46631826692591577
🧪 24 saat,LINK 24s,📨,24,2024+,✅ z>0,80,58.75,0.9012088990211484
🧪 24 saat,LINK 24s,📨,24,2024+,⚠️ −1<z≤0,54,57.407407407407405,0.28741913089045773
🧪 24 saat,LINK 24s,📨,24,2024+,⛔ z≤−1,49,46.93877551020408,-0.04655310494559139
🧪 24 saat,LINK 24s,📨,24,2026,tümü,50,50.0,-0.5752391004562377
🧪 24 saat,LINK 24s,📨,24,2026,✅ z>0,20,55.00000000000001,0.028022310733795235
🧪 24 saat,LINK 24s,📨,24,2026,⚠️ −1<z≤0,16,50.0,-1.0953114116191862
🧪 24 saat,LINK 24s,📨,24,2026,⛔ z≤−1,14,42.857142857142854,-0.8426727608272006
🧪 24 saat,SHIB 24s,📨,24,22-06→23,tümü,106,53.77358490566038,0.4248492583688698
🧪 24 saat,SHIB 24s,📨,24,22-06→23,✅ z>0,47,46.808510638297875,-0.2152112774138757
🧪 24 saat,SHIB 24s,📨,24,22-06→23,⚠️ −1<z≤0,45,66.66666666666666,1.3369466347164582
🧪 24 saat,SHIB 24s,📨,24,22-06→23,⛔ z≤−1,14,35.714285714285715,-0.35811765262058787
🧪 24 saat,SHIB 24s,📨,24,2024+,tümü,202,58.415841584158414,1.0115225995885262
🧪 24 saat,SHIB 24s,📨,24,2024+,✅ z>0,98,61.224489795918366,2.047724391294986
🧪 24 saat,SHIB 24s,📨,24,2024+,⚠️ −1<z≤0,62,58.06451612903226,0.5364840110655752
🧪 24 saat,SHIB 24s,📨,24,2024+,⛔ z≤−1,42,52.38095238095239,-0.7050341408593314
🧪 24 saat,SHIB 24s,📨,24,2026,tümü,47,61.702127659574465,0.8714469619507482
🧪 24 saat,SHIB 24s,📨,24,2026,✅ z>0,27,55.55555555555556,0.9755805835017453
🧪 24 saat,SHIB 24s,📨,24,2026,⚠️ −1<z≤0,11,63.63636363636363,0.3582002084905451
🧪 24 saat,SHIB 24s,📨,24,2026,⛔ z≤−1,9,77.77777777777779,1.1863476848602297
🧪 24 saat (bilgi coin'i),PEPE 24s,📨,24,22-06→23,tümü,0,,
🧪 24 saat (bilgi coin'i),PEPE 24s,📨,24,22-06→23,✅ z>0,0,,
🧪 24 saat (bilgi coin'i),PEPE 24s,📨,24,22-06→23,⚠️ −1<z≤0,0,,
🧪 24 saat (bilgi coin'i),PEPE 24s,📨,24,22-06→23,⛔ z≤−1,0,,
🧪 24 saat (bilgi coin'i),PEPE 24s,📨,24,2024+,tümü,110,55.45454545454545,1.6688876529173422
🧪 24 saat (bilgi coin'i),PEPE 24s,📨,24,2024+,✅ z>0,46,58.69565217391305,3.7409439327405853
🧪 24 saat (bilgi coin'i),PEPE 24s,📨,24,2024+,⚠️ −1<z≤0,38,57.89473684210527,1.1903928011342098
🧪 24 saat (bilgi coin'i),PEPE 24s,📨,24,2024+,⛔ z≤−1,26,46.15384615384615,-1.2977194433945878
🧪 24 saat (bilgi coin'i),PEPE 24s,📨,24,2026,tümü,44,56.81818181818182,1.9670697773586623
🧪 24 saat (bilgi coin'i),PEPE 24s,📨,24,2026,✅ z>0,19,57.89473684210527,3.910752082623934
🧪 24 saat (bilgi coin'i),PEPE 24s,📨,24,2026,⚠️ −1<z≤0,16,68.75,1.7481110310554504
🧪 24 saat (bilgi coin'i),PEPE 24s,📨,24,2026,⛔ z≤−1,9,33.33333333333333,-1.7469995403289793
🧪 24 saat,APT 24s,📨,24,22-06→23,tümü,14,64.28571428571429,1.6512685973303656
🧪 24 saat,APT 24s,📨,24,22-06→23,✅ z>0,6,83.33333333333334,3.492434503237406
🧪 24 saat,APT 24s,📨,24,22-06→23,⚠️ −1<z≤0,7,57.14285714285714,0.3943807697296145
🧪 24 saat,APT 24s,📨,24,22-06→23,⛔ z≤−1,1,0.0,-0.5975120449066162
🧪 24 saat,APT 24s,📨,24,2024+,tümü,199,48.743718592964825,-0.19516709442713756
🧪 24 saat,APT 24s,📨,24,2024+,✅ z>0,99,47.474747474747474,0.1610949934371792
🧪 24 saat,APT 24s,📨,24,2024+,⚠️ −1<z≤0,62,54.83870967741935,-0.6289424393253943
🧪 24 saat,APT 24s,📨,24,2024+,⛔ z≤−1,38,42.10526315789473,-0.4155848658712289
🧪 24 saat,APT 24s,📨,24,2026,tümü,49,48.97959183673469,-0.21078944614955347
🧪 24 saat,APT 24s,📨,24,2026,✅ z>0,21,47.61904761904761,0.7156041081746419
🧪 24 saat,APT 24s,📨,24,2026,⚠️ −1<z≤0,20,65.0,-0.05141369342803939
🧪 24 saat,APT 24s,📨,24,2026,⛔ z≤−1,8,12.5,-3.0410119080543514
🧪 24 saat,ARB 24s,📨,24,22-06→23,tümü,0,,
🧪 24 saat,ARB 24s,📨,24,22-06→23,✅ z>0,0,,
🧪 24 saat,ARB 24s,📨,24,22-06→23,⚠️ −1<z≤0,0,,
🧪 24 saat,ARB 24s,📨,24,22-06→23,⛔ z≤−1,0,,
🧪 24 saat,ARB 24s,📨,24,2024+,tümü,140,49.28571428571429,0.1582792360442025
🧪 24 saat,ARB 24s,📨,24,2024+,✅ z>0,79,49.36708860759494,0.2521037281615823
🧪 24 saat,ARB 24s,📨,24,2024+,⚠️ −1<z≤0,43,48.837209302325576,0.15336148749950326
🧪 24 saat,ARB 24s,📨,24,2024+,⛔ z≤−1,18,50.0,-0.24175808005862778
🧪 24 saat,ARB 24s,📨,24,2026,tümü,38,42.10526315789473,0.7088486013914409
🧪 24 saat,ARB 24s,📨,24,2026,✅ z>0,21,47.61904761904761,1.9360043848128543
🧪 24 saat,ARB 24s,📨,24,2026,⚠️ −1<z≤0,13,30.76923076923077,-1.2186667200235222
🧪 24 saat,ARB 24s,📨,24,2026,⛔ z≤−1,4,50.0,0.5307055330276491
🧪 24 saat,ETH 24s,📨,24,22-06→23,tümü,106,51.886792452830186,-0.06234375701760354
🧪 24 saat,ETH 24s,📨,24,22-06→23,✅ z>0,57,50.877192982456144,0.10908449691638611
🧪 24 saat,ETH 24s,📨,24,22-06→23,⚠️ −1<z≤0,29,48.275862068965516,-0.19983910396181304
🧪 24 saat,ETH 24s,📨,24,22-06→23,⛔ z≤−1,20,60.0,-0.35154602766036985
🧪 24 saat,ETH 24s,📨,24,2024+,tümü,178,56.17977528089888,0.15247367810667223
🧪 24 saat,ETH 24s,📨,24,2024+,✅ z>0,58,60.3448275862069,1.3780672579798205
🧪 24 saat,ETH 24s,📨,24,2024+,⚠️ −1<z≤0,54,53.70370370370371,-0.31106271849738215
🧪 24 saat,ETH 24s,📨,24,2024+,⛔ z≤−1,66,54.54545454545454,-0.5453060524391405
🧪 24 saat,ETH 24s,📨,24,2026,tümü,47,40.42553191489361,-0.6839766985304813
🧪 24 saat,ETH 24s,📨,24,2026,✅ z>0,13,46.15384615384615,0.060538363823523886
🧪 24 saat,ETH 24s,📨,24,2026,⚠️ −1<z≤0,17,29.411764705882355,-1.8624940580480236
🧪 24 saat,ETH 24s,📨,24,2026,⛔ z≤−1,17,47.05882352941176,-0.07479438669541305
🧪 24 saat,OP 24s,📨,24,22-06→23,tümü,46,52.17391304347826,1.0500139808654785
🧪 24 saat,OP 24s,📨,24,22-06→23,✅ z>0,27,59.25925925925925,1.9253483673378275
🧪 24 saat,OP 24s,📨,24,22-06→23,⚠️ −1<z≤0,16,37.5,-0.14450035333633415
🧪 24 saat,OP 24s,📨,24,22-06→23,⛔ z≤−1,3,66.66666666666666,-0.4572523816426596
🧪 24 saat,OP 24s,📨,24,2024+,tümü,176,52.27272727272727,0.12875118017196646
🧪 24 saat,OP 24s,📨,24,2024+,✅ z>0,87,52.87356321839081,0.27373514526191767
🧪 24 saat,OP 24s,📨,24,2024+,⚠️ −1<z≤0,66,54.54545454545454,0.03343301267334891
🧪 24 saat,OP 24s,📨,24,2024+,⛔ z≤−1,23,43.47826086956522,-0.14614472886790383
🧪 24 saat,OP 24s,📨,24,2026,tümü,53,32.075471698113205,-1.1717150772742502
🧪 24 saat,OP 24s,📨,24,2026,✅ z>0,27,29.629629629629626,-1.1025784043912534
🧪 24 saat,OP 24s,📨,24,2026,⚠️ −1<z≤0,20,35.0,-1.3908448004722598
🧪 24 saat,OP 24s,📨,24,2026,⛔ z≤−1,6,33.33333333333333,-0.7523976945877073
⛓️ ETH,⛓️ AL-2,📨,168,22-06→23,tümü,8,75.0,4.6656958168028435
⛓️ ETH,⛓️ AL-2,📨,168,22-06→23,✅ z>0,5,80.0,7.129215634844159
⛓️ ETH,⛓️ AL-2,📨,168,22-06→23,⚠️ −1<z≤0,0,,
⛓️ ETH,⛓️ AL-2,📨,168,22-06→23,⛔ z≤−1,3,66.66666666666666,0.5598294534006539
⛓️ ETH,⛓️ AL-2,📨,168,2024+,tümü,15,66.66666666666666,4.621449130453614
⛓️ ETH,⛓️ AL-2,📨,168,2024+,✅ z>0,7,85.71428571428571,5.170219647040758
⛓️ ETH,⛓️ AL-2,📨,168,2024+,⚠️ −1<z≤0,4,50.0,0.6630015613972653
⛓️ ETH,⛓️ AL-2,📨,168,2024+,⛔ z≤−1,4,50.0,7.619548295482462
⛓️ ETH,⛓️ AL-2,📨,168,2026,tümü,4,50.0,4.453667421035558
⛓️ ETH,⛓️ AL-2,📨,168,2026,✅ z>0,1,100.0,6.754925779412297
⛓️ ETH,⛓️ AL-2,📨,168,2026,⚠️ −1<z≤0,1,0.0,-3.218866914167133
⛓️ ETH,⛓️ AL-2,📨,168,2026,⛔ z≤−1,2,50.0,7.139305409448532
⛓️ ETH,⛓️ AL-1,📨,168,22-06→23,tümü,6,66.66666666666666,2.3158650271630803
⛓️ ETH,⛓️ AL-1,📨,168,22-06→23,✅ z>0,3,100.0,2.7578447062426767
⛓️ ETH,⛓️ AL-1,📨,168,22-06→23,⚠️ −1<z≤0,2,50.0,4.569763728634031
⛓️ ETH,⛓️ AL-1,📨,168,22-06→23,⛔ z≤−1,1,0.0,-3.5178714130176076
⛓️ ETH,⛓️ AL-1,📨,168,2024+,tümü,13,69.23076923076923,2.7563749434864024
⛓️ ETH,⛓️ AL-1,📨,168,2024+,✅ z>0,9,66.66666666666666,3.978393346463512
⛓️ ETH,⛓️ AL-1,📨,168,2024+,⚠️ −1<z≤0,4,75.0,0.006833536787907474
⛓️ ETH,⛓️ AL-1,📨,168,2024+,⛔ z≤−1,0,,
⛓️ ETH,⛓️ AL-1,📨,168,2026,tümü,4,100.0,0.7592559498841644
⛓️ ETH,⛓️ AL-1,📨,168,2026,✅ z>0,3,100.0,0.8982681333297708
⛓️ ETH,⛓️ AL-1,📨,168,2026,⚠️ −1<z≤0,1,100.0,0.3422193995473455
⛓️ ETH,⛓️ AL-1,📨,168,2026,⛔ z≤−1,0,,
⛓️ ETH,⛓️ AL-3,📨,72,22-06→23,tümü,19,57.89473684210527,1.904192347634584
⛓️ ETH,⛓️ AL-3,📨,72,22-06→23,✅ z>0,13,61.53846153846154,2.1777191672359804
⛓️ ETH,⛓️ AL-3,📨,72,22-06→23,⚠️ −1<z≤0,4,75.0,3.3243767178225374
⛓️ ETH,⛓️ AL-3,📨,72,22-06→23,⛔ z≤−1,2,0.0,-2.7141007201504017
⛓️ ETH,⛓️ AL-3,📨,72,2024+,tümü,47,53.191489361702125,1.8373497957771034
⛓️ ETH,⛓️ AL-3,📨,72,2024+,✅ z>0,29,62.06896551724138,3.429225534585011
⛓️ ETH,⛓️ AL-3,📨,72,2024+,⚠️ −1<z≤0,16,43.75,-0.07471316071361103
⛓️ ETH,⛓️ AL-3,📨,72,2024+,⛔ z≤−1,2,0.0,-5.948344765011853
⛓️ ETH,⛓️ AL-3,📨,72,2026,tümü,13,53.84615384615385,1.999064506226225
⛓️ ETH,⛓️ AL-3,📨,72,2026,✅ z>0,9,55.55555555555556,3.4310387147570522
⛓️ ETH,⛓️ AL-3,📨,72,2026,⚠️ −1<z≤0,4,50.0,-1.2228774629681347
⛓️ ETH,⛓️ AL-3,📨,72,2026,⛔ z≤−1,0,,
⛓️ ETH,⛓️ SAT-1,📨,168,22-06→23,tümü,6,100.0,4.011831157762255
⛓️ ETH,⛓️ SAT-1,📨,168,22-06→23,✅ z>0,1,100.0,2.9439877308908358
⛓️ ETH,⛓️ SAT-1,📨,168,22-06→23,⚠️ −1<z≤0,3,100.0,3.840943687886144
⛓️ ETH,⛓️ SAT-1,📨,168,22-06→23,⛔ z≤−1,2,100.0,4.802084076012132
⛓️ ETH,⛓️ SAT-1,📨,168,2024+,tümü,10,100.0,7.325420527943281
⛓️ ETH,⛓️ SAT-1,📨,168,2024+,✅ z>0,1,100.0,12.059184732041935
⛓️ ETH,⛓️ SAT-1,📨,168,2024+,⚠️ −1<z≤0,5,100.0,8.631121081647155
⛓️ ETH,⛓️ SAT-1,📨,168,2024+,⛔ z≤−1,4,100.0,4.509853784788774
⛓️ ETH,⛓️ SAT-1,📨,168,2026,tümü,1,100.0,6.0352861149100505
⛓️ ETH,⛓️ SAT-1,📨,168,2026,✅ z>0,0,,
⛓️ ETH,⛓️ SAT-1,📨,168,2026,⚠️ −1<z≤0,1,100.0,6.0352861149100505
⛓️ ETH,⛓️ SAT-1,📨,168,2026,⛔ z≤−1,0,,
🧑 küçük yatırımcı,🧑 BTC AL,📨,168,22-06→23,tümü,11,72.72727272727273,5.048481563175626
🧑 küçük yatırımcı,🧑 BTC AL,📨,168,22-06→23,✅ z>0,10,70.0,3.9817076636579753
🧑 küçük yatırımcı,🧑 BTC AL,📨,168,22-06→23,⚠️ −1<z≤0,0,,
🧑 küçük yatırımcı,🧑 BTC AL,📨,168,22-06→23,⛔ z≤−1,1,100.0,15.716220558352129
🧑 küçük yatırımcı,🧑 BTC AL,📨,168,2024+,tümü,28,71.42857142857143,3.1639266266781534
🧑 küçük yatırımcı,🧑 BTC AL,📨,168,2024+,✅ z>0,10,70.0,4.161418561379702
🧑 küçük yatırımcı,🧑 BTC AL,📨,168,2024+,⚠️ −1<z≤0,14,71.42857142857143,1.4691795054778158
🧑 küçük yatırımcı,🧑 BTC AL,📨,168,2024+,⛔ z≤−1,4,75.0,6.601811714125458
🧑 küçük yatırımcı,🧑 BTC AL,📨,168,2026,tümü,8,75.0,3.090241890175886
🧑 küçük yatırımcı,🧑 BTC AL,📨,168,2026,✅ z>0,3,66.66666666666666,0.028223590748080566
🧑 küçük yatırımcı,🧑 BTC AL,📨,168,2026,⚠️ −1<z≤0,3,66.66666666666666,-0.23955267150193457
🧑 küçük yatırımcı,🧑 BTC AL,📨,168,2026,⛔ z≤−1,2,100.0,12.677961181834323
🧑 küçük yatırımcı,🧑 ETH AL,📨,168,22-06→23,tümü,11,72.72727272727273,3.4862007214842015
🧑 küçük yatırımcı,🧑 ETH AL,📨,168,22-06→23,✅ z>0,10,70.0,2.96399866844597
🧑 küçük yatırımcı,🧑 ETH AL,📨,168,22-06→23,⚠️ −1<z≤0,0,,
🧑 küçük yatırımcı,🧑 ETH AL,📨,168,22-06→23,⛔ z≤−1,1,100.0,8.708221251866517
🧑 küçük yatırımcı,🧑 ETH AL,📨,168,2024+,tümü,28,60.71428571428571,3.9179986103534743
🧑 küçük yatırımcı,🧑 ETH AL,📨,168,2024+,✅ z>0,12,66.66666666666666,3.6180130204996046
🧑 küçük yatırımcı,🧑 ETH AL,📨,168,2024+,⚠️ −1<z≤0,11,54.54545454545454,2.7293406630216674
🧑 küçük yatırımcı,🧑 ETH AL,📨,168,2024+,⛔ z≤−1,5,60.0,7.253011510132737
🧑 küçük yatırımcı,🧑 ETH AL,📨,168,2026,tümü,8,62.5,2.828586785830937
🧑 küçük yatırımcı,🧑 ETH AL,📨,168,2026,✅ z>0,3,66.66666666666666,-0.35233708214624876
🧑 küçük yatırımcı,🧑 ETH AL,📨,168,2026,⚠️ −1<z≤0,3,66.66666666666666,1.1473338108733144
🧑 küçük yatırımcı,🧑 ETH AL,📨,168,2026,⛔ z≤−1,2,50.0,10.121852050233148
